{"__type":"$$EventMessageAudit","id":"0251ae2f-7b5f-4b35-8dbe-3256c8905065","ts":"2025-12-04T19:22:28.535+00:00","eventName":"n8n.audit.workflow.updated","message":"n8n.audit.workflow.updated","payload":{"userId":"498bef95-03bb-4197-9e55-6e2fe02f721f","_email":"g273300620@unitru.edu.pe","_firstName":"cristian","_lastName":"g273300620@unitru.edu.pe","globalRole":"global:owner","workflowId":"8y5ALZTU2BvkIrm4","workflowName":"General"}}
{"__type":"$$EventMessageConfirm","confirm":"0251ae2f-7b5f-4b35-8dbe-3256c8905065","ts":"2025-12-04T19:22:28.535+00:00","source":{"id":"0","name":"eventBus"}}
{"__type":"$$EventMessageWorkflow","id":"6253e156-abcc-4abc-8ce7-0f372c1c4734","ts":"2025-12-04T14:23:57.443-05:00","eventName":"n8n.workflow.started","message":"n8n.workflow.started","payload":{"executionId":"1","workflowId":"8y5ALZTU2BvkIrm4","isManual":false,"workflowName":"General"}}
{"__type":"$$EventMessageConfirm","confirm":"6253e156-abcc-4abc-8ce7-0f372c1c4734","ts":"2025-12-04T14:23:57.443-05:00","source":{"id":"0","name":"eventBus"}}
{"__type":"$$EventMessageNode","id":"6c564b8a-9863-4c25-8977-1dcace7aa29d","ts":"2025-12-04T14:23:57.444-05:00","eventName":"n8n.node.started","message":"n8n.node.started","payload":{"workflowId":"8y5ALZTU2BvkIrm4","workflowName":"General","executionId":"1","nodeType":"n8n-nodes-base.webhook","nodeName":"📱 Streamlit Webhook","nodeId":"ae8059ee-5c26-4af5-83ea-0b147821a989"}}
{"__type":"$$EventMessageConfirm","confirm":"6c564b8a-9863-4c25-8977-1dcace7aa29d","ts":"2025-12-04T14:23:57.445-05:00","source":{"id":"0","name":"eventBus"}}
{"__type":"$$EventMessageNode","id":"c5122148-9b13-47a0-a4bc-c4ad2640be82","ts":"2025-12-04T14:23:57.446-05:00","eventName":"n8n.node.finished","message":"n8n.node.finished","payload":{"workflowId":"8y5ALZTU2BvkIrm4","workflowName":"General","executionId":"1","nodeType":"n8n-nodes-base.webhook","nodeName":"📱 Streamlit Webhook","nodeId":"ae8059ee-5c26-4af5-83ea-0b147821a989"}}
{"__type":"$$EventMessageConfirm","confirm":"c5122148-9b13-47a0-a4bc-c4ad2640be82","ts":"2025-12-04T14:23:57.446-05:00","source":{"id":"0","name":"eventBus"}}
{"__type":"$$EventMessageNode","id":"9fca656f-9c1c-4a67-982e-d088f1964cf5","ts":"2025-12-04T14:23:57.447-05:00","eventName":"n8n.node.started","message":"n8n.node.started","payload":{"workflowId":"8y5ALZTU2BvkIrm4","workflowName":"General","executionId":"1","nodeType":"n8n-nodes-base.function","nodeName":"Process Travel Data","nodeId":"02497c10-01cd-4448-8373-576a8cdff0cf"}}
{"__type":"$$EventMessageConfirm","confirm":"9fca656f-9c1c-4a67-982e-d088f1964cf5","ts":"2025-12-04T14:23:57.448-05:00","source":{"id":"0","name":"eventBus"}}
{"__type":"$$EventMessageNode","id":"3cf3bda1-3426-41c4-9625-2bd75276d371","ts":"2025-12-04T14:23:57.492-05:00","eventName":"n8n.node.finished","message":"n8n.node.finished","payload":{"workflowId":"8y5ALZTU2BvkIrm4","workflowName":"General","executionId":"1","nodeType":"n8n-nodes-base.function","nodeName":"Process Travel Data","nodeId":"02497c10-01cd-4448-8373-576a8cdff0cf"}}
{"__type":"$$EventMessageConfirm","confirm":"3cf3bda1-3426-41c4-9625-2bd75276d371","ts":"2025-12-04T14:23:57.492-05:00","source":{"id":"0","name":"eventBus"}}
{"__type":"$$EventMessageNode","id":"925e75fd-e016-402d-a5f1-66b5b38bd6e3","ts":"2025-12-04T14:23:57.492-05:00","eventName":"n8n.node.started","message":"n8n.node.started","payload":{"workflowId":"8y5ALZTU2BvkIrm4","workflowName":"General","executionId":"1","nodeType":"n8n-nodes-base.httpRequest","nodeName":"✈️ Skyscanner Flights","nodeId":"6d1d14dd-30a6-4993-a0b8-2e926b5e6f7d"}}
{"__type":"$$EventMessageConfirm","confirm":"925e75fd-e016-402d-a5f1-66b5b38bd6e3","ts":"2025-12-04T14:23:57.492-05:00","source":{"id":"0","name":"eventBus"}}
{"__type":"$$EventMessageNode","id":"43371661-f63f-4c60-9815-fd907041d207","ts":"2025-12-04T14:24:02.725-05:00","eventName":"n8n.node.finished","message":"n8n.node.finished","payload":{"workflowId":"8y5ALZTU2BvkIrm4","workflowName":"General","executionId":"1","nodeType":"n8n-nodes-base.httpRequest","nodeName":"✈️ Skyscanner Flights","nodeId":"6d1d14dd-30a6-4993-a0b8-2e926b5e6f7d"}}
{"__type":"$$EventMessageConfirm","confirm":"43371661-f63f-4c60-9815-fd907041d207","ts":"2025-12-04T14:24:02.726-05:00","source":{"id":"0","name":"eventBus"}}
{"__type":"$$EventMessageNode","id":"409438da-0fab-41df-b934-6fb954dcc2d1","ts":"2025-12-04T14:24:02.726-05:00","eventName":"n8n.node.started","message":"n8n.node.started","payload":{"workflowId":"8y5ALZTU2BvkIrm4","workflowName":"General","executionId":"1","nodeType":"n8n-nodes-base.httpRequest","nodeName":"🗝️ Amadeus Auth Token","nodeId":"ddee2ef7-119f-4f23-8649-7285c81ad086"}}
{"__type":"$$EventMessageConfirm","confirm":"409438da-0fab-41df-b934-6fb954dcc2d1","ts":"2025-12-04T14:24:02.726-05:00","source":{"id":"0","name":"eventBus"}}
{"__type":"$$EventMessageNode","id":"c8843b39-0635-4dce-9ff0-c47df9a33f90","ts":"2025-12-04T14:24:04.474-05:00","eventName":"n8n.node.finished","message":"n8n.node.finished","payload":{"workflowId":"8y5ALZTU2BvkIrm4","workflowName":"General","executionId":"1","nodeType":"n8n-nodes-base.httpRequest","nodeName":"🗝️ Amadeus Auth Token","nodeId":"ddee2ef7-119f-4f23-8649-7285c81ad086"}}
{"__type":"$$EventMessageConfirm","confirm":"c8843b39-0635-4dce-9ff0-c47df9a33f90","ts":"2025-12-04T14:24:04.475-05:00","source":{"id":"0","name":"eventBus"}}
{"__type":"$$EventMessageNode","id":"a44b42c8-3708-4b6d-8b6b-7f94bbc53f97","ts":"2025-12-04T14:24:04.476-05:00","eventName":"n8n.node.started","message":"n8n.node.started","payload":{"workflowId":"8y5ALZTU2BvkIrm4","workflowName":"General","executionId":"1","nodeType":"n8n-nodes-base.httpRequest","nodeName":"🏨 Amadeus Hotels Search","nodeId":"335375c3-b2c4-488a-a187-5db699984bb5"}}
{"__type":"$$EventMessageConfirm","confirm":"a44b42c8-3708-4b6d-8b6b-7f94bbc53f97","ts":"2025-12-04T14:24:04.476-05:00","source":{"id":"0","name":"eventBus"}}
{"__type":"$$EventMessageNode","id":"884d7ff9-811e-48b4-aeeb-2e9b06b8f0b3","ts":"2025-12-04T14:24:06.367-05:00","eventName":"n8n.node.finished","message":"n8n.node.finished","payload":{"workflowId":"8y5ALZTU2BvkIrm4","workflowName":"General","executionId":"1","nodeType":"n8n-nodes-base.httpRequest","nodeName":"🏨 Amadeus Hotels Search","nodeId":"335375c3-b2c4-488a-a187-5db699984bb5"}}
{"__type":"$$EventMessageConfirm","confirm":"884d7ff9-811e-48b4-aeeb-2e9b06b8f0b3","ts":"2025-12-04T14:24:06.368-05:00","source":{"id":"0","name":"eventBus"}}
{"__type":"$$EventMessageNode","id":"14a0753a-4979-4609-b121-25ce00292502","ts":"2025-12-04T14:24:06.368-05:00","eventName":"n8n.node.started","message":"n8n.node.started","payload":{"workflowId":"8y5ALZTU2BvkIrm4","workflowName":"General","executionId":"1","nodeType":"n8n-nodes-base.code","nodeName":"🧩 Parse Amadeus Hotels","nodeId":"47677723-da63-41ea-8c58-4cff95258258"}}
{"__type":"$$EventMessageConfirm","confirm":"14a0753a-4979-4609-b121-25ce00292502","ts":"2025-12-04T14:24:06.368-05:00","source":{"id":"0","name":"eventBus"}}
{"__type":"$$EventMessageNode","id":"0daf17c3-3d38-4ae0-8967-3fe6c0a3df6f","ts":"2025-12-04T14:24:06.489-05:00","eventName":"n8n.node.finished","message":"n8n.node.finished","payload":{"workflowId":"8y5ALZTU2BvkIrm4","workflowName":"General","executionId":"1","nodeType":"n8n-nodes-base.code","nodeName":"🧩 Parse Amadeus Hotels","nodeId":"47677723-da63-41ea-8c58-4cff95258258"}}
{"__type":"$$EventMessageConfirm","confirm":"0daf17c3-3d38-4ae0-8967-3fe6c0a3df6f","ts":"2025-12-04T14:24:06.489-05:00","source":{"id":"0","name":"eventBus"}}
{"__type":"$$EventMessageNode","id":"3bb231b7-41eb-47cc-9ac5-c940750550f3","ts":"2025-12-04T14:24:06.493-05:00","eventName":"n8n.node.started","message":"n8n.node.started","payload":{"workflowId":"8y5ALZTU2BvkIrm4","workflowName":"General","executionId":"1","nodeType":"n8n-nodes-base.code","nodeName":"Code in JavaScript","nodeId":"9ad265ae-5dcc-402a-9191-c6e7792d671f"}}
{"__type":"$$EventMessageConfirm","confirm":"3bb231b7-41eb-47cc-9ac5-c940750550f3","ts":"2025-12-04T14:24:06.493-05:00","source":{"id":"0","name":"eventBus"}}
{"__type":"$$EventMessageNode","id":"3798225c-7302-44af-b02a-c580308bc252","ts":"2025-12-04T14:24:06.521-05:00","eventName":"n8n.node.finished","message":"n8n.node.finished","payload":{"workflowId":"8y5ALZTU2BvkIrm4","workflowName":"General","executionId":"1","nodeType":"n8n-nodes-base.code","nodeName":"Code in JavaScript","nodeId":"9ad265ae-5dcc-402a-9191-c6e7792d671f"}}
{"__type":"$$EventMessageConfirm","confirm":"3798225c-7302-44af-b02a-c580308bc252","ts":"2025-12-04T14:24:06.521-05:00","source":{"id":"0","name":"eventBus"}}
{"__type":"$$EventMessageNode","id":"95a2b98a-23d7-4fef-9b2c-23d8afff06f9","ts":"2025-12-04T14:24:06.522-05:00","eventName":"n8n.node.started","message":"n8n.node.started","payload":{"workflowId":"8y5ALZTU2BvkIrm4","workflowName":"General","executionId":"1","nodeType":"n8n-nodes-base.function","nodeName":"💡 Generate Travel Recommendations","nodeId":"300dd062-67fe-4694-b4db-81170145ca24"}}
{"__type":"$$EventMessageConfirm","confirm":"95a2b98a-23d7-4fef-9b2c-23d8afff06f9","ts":"2025-12-04T14:24:06.522-05:00","source":{"id":"0","name":"eventBus"}}
{"__type":"$$EventMessageNode","id":"ca9b5f2b-4d9b-40aa-adf5-4228fa27abaa","ts":"2025-12-04T14:24:06.575-05:00","eventName":"n8n.node.finished","message":"n8n.node.finished","payload":{"workflowId":"8y5ALZTU2BvkIrm4","workflowName":"General","executionId":"1","nodeType":"n8n-nodes-base.function","nodeName":"💡 Generate Travel Recommendations","nodeId":"300dd062-67fe-4694-b4db-81170145ca24"}}
{"__type":"$$EventMessageConfirm","confirm":"ca9b5f2b-4d9b-40aa-adf5-4228fa27abaa","ts":"2025-12-04T14:24:06.576-05:00","source":{"id":"0","name":"eventBus"}}
{"__type":"$$EventMessageNode","id":"f6f16343-ec22-4325-ac3f-74e00a951ae2","ts":"2025-12-04T14:24:06.577-05:00","eventName":"n8n.node.started","message":"n8n.node.started","payload":{"workflowId":"8y5ALZTU2BvkIrm4","workflowName":"General","executionId":"1","nodeType":"n8n-nodes-base.supabase","nodeName":"💾 Supabase Storage","nodeId":"5decf8b0-d187-4260-9cad-7841d180e7bb"}}
{"__type":"$$EventMessageConfirm","confirm":"f6f16343-ec22-4325-ac3f-74e00a951ae2","ts":"2025-12-04T14:24:06.578-05:00","source":{"id":"0","name":"eventBus"}}
{"__type":"$$EventMessageNode","id":"29c14679-fe9b-4a46-be49-7de0e5493f6b","ts":"2025-12-04T14:24:06.941-05:00","eventName":"n8n.node.finished","message":"n8n.node.finished","payload":{"workflowId":"8y5ALZTU2BvkIrm4","workflowName":"General","executionId":"1","nodeType":"n8n-nodes-base.supabase","nodeName":"💾 Supabase Storage","nodeId":"5decf8b0-d187-4260-9cad-7841d180e7bb"}}
{"__type":"$$EventMessageConfirm","confirm":"29c14679-fe9b-4a46-be49-7de0e5493f6b","ts":"2025-12-04T14:24:06.942-05:00","source":{"id":"0","name":"eventBus"}}
{"__type":"$$EventMessageWorkflow","id":"a7765593-e226-4fcb-935d-9b71fdca4503","ts":"2025-12-04T14:24:06.945-05:00","eventName":"n8n.workflow.failed","message":"n8n.workflow.failed","payload":{"executionId":"1","success":false,"isManual":false,"workflowId":"8y5ALZTU2BvkIrm4","workflowName":"General","lastNodeExecuted":"💾 Supabase Storage","errorNodeType":"n8n-nodes-base.supabase","errorMessage":"Invalid URL"}}
{"__type":"$$EventMessageConfirm","confirm":"a7765593-e226-4fcb-935d-9b71fdca4503","ts":"2025-12-04T14:24:06.945-05:00","source":{"id":"0","name":"eventBus"}}
{"__type":"$$EventMessageWorkflow","id":"7974a5ba-55f7-40ea-850d-5cc074eaf47c","ts":"2025-12-04T14:30:47.788-05:00","eventName":"n8n.workflow.started","message":"n8n.workflow.started","payload":{"executionId":"2","workflowId":"8y5ALZTU2BvkIrm4","isManual":false,"workflowName":"General"}}
{"__type":"$$EventMessageConfirm","confirm":"7974a5ba-55f7-40ea-850d-5cc074eaf47c","ts":"2025-12-04T14:30:47.788-05:00","source":{"id":"0","name":"eventBus"}}
{"__type":"$$EventMessageNode","id":"b2a57321-7cd7-4edd-a2a4-46158b3df67f","ts":"2025-12-04T14:30:47.789-05:00","eventName":"n8n.node.started","message":"n8n.node.started","payload":{"workflowId":"8y5ALZTU2BvkIrm4","workflowName":"General","executionId":"2","nodeType":"n8n-nodes-base.webhook","nodeName":"📱 Streamlit Webhook","nodeId":"ae8059ee-5c26-4af5-83ea-0b147821a989"}}
{"__type":"$$EventMessageConfirm","confirm":"b2a57321-7cd7-4edd-a2a4-46158b3df67f","ts":"2025-12-04T14:30:47.789-05:00","source":{"id":"0","name":"eventBus"}}
{"__type":"$$EventMessageNode","id":"b210cce9-ee3d-4384-a966-3e2d248289c7","ts":"2025-12-04T14:30:47.789-05:00","eventName":"n8n.node.finished","message":"n8n.node.finished","payload":{"workflowId":"8y5ALZTU2BvkIrm4","workflowName":"General","executionId":"2","nodeType":"n8n-nodes-base.webhook","nodeName":"📱 Streamlit Webhook","nodeId":"ae8059ee-5c26-4af5-83ea-0b147821a989"}}
{"__type":"$$EventMessageConfirm","confirm":"b210cce9-ee3d-4384-a966-3e2d248289c7","ts":"2025-12-04T14:30:47.789-05:00","source":{"id":"0","name":"eventBus"}}
{"__type":"$$EventMessageNode","id":"1cef5218-18d8-4743-80d0-86f78ec01901","ts":"2025-12-04T14:30:47.789-05:00","eventName":"n8n.node.started","message":"n8n.node.started","payload":{"workflowId":"8y5ALZTU2BvkIrm4","workflowName":"General","executionId":"2","nodeType":"n8n-nodes-base.function","nodeName":"Process Travel Data","nodeId":"02497c10-01cd-4448-8373-576a8cdff0cf"}}
{"__type":"$$EventMessageConfirm","confirm":"1cef5218-18d8-4743-80d0-86f78ec01901","ts":"2025-12-04T14:30:47.789-05:00","source":{"id":"0","name":"eventBus"}}
{"__type":"$$EventMessageNode","id":"afe02cc0-4f81-45a6-a3f0-8b45b2a67081","ts":"2025-12-04T14:30:47.805-05:00","eventName":"n8n.node.finished","message":"n8n.node.finished","payload":{"workflowId":"8y5ALZTU2BvkIrm4","workflowName":"General","executionId":"2","nodeType":"n8n-nodes-base.function","nodeName":"Process Travel Data","nodeId":"02497c10-01cd-4448-8373-576a8cdff0cf"}}
{"__type":"$$EventMessageConfirm","confirm":"afe02cc0-4f81-45a6-a3f0-8b45b2a67081","ts":"2025-12-04T14:30:47.805-05:00","source":{"id":"0","name":"eventBus"}}
{"__type":"$$EventMessageNode","id":"f82c8dec-75cb-4c2e-b1c9-518c19ead6c0","ts":"2025-12-04T14:30:47.805-05:00","eventName":"n8n.node.started","message":"n8n.node.started","payload":{"workflowId":"8y5ALZTU2BvkIrm4","workflowName":"General","executionId":"2","nodeType":"n8n-nodes-base.httpRequest","nodeName":"✈️ Skyscanner Flights","nodeId":"6d1d14dd-30a6-4993-a0b8-2e926b5e6f7d"}}
{"__type":"$$EventMessageConfirm","confirm":"f82c8dec-75cb-4c2e-b1c9-518c19ead6c0","ts":"2025-12-04T14:30:47.805-05:00","source":{"id":"0","name":"eventBus"}}
{"__type":"$$EventMessageNode","id":"d2ad5678-fa8a-4b36-8706-b0efae2686e8","ts":"2025-12-04T14:30:51.244-05:00","eventName":"n8n.node.finished","message":"n8n.node.finished","payload":{"workflowId":"8y5ALZTU2BvkIrm4","workflowName":"General","executionId":"2","nodeType":"n8n-nodes-base.httpRequest","nodeName":"✈️ Skyscanner Flights","nodeId":"6d1d14dd-30a6-4993-a0b8-2e926b5e6f7d"}}
{"__type":"$$EventMessageConfirm","confirm":"d2ad5678-fa8a-4b36-8706-b0efae2686e8","ts":"2025-12-04T14:30:51.245-05:00","source":{"id":"0","name":"eventBus"}}
{"__type":"$$EventMessageNode","id":"21d94983-fcf2-4d2b-9444-47727d918777","ts":"2025-12-04T14:30:51.245-05:00","eventName":"n8n.node.started","message":"n8n.node.started","payload":{"workflowId":"8y5ALZTU2BvkIrm4","workflowName":"General","executionId":"2","nodeType":"n8n-nodes-base.httpRequest","nodeName":"🗝️ Amadeus Auth Token","nodeId":"ddee2ef7-119f-4f23-8649-7285c81ad086"}}
{"__type":"$$EventMessageConfirm","confirm":"21d94983-fcf2-4d2b-9444-47727d918777","ts":"2025-12-04T14:30:51.245-05:00","source":{"id":"0","name":"eventBus"}}
{"__type":"$$EventMessageNode","id":"36fb911f-2b11-4137-b500-5bd1a43de17d","ts":"2025-12-04T14:30:52.465-05:00","eventName":"n8n.node.finished","message":"n8n.node.finished","payload":{"workflowId":"8y5ALZTU2BvkIrm4","workflowName":"General","executionId":"2","nodeType":"n8n-nodes-base.httpRequest","nodeName":"🗝️ Amadeus Auth Token","nodeId":"ddee2ef7-119f-4f23-8649-7285c81ad086"}}
{"__type":"$$EventMessageConfirm","confirm":"36fb911f-2b11-4137-b500-5bd1a43de17d","ts":"2025-12-04T14:30:52.465-05:00","source":{"id":"0","name":"eventBus"}}
{"__type":"$$EventMessageNode","id":"57af8b34-0fd9-4bd6-820f-4dbcbfbc9df6","ts":"2025-12-04T14:30:52.466-05:00","eventName":"n8n.node.started","message":"n8n.node.started","payload":{"workflowId":"8y5ALZTU2BvkIrm4","workflowName":"General","executionId":"2","nodeType":"n8n-nodes-base.httpRequest","nodeName":"🏨 Amadeus Hotels Search","nodeId":"335375c3-b2c4-488a-a187-5db699984bb5"}}
{"__type":"$$EventMessageConfirm","confirm":"57af8b34-0fd9-4bd6-820f-4dbcbfbc9df6","ts":"2025-12-04T14:30:52.466-05:00","source":{"id":"0","name":"eventBus"}}
{"__type":"$$EventMessageNode","id":"300e8baf-0594-4dfb-a1ee-9aa0dce6da60","ts":"2025-12-04T14:30:54.328-05:00","eventName":"n8n.node.finished","message":"n8n.node.finished","payload":{"workflowId":"8y5ALZTU2BvkIrm4","workflowName":"General","executionId":"2","nodeType":"n8n-nodes-base.httpRequest","nodeName":"🏨 Amadeus Hotels Search","nodeId":"335375c3-b2c4-488a-a187-5db699984bb5"}}
{"__type":"$$EventMessageConfirm","confirm":"300e8baf-0594-4dfb-a1ee-9aa0dce6da60","ts":"2025-12-04T14:30:54.329-05:00","source":{"id":"0","name":"eventBus"}}
{"__type":"$$EventMessageNode","id":"2f7c4d14-fbd4-4c90-bb5f-934865647f74","ts":"2025-12-04T14:30:54.329-05:00","eventName":"n8n.node.started","message":"n8n.node.started","payload":{"workflowId":"8y5ALZTU2BvkIrm4","workflowName":"General","executionId":"2","nodeType":"n8n-nodes-base.code","nodeName":"🧩 Parse Amadeus Hotels","nodeId":"47677723-da63-41ea-8c58-4cff95258258"}}
{"__type":"$$EventMessageConfirm","confirm":"2f7c4d14-fbd4-4c90-bb5f-934865647f74","ts":"2025-12-04T14:30:54.330-05:00","source":{"id":"0","name":"eventBus"}}
{"__type":"$$EventMessageNode","id":"3b4b1150-d2b4-4a46-aac5-99ff5bebebfa","ts":"2025-12-04T14:30:54.504-05:00","eventName":"n8n.node.finished","message":"n8n.node.finished","payload":{"workflowId":"8y5ALZTU2BvkIrm4","workflowName":"General","executionId":"2","nodeType":"n8n-nodes-base.code","nodeName":"🧩 Parse Amadeus Hotels","nodeId":"47677723-da63-41ea-8c58-4cff95258258"}}
{"__type":"$$EventMessageConfirm","confirm":"3b4b1150-d2b4-4a46-aac5-99ff5bebebfa","ts":"2025-12-04T14:30:54.504-05:00","source":{"id":"0","name":"eventBus"}}
{"__type":"$$EventMessageNode","id":"4c32da8b-e420-4703-afd4-d7c28ea49c6e","ts":"2025-12-04T14:30:54.520-05:00","eventName":"n8n.node.started","message":"n8n.node.started","payload":{"workflowId":"8y5ALZTU2BvkIrm4","workflowName":"General","executionId":"2","nodeType":"n8n-nodes-base.code","nodeName":"Code in JavaScript","nodeId":"9ad265ae-5dcc-402a-9191-c6e7792d671f"}}
{"__type":"$$EventMessageConfirm","confirm":"4c32da8b-e420-4703-afd4-d7c28ea49c6e","ts":"2025-12-04T14:30:54.521-05:00","source":{"id":"0","name":"eventBus"}}
{"__type":"$$EventMessageNode","id":"d212afc2-e8e5-4a95-a670-5929b9500212","ts":"2025-12-04T14:30:54.547-05:00","eventName":"n8n.node.finished","message":"n8n.node.finished","payload":{"workflowId":"8y5ALZTU2BvkIrm4","workflowName":"General","executionId":"2","nodeType":"n8n-nodes-base.code","nodeName":"Code in JavaScript","nodeId":"9ad265ae-5dcc-402a-9191-c6e7792d671f"}}
{"__type":"$$EventMessageConfirm","confirm":"d212afc2-e8e5-4a95-a670-5929b9500212","ts":"2025-12-04T14:30:54.547-05:00","source":{"id":"0","name":"eventBus"}}
{"__type":"$$EventMessageNode","id":"73f98087-48d3-4ef7-a0cb-aabfd2a6e323","ts":"2025-12-04T14:30:54.548-05:00","eventName":"n8n.node.started","message":"n8n.node.started","payload":{"workflowId":"8y5ALZTU2BvkIrm4","workflowName":"General","executionId":"2","nodeType":"n8n-nodes-base.function","nodeName":"💡 Generate Travel Recommendations","nodeId":"300dd062-67fe-4694-b4db-81170145ca24"}}
{"__type":"$$EventMessageConfirm","confirm":"73f98087-48d3-4ef7-a0cb-aabfd2a6e323","ts":"2025-12-04T14:30:54.549-05:00","source":{"id":"0","name":"eventBus"}}
{"__type":"$$EventMessageNode","id":"5900524c-f88a-4a09-a96c-8fec182b06be","ts":"2025-12-04T14:30:54.573-05:00","eventName":"n8n.node.finished","message":"n8n.node.finished","payload":{"workflowId":"8y5ALZTU2BvkIrm4","workflowName":"General","executionId":"2","nodeType":"n8n-nodes-base.function","nodeName":"💡 Generate Travel Recommendations","nodeId":"300dd062-67fe-4694-b4db-81170145ca24"}}
{"__type":"$$EventMessageConfirm","confirm":"5900524c-f88a-4a09-a96c-8fec182b06be","ts":"2025-12-04T14:30:54.573-05:00","source":{"id":"0","name":"eventBus"}}
{"__type":"$$EventMessageNode","id":"23253bec-9da4-47ff-926e-a77233f4419f","ts":"2025-12-04T14:30:54.574-05:00","eventName":"n8n.node.started","message":"n8n.node.started","payload":{"workflowId":"8y5ALZTU2BvkIrm4","workflowName":"General","executionId":"2","nodeType":"n8n-nodes-base.supabase","nodeName":"💾 Supabase Storage","nodeId":"5decf8b0-d187-4260-9cad-7841d180e7bb"}}
{"__type":"$$EventMessageConfirm","confirm":"23253bec-9da4-47ff-926e-a77233f4419f","ts":"2025-12-04T14:30:54.574-05:00","source":{"id":"0","name":"eventBus"}}
{"__type":"$$EventMessageNode","id":"fd0960b6-a200-4f65-87fc-2fbc9122a962","ts":"2025-12-04T14:30:54.605-05:00","eventName":"n8n.node.finished","message":"n8n.node.finished","payload":{"workflowId":"8y5ALZTU2BvkIrm4","workflowName":"General","executionId":"2","nodeType":"n8n-nodes-base.supabase","nodeName":"💾 Supabase Storage","nodeId":"5decf8b0-d187-4260-9cad-7841d180e7bb"}}
{"__type":"$$EventMessageConfirm","confirm":"fd0960b6-a200-4f65-87fc-2fbc9122a962","ts":"2025-12-04T14:30:54.605-05:00","source":{"id":"0","name":"eventBus"}}
{"__type":"$$EventMessageWorkflow","id":"5d594b94-971c-4ea4-9cbe-e353c4096816","ts":"2025-12-04T14:30:54.606-05:00","eventName":"n8n.workflow.failed","message":"n8n.workflow.failed","payload":{"executionId":"2","success":false,"isManual":false,"workflowId":"8y5ALZTU2BvkIrm4","workflowName":"General","lastNodeExecuted":"💾 Supabase Storage","errorNodeType":"n8n-nodes-base.supabase","errorMessage":"Invalid URL"}}
{"__type":"$$EventMessageConfirm","confirm":"5d594b94-971c-4ea4-9cbe-e353c4096816","ts":"2025-12-04T14:30:54.606-05:00","source":{"id":"0","name":"eventBus"}}
{"__type":"$$EventMessageAudit","id":"18935b65-86da-4196-9a07-329107897d0b","ts":"2025-12-04T14:33:47.106-05:00","eventName":"n8n.audit.workflow.updated","message":"n8n.audit.workflow.updated","payload":{"userId":"498bef95-03bb-4197-9e55-6e2fe02f721f","_email":"g273300620@unitru.edu.pe","_firstName":"cristian","_lastName":"g273300620@unitru.edu.pe","globalRole":"global:owner","workflowId":"8y5ALZTU2BvkIrm4","workflowName":"General"}}
{"__type":"$$EventMessageConfirm","confirm":"18935b65-86da-4196-9a07-329107897d0b","ts":"2025-12-04T14:33:47.106-05:00","source":{"id":"0","name":"eventBus"}}
{"__type":"$$EventMessageWorkflow","id":"69ced197-5ab8-477c-8ab1-f08854de7df3","ts":"2025-12-04T14:33:49.115-05:00","eventName":"n8n.workflow.started","message":"n8n.workflow.started","payload":{"executionId":"3","workflowId":"8y5ALZTU2BvkIrm4","isManual":false,"workflowName":"General"}}
{"__type":"$$EventMessageConfirm","confirm":"69ced197-5ab8-477c-8ab1-f08854de7df3","ts":"2025-12-04T14:33:49.116-05:00","source":{"id":"0","name":"eventBus"}}
{"__type":"$$EventMessageNode","id":"99f7cc8f-ca87-4a56-bb56-ce5e5bb24e1a","ts":"2025-12-04T14:33:49.116-05:00","eventName":"n8n.node.started","message":"n8n.node.started","payload":{"workflowId":"8y5ALZTU2BvkIrm4","workflowName":"General","executionId":"3","nodeType":"n8n-nodes-base.webhook","nodeName":"📱 Streamlit Webhook","nodeId":"ae8059ee-5c26-4af5-83ea-0b147821a989"}}
{"__type":"$$EventMessageConfirm","confirm":"99f7cc8f-ca87-4a56-bb56-ce5e5bb24e1a","ts":"2025-12-04T14:33:49.116-05:00","source":{"id":"0","name":"eventBus"}}
{"__type":"$$EventMessageNode","id":"4e5c3ae8-93b9-41cb-892d-ed45264115db","ts":"2025-12-04T14:33:49.116-05:00","eventName":"n8n.node.finished","message":"n8n.node.finished","payload":{"workflowId":"8y5ALZTU2BvkIrm4","workflowName":"General","executionId":"3","nodeType":"n8n-nodes-base.webhook","nodeName":"📱 Streamlit Webhook","nodeId":"ae8059ee-5c26-4af5-83ea-0b147821a989"}}
{"__type":"$$EventMessageConfirm","confirm":"4e5c3ae8-93b9-41cb-892d-ed45264115db","ts":"2025-12-04T14:33:49.116-05:00","source":{"id":"0","name":"eventBus"}}
{"__type":"$$EventMessageNode","id":"16cf177f-dd7e-421f-adbb-3c3fec200e2a","ts":"2025-12-04T14:33:49.116-05:00","eventName":"n8n.node.started","message":"n8n.node.started","payload":{"workflowId":"8y5ALZTU2BvkIrm4","workflowName":"General","executionId":"3","nodeType":"n8n-nodes-base.function","nodeName":"Process Travel Data","nodeId":"02497c10-01cd-4448-8373-576a8cdff0cf"}}
{"__type":"$$EventMessageConfirm","confirm":"16cf177f-dd7e-421f-adbb-3c3fec200e2a","ts":"2025-12-04T14:33:49.116-05:00","source":{"id":"0","name":"eventBus"}}
{"__type":"$$EventMessageNode","id":"dfef2c44-8922-479a-8e15-60ace09178c1","ts":"2025-12-04T14:33:49.126-05:00","eventName":"n8n.node.finished","message":"n8n.node.finished","payload":{"workflowId":"8y5ALZTU2BvkIrm4","workflowName":"General","executionId":"3","nodeType":"n8n-nodes-base.function","nodeName":"Process Travel Data","nodeId":"02497c10-01cd-4448-8373-576a8cdff0cf"}}
{"__type":"$$EventMessageConfirm","confirm":"dfef2c44-8922-479a-8e15-60ace09178c1","ts":"2025-12-04T14:33:49.126-05:00","source":{"id":"0","name":"eventBus"}}
{"__type":"$$EventMessageNode","id":"8d4a385d-4266-42b5-b72a-48dbed4c940b","ts":"2025-12-04T14:33:49.126-05:00","eventName":"n8n.node.started","message":"n8n.node.started","payload":{"workflowId":"8y5ALZTU2BvkIrm4","workflowName":"General","executionId":"3","nodeType":"n8n-nodes-base.httpRequest","nodeName":"✈️ Skyscanner Flights","nodeId":"6d1d14dd-30a6-4993-a0b8-2e926b5e6f7d"}}
{"__type":"$$EventMessageConfirm","confirm":"8d4a385d-4266-42b5-b72a-48dbed4c940b","ts":"2025-12-04T14:33:49.127-05:00","source":{"id":"0","name":"eventBus"}}
{"__type":"$$EventMessageNode","id":"48122423-035e-4744-b274-b851465918bb","ts":"2025-12-04T14:33:52.214-05:00","eventName":"n8n.node.finished","message":"n8n.node.finished","payload":{"workflowId":"8y5ALZTU2BvkIrm4","workflowName":"General","executionId":"3","nodeType":"n8n-nodes-base.httpRequest","nodeName":"✈️ Skyscanner Flights","nodeId":"6d1d14dd-30a6-4993-a0b8-2e926b5e6f7d"}}
{"__type":"$$EventMessageConfirm","confirm":"48122423-035e-4744-b274-b851465918bb","ts":"2025-12-04T14:33:52.214-05:00","source":{"id":"0","name":"eventBus"}}
{"__type":"$$EventMessageNode","id":"a89afc99-d7cc-4ea8-a34b-306c75a10826","ts":"2025-12-04T14:33:52.215-05:00","eventName":"n8n.node.started","message":"n8n.node.started","payload":{"workflowId":"8y5ALZTU2BvkIrm4","workflowName":"General","executionId":"3","nodeType":"n8n-nodes-base.httpRequest","nodeName":"🗝️ Amadeus Auth Token","nodeId":"ddee2ef7-119f-4f23-8649-7285c81ad086"}}
{"__type":"$$EventMessageConfirm","confirm":"a89afc99-d7cc-4ea8-a34b-306c75a10826","ts":"2025-12-04T14:33:52.215-05:00","source":{"id":"0","name":"eventBus"}}
{"__type":"$$EventMessageNode","id":"c7a32051-e530-47fb-a7a5-840d1ba3fa80","ts":"2025-12-04T14:33:53.173-05:00","eventName":"n8n.node.finished","message":"n8n.node.finished","payload":{"workflowId":"8y5ALZTU2BvkIrm4","workflowName":"General","executionId":"3","nodeType":"n8n-nodes-base.httpRequest","nodeName":"🗝️ Amadeus Auth Token","nodeId":"ddee2ef7-119f-4f23-8649-7285c81ad086"}}
{"__type":"$$EventMessageConfirm","confirm":"c7a32051-e530-47fb-a7a5-840d1ba3fa80","ts":"2025-12-04T14:33:53.173-05:00","source":{"id":"0","name":"eventBus"}}
{"__type":"$$EventMessageNode","id":"621a3901-e6c9-4358-bef0-ca337b20736c","ts":"2025-12-04T14:33:53.174-05:00","eventName":"n8n.node.started","message":"n8n.node.started","payload":{"workflowId":"8y5ALZTU2BvkIrm4","workflowName":"General","executionId":"3","nodeType":"n8n-nodes-base.httpRequest","nodeName":"🏨 Amadeus Hotels Search","nodeId":"335375c3-b2c4-488a-a187-5db699984bb5"}}
{"__type":"$$EventMessageConfirm","confirm":"621a3901-e6c9-4358-bef0-ca337b20736c","ts":"2025-12-04T14:33:53.174-05:00","source":{"id":"0","name":"eventBus"}}
{"__type":"$$EventMessageNode","id":"18aea902-420a-42c4-b4a2-aec8708e406a","ts":"2025-12-04T14:33:54.718-05:00","eventName":"n8n.node.finished","message":"n8n.node.finished","payload":{"workflowId":"8y5ALZTU2BvkIrm4","workflowName":"General","executionId":"3","nodeType":"n8n-nodes-base.httpRequest","nodeName":"🏨 Amadeus Hotels Search","nodeId":"335375c3-b2c4-488a-a187-5db699984bb5"}}
{"__type":"$$EventMessageConfirm","confirm":"18aea902-420a-42c4-b4a2-aec8708e406a","ts":"2025-12-04T14:33:54.718-05:00","source":{"id":"0","name":"eventBus"}}
{"__type":"$$EventMessageNode","id":"33057d28-3bf1-4232-9e7d-d3e423d8c390","ts":"2025-12-04T14:33:54.719-05:00","eventName":"n8n.node.started","message":"n8n.node.started","payload":{"workflowId":"8y5ALZTU2BvkIrm4","workflowName":"General","executionId":"3","nodeType":"n8n-nodes-base.code","nodeName":"🧩 Parse Amadeus Hotels","nodeId":"47677723-da63-41ea-8c58-4cff95258258"}}
{"__type":"$$EventMessageConfirm","confirm":"33057d28-3bf1-4232-9e7d-d3e423d8c390","ts":"2025-12-04T14:33:54.719-05:00","source":{"id":"0","name":"eventBus"}}
{"__type":"$$EventMessageNode","id":"11e58349-68ac-4928-91f4-0baf6d9d2ecc","ts":"2025-12-04T14:33:54.784-05:00","eventName":"n8n.node.finished","message":"n8n.node.finished","payload":{"workflowId":"8y5ALZTU2BvkIrm4","workflowName":"General","executionId":"3","nodeType":"n8n-nodes-base.code","nodeName":"🧩 Parse Amadeus Hotels","nodeId":"47677723-da63-41ea-8c58-4cff95258258"}}
{"__type":"$$EventMessageConfirm","confirm":"11e58349-68ac-4928-91f4-0baf6d9d2ecc","ts":"2025-12-04T14:33:54.784-05:00","source":{"id":"0","name":"eventBus"}}
{"__type":"$$EventMessageNode","id":"074c9a3d-b83d-4665-a88a-76c003869f0c","ts":"2025-12-04T14:33:54.786-05:00","eventName":"n8n.node.started","message":"n8n.node.started","payload":{"workflowId":"8y5ALZTU2BvkIrm4","workflowName":"General","executionId":"3","nodeType":"n8n-nodes-base.code","nodeName":"Code in JavaScript","nodeId":"9ad265ae-5dcc-402a-9191-c6e7792d671f"}}
{"__type":"$$EventMessageConfirm","confirm":"074c9a3d-b83d-4665-a88a-76c003869f0c","ts":"2025-12-04T14:33:54.786-05:00","source":{"id":"0","name":"eventBus"}}
{"__type":"$$EventMessageNode","id":"958153a0-459c-4a55-bbbb-549992973371","ts":"2025-12-04T14:33:54.803-05:00","eventName":"n8n.node.finished","message":"n8n.node.finished","payload":{"workflowId":"8y5ALZTU2BvkIrm4","workflowName":"General","executionId":"3","nodeType":"n8n-nodes-base.code","nodeName":"Code in JavaScript","nodeId":"9ad265ae-5dcc-402a-9191-c6e7792d671f"}}
{"__type":"$$EventMessageConfirm","confirm":"958153a0-459c-4a55-bbbb-549992973371","ts":"2025-12-04T14:33:54.804-05:00","source":{"id":"0","name":"eventBus"}}
{"__type":"$$EventMessageNode","id":"a195eeeb-cc76-498e-a93b-a65a42cdd7d2","ts":"2025-12-04T14:33:54.805-05:00","eventName":"n8n.node.started","message":"n8n.node.started","payload":{"workflowId":"8y5ALZTU2BvkIrm4","workflowName":"General","executionId":"3","nodeType":"n8n-nodes-base.function","nodeName":"💡 Generate Travel Recommendations","nodeId":"300dd062-67fe-4694-b4db-81170145ca24"}}
{"__type":"$$EventMessageConfirm","confirm":"a195eeeb-cc76-498e-a93b-a65a42cdd7d2","ts":"2025-12-04T14:33:54.805-05:00","source":{"id":"0","name":"eventBus"}}
{"__type":"$$EventMessageNode","id":"a65f1955-346c-4819-b129-a9c456239aa4","ts":"2025-12-04T14:33:54.822-05:00","eventName":"n8n.node.finished","message":"n8n.node.finished","payload":{"workflowId":"8y5ALZTU2BvkIrm4","workflowName":"General","executionId":"3","nodeType":"n8n-nodes-base.function","nodeName":"💡 Generate Travel Recommendations","nodeId":"300dd062-67fe-4694-b4db-81170145ca24"}}
{"__type":"$$EventMessageConfirm","confirm":"a65f1955-346c-4819-b129-a9c456239aa4","ts":"2025-12-04T14:33:54.822-05:00","source":{"id":"0","name":"eventBus"}}
{"__type":"$$EventMessageNode","id":"7e05c350-4966-4dfb-83d3-288acf55b4b7","ts":"2025-12-04T14:33:54.822-05:00","eventName":"n8n.node.started","message":"n8n.node.started","payload":{"workflowId":"8y5ALZTU2BvkIrm4","workflowName":"General","executionId":"3","nodeType":"n8n-nodes-base.supabase","nodeName":"💾 Supabase Storage","nodeId":"5decf8b0-d187-4260-9cad-7841d180e7bb"}}
{"__type":"$$EventMessageConfirm","confirm":"7e05c350-4966-4dfb-83d3-288acf55b4b7","ts":"2025-12-04T14:33:54.822-05:00","source":{"id":"0","name":"eventBus"}}
{"__type":"$$EventMessageNode","id":"0f724db7-821f-47d5-9c76-944d2ca465fb","ts":"2025-12-04T14:33:54.886-05:00","eventName":"n8n.node.finished","message":"n8n.node.finished","payload":{"workflowId":"8y5ALZTU2BvkIrm4","workflowName":"General","executionId":"3","nodeType":"n8n-nodes-base.supabase","nodeName":"💾 Supabase Storage","nodeId":"5decf8b0-d187-4260-9cad-7841d180e7bb"}}
{"__type":"$$EventMessageConfirm","confirm":"0f724db7-821f-47d5-9c76-944d2ca465fb","ts":"2025-12-04T14:33:54.886-05:00","source":{"id":"0","name":"eventBus"}}
{"__type":"$$EventMessageWorkflow","id":"7744872e-f5ae-4df0-a8ac-55ee0ce93804","ts":"2025-12-04T14:33:54.886-05:00","eventName":"n8n.workflow.failed","message":"n8n.workflow.failed","payload":{"executionId":"3","success":false,"isManual":false,"workflowId":"8y5ALZTU2BvkIrm4","workflowName":"General","lastNodeExecuted":"💾 Supabase Storage","errorNodeType":"n8n-nodes-base.supabase","errorMessage":"Invalid URL"}}
{"__type":"$$EventMessageConfirm","confirm":"7744872e-f5ae-4df0-a8ac-55ee0ce93804","ts":"2025-12-04T14:33:54.887-05:00","source":{"id":"0","name":"eventBus"}}
{"__type":"$$EventMessageAudit","id":"73bc4f9a-5739-45bc-96ad-aef9f257206b","ts":"2025-12-04T14:35:42.810-05:00","eventName":"n8n.audit.user.credentials.updated","message":"n8n.audit.user.credentials.updated","payload":{"userId":"498bef95-03bb-4197-9e55-6e2fe02f721f","_email":"g273300620@unitru.edu.pe","_firstName":"cristian","_lastName":"g273300620@unitru.edu.pe","globalRole":"global:owner","credentialType":"supabaseApi","credentialId":"12rpS5kaWLpOQU9l"}}
{"__type":"$$EventMessageConfirm","confirm":"73bc4f9a-5739-45bc-96ad-aef9f257206b","ts":"2025-12-04T14:35:42.810-05:00","source":{"id":"0","name":"eventBus"}}
{"__type":"$$EventMessageWorkflow","id":"52f446d8-553f-486e-b12d-04f5d280c763","ts":"2025-12-04T14:35:50.910-05:00","eventName":"n8n.workflow.started","message":"n8n.workflow.started","payload":{"executionId":"4","workflowId":"8y5ALZTU2BvkIrm4","isManual":false,"workflowName":"General"}}
{"__type":"$$EventMessageConfirm","confirm":"52f446d8-553f-486e-b12d-04f5d280c763","ts":"2025-12-04T14:35:50.910-05:00","source":{"id":"0","name":"eventBus"}}
{"__type":"$$EventMessageNode","id":"232fa531-d72e-43d5-9f4b-d8493dfbe6d6","ts":"2025-12-04T14:35:50.910-05:00","eventName":"n8n.node.started","message":"n8n.node.started","payload":{"workflowId":"8y5ALZTU2BvkIrm4","workflowName":"General","executionId":"4","nodeType":"n8n-nodes-base.webhook","nodeName":"📱 Streamlit Webhook","nodeId":"ae8059ee-5c26-4af5-83ea-0b147821a989"}}
{"__type":"$$EventMessageConfirm","confirm":"232fa531-d72e-43d5-9f4b-d8493dfbe6d6","ts":"2025-12-04T14:35:50.910-05:00","source":{"id":"0","name":"eventBus"}}
{"__type":"$$EventMessageNode","id":"6c8dad9d-4302-4fda-8cc2-d4f06e4f67bb","ts":"2025-12-04T14:35:50.911-05:00","eventName":"n8n.node.finished","message":"n8n.node.finished","payload":{"workflowId":"8y5ALZTU2BvkIrm4","workflowName":"General","executionId":"4","nodeType":"n8n-nodes-base.webhook","nodeName":"📱 Streamlit Webhook","nodeId":"ae8059ee-5c26-4af5-83ea-0b147821a989"}}
{"__type":"$$EventMessageConfirm","confirm":"6c8dad9d-4302-4fda-8cc2-d4f06e4f67bb","ts":"2025-12-04T14:35:50.911-05:00","source":{"id":"0","name":"eventBus"}}
{"__type":"$$EventMessageNode","id":"090323e6-b46e-42b9-8453-79b5ee80135b","ts":"2025-12-04T14:35:50.911-05:00","eventName":"n8n.node.started","message":"n8n.node.started","payload":{"workflowId":"8y5ALZTU2BvkIrm4","workflowName":"General","executionId":"4","nodeType":"n8n-nodes-base.function","nodeName":"Process Travel Data","nodeId":"02497c10-01cd-4448-8373-576a8cdff0cf"}}
{"__type":"$$EventMessageConfirm","confirm":"090323e6-b46e-42b9-8453-79b5ee80135b","ts":"2025-12-04T14:35:50.911-05:00","source":{"id":"0","name":"eventBus"}}
{"__type":"$$EventMessageNode","id":"8dce10bc-d63a-4c0d-858f-34998297eaff","ts":"2025-12-04T14:35:50.922-05:00","eventName":"n8n.node.finished","message":"n8n.node.finished","payload":{"workflowId":"8y5ALZTU2BvkIrm4","workflowName":"General","executionId":"4","nodeType":"n8n-nodes-base.function","nodeName":"Process Travel Data","nodeId":"02497c10-01cd-4448-8373-576a8cdff0cf"}}
{"__type":"$$EventMessageConfirm","confirm":"8dce10bc-d63a-4c0d-858f-34998297eaff","ts":"2025-12-04T14:35:50.922-05:00","source":{"id":"0","name":"eventBus"}}
{"__type":"$$EventMessageNode","id":"aae636a2-3353-4cb9-badf-129bd1fa5a48","ts":"2025-12-04T14:35:50.922-05:00","eventName":"n8n.node.started","message":"n8n.node.started","payload":{"workflowId":"8y5ALZTU2BvkIrm4","workflowName":"General","executionId":"4","nodeType":"n8n-nodes-base.httpRequest","nodeName":"✈️ Skyscanner Flights","nodeId":"6d1d14dd-30a6-4993-a0b8-2e926b5e6f7d"}}
{"__type":"$$EventMessageConfirm","confirm":"aae636a2-3353-4cb9-badf-129bd1fa5a48","ts":"2025-12-04T14:35:50.922-05:00","source":{"id":"0","name":"eventBus"}}
{"__type":"$$EventMessageNode","id":"beb69fc7-d5b0-46a1-804b-cb8c40a829d8","ts":"2025-12-04T14:35:52.146-05:00","eventName":"n8n.node.finished","message":"n8n.node.finished","payload":{"workflowId":"8y5ALZTU2BvkIrm4","workflowName":"General","executionId":"4","nodeType":"n8n-nodes-base.httpRequest","nodeName":"✈️ Skyscanner Flights","nodeId":"6d1d14dd-30a6-4993-a0b8-2e926b5e6f7d"}}
{"__type":"$$EventMessageConfirm","confirm":"beb69fc7-d5b0-46a1-804b-cb8c40a829d8","ts":"2025-12-04T14:35:52.146-05:00","source":{"id":"0","name":"eventBus"}}
{"__type":"$$EventMessageNode","id":"af865152-5d37-47d7-a67b-3d1956663f21","ts":"2025-12-04T14:35:52.146-05:00","eventName":"n8n.node.started","message":"n8n.node.started","payload":{"workflowId":"8y5ALZTU2BvkIrm4","workflowName":"General","executionId":"4","nodeType":"n8n-nodes-base.httpRequest","nodeName":"🗝️ Amadeus Auth Token","nodeId":"ddee2ef7-119f-4f23-8649-7285c81ad086"}}
{"__type":"$$EventMessageConfirm","confirm":"af865152-5d37-47d7-a67b-3d1956663f21","ts":"2025-12-04T14:35:52.146-05:00","source":{"id":"0","name":"eventBus"}}
{"__type":"$$EventMessageNode","id":"cbf876fa-de50-47f2-9f01-0123f5070e26","ts":"2025-12-04T14:35:53.500-05:00","eventName":"n8n.node.finished","message":"n8n.node.finished","payload":{"workflowId":"8y5ALZTU2BvkIrm4","workflowName":"General","executionId":"4","nodeType":"n8n-nodes-base.httpRequest","nodeName":"🗝️ Amadeus Auth Token","nodeId":"ddee2ef7-119f-4f23-8649-7285c81ad086"}}
{"__type":"$$EventMessageConfirm","confirm":"cbf876fa-de50-47f2-9f01-0123f5070e26","ts":"2025-12-04T14:35:53.500-05:00","source":{"id":"0","name":"eventBus"}}
{"__type":"$$EventMessageNode","id":"8cc76f18-85fb-49f0-a615-56b5d2b24700","ts":"2025-12-04T14:35:53.501-05:00","eventName":"n8n.node.started","message":"n8n.node.started","payload":{"workflowId":"8y5ALZTU2BvkIrm4","workflowName":"General","executionId":"4","nodeType":"n8n-nodes-base.httpRequest","nodeName":"🏨 Amadeus Hotels Search","nodeId":"335375c3-b2c4-488a-a187-5db699984bb5"}}
{"__type":"$$EventMessageConfirm","confirm":"8cc76f18-85fb-49f0-a615-56b5d2b24700","ts":"2025-12-04T14:35:53.501-05:00","source":{"id":"0","name":"eventBus"}}
{"__type":"$$EventMessageNode","id":"c58e73c0-d9e3-43f4-96a5-9c70bdc4ee0a","ts":"2025-12-04T14:35:55.010-05:00","eventName":"n8n.node.finished","message":"n8n.node.finished","payload":{"workflowId":"8y5ALZTU2BvkIrm4","workflowName":"General","executionId":"4","nodeType":"n8n-nodes-base.httpRequest","nodeName":"🏨 Amadeus Hotels Search","nodeId":"335375c3-b2c4-488a-a187-5db699984bb5"}}
{"__type":"$$EventMessageConfirm","confirm":"c58e73c0-d9e3-43f4-96a5-9c70bdc4ee0a","ts":"2025-12-04T14:35:55.011-05:00","source":{"id":"0","name":"eventBus"}}
{"__type":"$$EventMessageNode","id":"15b5bd14-1f76-4127-bc32-d413518bec2a","ts":"2025-12-04T14:35:55.011-05:00","eventName":"n8n.node.started","message":"n8n.node.started","payload":{"workflowId":"8y5ALZTU2BvkIrm4","workflowName":"General","executionId":"4","nodeType":"n8n-nodes-base.code","nodeName":"🧩 Parse Amadeus Hotels","nodeId":"47677723-da63-41ea-8c58-4cff95258258"}}
{"__type":"$$EventMessageConfirm","confirm":"15b5bd14-1f76-4127-bc32-d413518bec2a","ts":"2025-12-04T14:35:55.011-05:00","source":{"id":"0","name":"eventBus"}}
{"__type":"$$EventMessageNode","id":"3d98c319-6d89-46c9-ab5d-40948413d8d7","ts":"2025-12-04T14:35:55.077-05:00","eventName":"n8n.node.finished","message":"n8n.node.finished","payload":{"workflowId":"8y5ALZTU2BvkIrm4","workflowName":"General","executionId":"4","nodeType":"n8n-nodes-base.code","nodeName":"🧩 Parse Amadeus Hotels","nodeId":"47677723-da63-41ea-8c58-4cff95258258"}}
{"__type":"$$EventMessageConfirm","confirm":"3d98c319-6d89-46c9-ab5d-40948413d8d7","ts":"2025-12-04T14:35:55.077-05:00","source":{"id":"0","name":"eventBus"}}
{"__type":"$$EventMessageNode","id":"b7143a44-40e1-42af-93d0-c1fd7e3c160f","ts":"2025-12-04T14:35:55.080-05:00","eventName":"n8n.node.started","message":"n8n.node.started","payload":{"workflowId":"8y5ALZTU2BvkIrm4","workflowName":"General","executionId":"4","nodeType":"n8n-nodes-base.code","nodeName":"Code in JavaScript","nodeId":"9ad265ae-5dcc-402a-9191-c6e7792d671f"}}
{"__type":"$$EventMessageConfirm","confirm":"b7143a44-40e1-42af-93d0-c1fd7e3c160f","ts":"2025-12-04T14:35:55.080-05:00","source":{"id":"0","name":"eventBus"}}
{"__type":"$$EventMessageNode","id":"6b443af7-4464-4163-a529-f61401d731d2","ts":"2025-12-04T14:35:55.094-05:00","eventName":"n8n.node.finished","message":"n8n.node.finished","payload":{"workflowId":"8y5ALZTU2BvkIrm4","workflowName":"General","executionId":"4","nodeType":"n8n-nodes-base.code","nodeName":"Code in JavaScript","nodeId":"9ad265ae-5dcc-402a-9191-c6e7792d671f"}}
{"__type":"$$EventMessageConfirm","confirm":"6b443af7-4464-4163-a529-f61401d731d2","ts":"2025-12-04T14:35:55.094-05:00","source":{"id":"0","name":"eventBus"}}
{"__type":"$$EventMessageNode","id":"26b527c7-0fb7-4f4f-a316-1eb8c7967ebf","ts":"2025-12-04T14:35:55.096-05:00","eventName":"n8n.node.started","message":"n8n.node.started","payload":{"workflowId":"8y5ALZTU2BvkIrm4","workflowName":"General","executionId":"4","nodeType":"n8n-nodes-base.function","nodeName":"💡 Generate Travel Recommendations","nodeId":"300dd062-67fe-4694-b4db-81170145ca24"}}
{"__type":"$$EventMessageConfirm","confirm":"26b527c7-0fb7-4f4f-a316-1eb8c7967ebf","ts":"2025-12-04T14:35:55.096-05:00","source":{"id":"0","name":"eventBus"}}
{"__type":"$$EventMessageNode","id":"13e93db8-2afb-4837-be35-3a1879e5125d","ts":"2025-12-04T14:35:55.116-05:00","eventName":"n8n.node.finished","message":"n8n.node.finished","payload":{"workflowId":"8y5ALZTU2BvkIrm4","workflowName":"General","executionId":"4","nodeType":"n8n-nodes-base.function","nodeName":"💡 Generate Travel Recommendations","nodeId":"300dd062-67fe-4694-b4db-81170145ca24"}}
{"__type":"$$EventMessageConfirm","confirm":"13e93db8-2afb-4837-be35-3a1879e5125d","ts":"2025-12-04T14:35:55.116-05:00","source":{"id":"0","name":"eventBus"}}
{"__type":"$$EventMessageNode","id":"bce14cf7-4602-449e-8a7d-92a9fa3ed730","ts":"2025-12-04T14:35:55.117-05:00","eventName":"n8n.node.started","message":"n8n.node.started","payload":{"workflowId":"8y5ALZTU2BvkIrm4","workflowName":"General","executionId":"4","nodeType":"n8n-nodes-base.supabase","nodeName":"💾 Supabase Storage","nodeId":"5decf8b0-d187-4260-9cad-7841d180e7bb"}}
{"__type":"$$EventMessageConfirm","confirm":"bce14cf7-4602-449e-8a7d-92a9fa3ed730","ts":"2025-12-04T14:35:55.117-05:00","source":{"id":"0","name":"eventBus"}}
{"__type":"$$EventMessageNode","id":"3fc08992-2fba-49a5-bbd7-4f3c51fb5d43","ts":"2025-12-04T14:35:55.690-05:00","eventName":"n8n.node.finished","message":"n8n.node.finished","payload":{"workflowId":"8y5ALZTU2BvkIrm4","workflowName":"General","executionId":"4","nodeType":"n8n-nodes-base.supabase","nodeName":"💾 Supabase Storage","nodeId":"5decf8b0-d187-4260-9cad-7841d180e7bb"}}
{"__type":"$$EventMessageConfirm","confirm":"3fc08992-2fba-49a5-bbd7-4f3c51fb5d43","ts":"2025-12-04T14:35:55.691-05:00","source":{"id":"0","name":"eventBus"}}
{"__type":"$$EventMessageNode","id":"9a716840-a0a9-440f-9bc1-873caa1f2001","ts":"2025-12-04T14:35:55.691-05:00","eventName":"n8n.node.started","message":"n8n.node.started","payload":{"workflowId":"8y5ALZTU2BvkIrm4","workflowName":"General","executionId":"4","nodeType":"n8n-nodes-base.code","nodeName":"Code in JavaScript1","nodeId":"fa6afa75-0195-4c00-9736-9fa0dfb030c1"}}
{"__type":"$$EventMessageConfirm","confirm":"9a716840-a0a9-440f-9bc1-873caa1f2001","ts":"2025-12-04T14:35:55.691-05:00","source":{"id":"0","name":"eventBus"}}
{"__type":"$$EventMessageNode","id":"e6e92847-897c-43b2-bb05-3dcbd6386a7b","ts":"2025-12-04T14:35:55.699-05:00","eventName":"n8n.node.finished","message":"n8n.node.finished","payload":{"workflowId":"8y5ALZTU2BvkIrm4","workflowName":"General","executionId":"4","nodeType":"n8n-nodes-base.code","nodeName":"Code in JavaScript1","nodeId":"fa6afa75-0195-4c00-9736-9fa0dfb030c1"}}
{"__type":"$$EventMessageConfirm","confirm":"e6e92847-897c-43b2-bb05-3dcbd6386a7b","ts":"2025-12-04T14:35:55.699-05:00","source":{"id":"0","name":"eventBus"}}
{"__type":"$$EventMessageNode","id":"b67e9688-802e-4072-93af-993dd5105c95","ts":"2025-12-04T14:35:55.699-05:00","eventName":"n8n.node.started","message":"n8n.node.started","payload":{"workflowId":"8y5ALZTU2BvkIrm4","workflowName":"General","executionId":"4","nodeType":"n8n-nodes-base.if","nodeName":"🎯 Check Great Deal","nodeId":"2d5f8692-815e-4325-a900-48f6502f5fc0"}}
{"__type":"$$EventMessageConfirm","confirm":"b67e9688-802e-4072-93af-993dd5105c95","ts":"2025-12-04T14:35:55.699-05:00","source":{"id":"0","name":"eventBus"}}
{"__type":"$$EventMessageNode","id":"cf4f7dd6-030c-47ba-94cd-addce9cc8429","ts":"2025-12-04T14:35:55.702-05:00","eventName":"n8n.node.finished","message":"n8n.node.finished","payload":{"workflowId":"8y5ALZTU2BvkIrm4","workflowName":"General","executionId":"4","nodeType":"n8n-nodes-base.if","nodeName":"🎯 Check Great Deal","nodeId":"2d5f8692-815e-4325-a900-48f6502f5fc0"}}
{"__type":"$$EventMessageConfirm","confirm":"cf4f7dd6-030c-47ba-94cd-addce9cc8429","ts":"2025-12-04T14:35:55.702-05:00","source":{"id":"0","name":"eventBus"}}
{"__type":"$$EventMessageNode","id":"40a849f7-b4a4-4200-a9df-c046fa9c9940","ts":"2025-12-04T14:35:55.702-05:00","eventName":"n8n.node.started","message":"n8n.node.started","payload":{"workflowId":"8y5ALZTU2BvkIrm4","workflowName":"General","executionId":"4","nodeType":"n8n-nodes-base.emailSend","nodeName":"Enviar Correo1","nodeId":"cae987c6-c9aa-4be8-abd1-aa4d4e16b230"}}
{"__type":"$$EventMessageConfirm","confirm":"40a849f7-b4a4-4200-a9df-c046fa9c9940","ts":"2025-12-04T14:35:55.702-05:00","source":{"id":"0","name":"eventBus"}}
{"__type":"$$EventMessageNode","id":"d92d3bac-d47a-4637-80e8-e8c7c3e19dda","ts":"2025-12-04T14:35:55.813-05:00","eventName":"n8n.node.finished","message":"n8n.node.finished","payload":{"workflowId":"8y5ALZTU2BvkIrm4","workflowName":"General","executionId":"4","nodeType":"n8n-nodes-base.emailSend","nodeName":"Enviar Correo1","nodeId":"cae987c6-c9aa-4be8-abd1-aa4d4e16b230"}}
{"__type":"$$EventMessageConfirm","confirm":"d92d3bac-d47a-4637-80e8-e8c7c3e19dda","ts":"2025-12-04T14:35:55.813-05:00","source":{"id":"0","name":"eventBus"}}
{"__type":"$$EventMessageWorkflow","id":"76d956c3-f58f-4506-adfc-1cbc6877c7c8","ts":"2025-12-04T14:35:55.813-05:00","eventName":"n8n.workflow.failed","message":"n8n.workflow.failed","payload":{"executionId":"4","success":false,"isManual":false,"workflowId":"8y5ALZTU2BvkIrm4","workflowName":"General","lastNodeExecuted":"Enviar Correo1","errorMessage":"connect ECONNREFUSED 127.0.0.1:465"}}
{"__type":"$$EventMessageConfirm","confirm":"76d956c3-f58f-4506-adfc-1cbc6877c7c8","ts":"2025-12-04T14:35:55.813-05:00","source":{"id":"0","name":"eventBus"}}
{"__type":"$$EventMessageAudit","id":"2380c2d9-6c7d-4c61-95eb-38d6632cc52d","ts":"2025-12-04T14:39:06.391-05:00","eventName":"n8n.audit.user.credentials.updated","message":"n8n.audit.user.credentials.updated","payload":{"userId":"498bef95-03bb-4197-9e55-6e2fe02f721f","_email":"g273300620@unitru.edu.pe","_firstName":"cristian","_lastName":"g273300620@unitru.edu.pe","globalRole":"global:owner","credentialType":"smtp","credentialId":"VOyfR3nogIX7PnlC"}}
{"__type":"$$EventMessageConfirm","confirm":"2380c2d9-6c7d-4c61-95eb-38d6632cc52d","ts":"2025-12-04T14:39:06.391-05:00","source":{"id":"0","name":"eventBus"}}
{"__type":"$$EventMessageAudit","id":"fa7f93a9-99e9-4c19-b549-832d417608be","ts":"2025-12-04T14:39:31.711-05:00","eventName":"n8n.audit.user.credentials.updated","message":"n8n.audit.user.credentials.updated","payload":{"userId":"498bef95-03bb-4197-9e55-6e2fe02f721f","_email":"g273300620@unitru.edu.pe","_firstName":"cristian","_lastName":"g273300620@unitru.edu.pe","globalRole":"global:owner","credentialType":"smtp","credentialId":"VOyfR3nogIX7PnlC"}}
{"__type":"$$EventMessageConfirm","confirm":"fa7f93a9-99e9-4c19-b549-832d417608be","ts":"2025-12-04T14:39:31.711-05:00","source":{"id":"0","name":"eventBus"}}
{"__type":"$$EventMessageAudit","id":"5da122dd-13f7-4ade-a29a-8ad6fec141b4","ts":"2025-12-04T14:40:54.631-05:00","eventName":"n8n.audit.user.credentials.updated","message":"n8n.audit.user.credentials.updated","payload":{"userId":"498bef95-03bb-4197-9e55-6e2fe02f721f","_email":"g273300620@unitru.edu.pe","_firstName":"cristian","_lastName":"g273300620@unitru.edu.pe","globalRole":"global:owner","credentialType":"smtp","credentialId":"VOyfR3nogIX7PnlC"}}
{"__type":"$$EventMessageConfirm","confirm":"5da122dd-13f7-4ade-a29a-8ad6fec141b4","ts":"2025-12-04T14:40:54.631-05:00","source":{"id":"0","name":"eventBus"}}
{"__type":"$$EventMessageWorkflow","id":"51ccecc4-720c-4d34-9846-1f2a1aebda85","ts":"2025-12-04T14:41:01.211-05:00","eventName":"n8n.workflow.started","message":"n8n.workflow.started","payload":{"executionId":"5","workflowId":"8y5ALZTU2BvkIrm4","isManual":false,"workflowName":"General"}}
{"__type":"$$EventMessageConfirm","confirm":"51ccecc4-720c-4d34-9846-1f2a1aebda85","ts":"2025-12-04T14:41:01.211-05:00","source":{"id":"0","name":"eventBus"}}
{"__type":"$$EventMessageNode","id":"e3ee5e26-c4c6-4a3c-9147-42dbc8b6596c","ts":"2025-12-04T14:41:01.212-05:00","eventName":"n8n.node.started","message":"n8n.node.started","payload":{"workflowId":"8y5ALZTU2BvkIrm4","workflowName":"General","executionId":"5","nodeType":"n8n-nodes-base.webhook","nodeName":"📱 Streamlit Webhook","nodeId":"ae8059ee-5c26-4af5-83ea-0b147821a989"}}
{"__type":"$$EventMessageConfirm","confirm":"e3ee5e26-c4c6-4a3c-9147-42dbc8b6596c","ts":"2025-12-04T14:41:01.212-05:00","source":{"id":"0","name":"eventBus"}}
{"__type":"$$EventMessageNode","id":"403457b3-c530-4215-8444-32d0e5c5a74c","ts":"2025-12-04T14:41:01.212-05:00","eventName":"n8n.node.finished","message":"n8n.node.finished","payload":{"workflowId":"8y5ALZTU2BvkIrm4","workflowName":"General","executionId":"5","nodeType":"n8n-nodes-base.webhook","nodeName":"📱 Streamlit Webhook","nodeId":"ae8059ee-5c26-4af5-83ea-0b147821a989"}}
{"__type":"$$EventMessageConfirm","confirm":"403457b3-c530-4215-8444-32d0e5c5a74c","ts":"2025-12-04T14:41:01.212-05:00","source":{"id":"0","name":"eventBus"}}
{"__type":"$$EventMessageNode","id":"f02019b2-5ed8-44f2-b73a-82851e7a6115","ts":"2025-12-04T14:41:01.212-05:00","eventName":"n8n.node.started","message":"n8n.node.started","payload":{"workflowId":"8y5ALZTU2BvkIrm4","workflowName":"General","executionId":"5","nodeType":"n8n-nodes-base.function","nodeName":"Process Travel Data","nodeId":"02497c10-01cd-4448-8373-576a8cdff0cf"}}
{"__type":"$$EventMessageConfirm","confirm":"f02019b2-5ed8-44f2-b73a-82851e7a6115","ts":"2025-12-04T14:41:01.212-05:00","source":{"id":"0","name":"eventBus"}}
{"__type":"$$EventMessageNode","id":"801df752-ef51-4b74-b398-7e9ba80c8f28","ts":"2025-12-04T14:41:01.217-05:00","eventName":"n8n.node.finished","message":"n8n.node.finished","payload":{"workflowId":"8y5ALZTU2BvkIrm4","workflowName":"General","executionId":"5","nodeType":"n8n-nodes-base.function","nodeName":"Process Travel Data","nodeId":"02497c10-01cd-4448-8373-576a8cdff0cf"}}
{"__type":"$$EventMessageConfirm","confirm":"801df752-ef51-4b74-b398-7e9ba80c8f28","ts":"2025-12-04T14:41:01.217-05:00","source":{"id":"0","name":"eventBus"}}
{"__type":"$$EventMessageNode","id":"7af8278a-ff68-4f98-bf31-b70dfde845c1","ts":"2025-12-04T14:41:01.218-05:00","eventName":"n8n.node.started","message":"n8n.node.started","payload":{"workflowId":"8y5ALZTU2BvkIrm4","workflowName":"General","executionId":"5","nodeType":"n8n-nodes-base.httpRequest","nodeName":"✈️ Skyscanner Flights","nodeId":"6d1d14dd-30a6-4993-a0b8-2e926b5e6f7d"}}
{"__type":"$$EventMessageConfirm","confirm":"7af8278a-ff68-4f98-bf31-b70dfde845c1","ts":"2025-12-04T14:41:01.218-05:00","source":{"id":"0","name":"eventBus"}}
{"__type":"$$EventMessageNode","id":"1abd9536-df17-47ee-ab3f-a4ff1bbc67ec","ts":"2025-12-04T14:41:04.534-05:00","eventName":"n8n.node.finished","message":"n8n.node.finished","payload":{"workflowId":"8y5ALZTU2BvkIrm4","workflowName":"General","executionId":"5","nodeType":"n8n-nodes-base.httpRequest","nodeName":"✈️ Skyscanner Flights","nodeId":"6d1d14dd-30a6-4993-a0b8-2e926b5e6f7d"}}
{"__type":"$$EventMessageConfirm","confirm":"1abd9536-df17-47ee-ab3f-a4ff1bbc67ec","ts":"2025-12-04T14:41:04.535-05:00","source":{"id":"0","name":"eventBus"}}
{"__type":"$$EventMessageNode","id":"f0551187-e96a-46da-9ace-f119322b840e","ts":"2025-12-04T14:41:04.535-05:00","eventName":"n8n.node.started","message":"n8n.node.started","payload":{"workflowId":"8y5ALZTU2BvkIrm4","workflowName":"General","executionId":"5","nodeType":"n8n-nodes-base.httpRequest","nodeName":"🗝️ Amadeus Auth Token","nodeId":"ddee2ef7-119f-4f23-8649-7285c81ad086"}}
{"__type":"$$EventMessageConfirm","confirm":"f0551187-e96a-46da-9ace-f119322b840e","ts":"2025-12-04T14:41:04.535-05:00","source":{"id":"0","name":"eventBus"}}
{"__type":"$$EventMessageNode","id":"528d0690-f48f-465e-82fb-95bab8575ce6","ts":"2025-12-04T14:41:05.691-05:00","eventName":"n8n.node.finished","message":"n8n.node.finished","payload":{"workflowId":"8y5ALZTU2BvkIrm4","workflowName":"General","executionId":"5","nodeType":"n8n-nodes-base.httpRequest","nodeName":"🗝️ Amadeus Auth Token","nodeId":"ddee2ef7-119f-4f23-8649-7285c81ad086"}}
{"__type":"$$EventMessageConfirm","confirm":"528d0690-f48f-465e-82fb-95bab8575ce6","ts":"2025-12-04T14:41:05.691-05:00","source":{"id":"0","name":"eventBus"}}
{"__type":"$$EventMessageNode","id":"6cea3fb7-958d-497a-beca-3f0ec8dca2dd","ts":"2025-12-04T14:41:05.691-05:00","eventName":"n8n.node.started","message":"n8n.node.started","payload":{"workflowId":"8y5ALZTU2BvkIrm4","workflowName":"General","executionId":"5","nodeType":"n8n-nodes-base.httpRequest","nodeName":"🏨 Amadeus Hotels Search","nodeId":"335375c3-b2c4-488a-a187-5db699984bb5"}}
{"__type":"$$EventMessageConfirm","confirm":"6cea3fb7-958d-497a-beca-3f0ec8dca2dd","ts":"2025-12-04T14:41:05.691-05:00","source":{"id":"0","name":"eventBus"}}
{"__type":"$$EventMessageNode","id":"2fdf9526-1d6e-42a8-8f5a-8b510fb3d27e","ts":"2025-12-04T14:41:07.234-05:00","eventName":"n8n.node.finished","message":"n8n.node.finished","payload":{"workflowId":"8y5ALZTU2BvkIrm4","workflowName":"General","executionId":"5","nodeType":"n8n-nodes-base.httpRequest","nodeName":"🏨 Amadeus Hotels Search","nodeId":"335375c3-b2c4-488a-a187-5db699984bb5"}}
{"__type":"$$EventMessageConfirm","confirm":"2fdf9526-1d6e-42a8-8f5a-8b510fb3d27e","ts":"2025-12-04T14:41:07.234-05:00","source":{"id":"0","name":"eventBus"}}
{"__type":"$$EventMessageNode","id":"4501d250-190d-454f-9183-a137eb8e8929","ts":"2025-12-04T14:41:07.234-05:00","eventName":"n8n.node.started","message":"n8n.node.started","payload":{"workflowId":"8y5ALZTU2BvkIrm4","workflowName":"General","executionId":"5","nodeType":"n8n-nodes-base.code","nodeName":"🧩 Parse Amadeus Hotels","nodeId":"47677723-da63-41ea-8c58-4cff95258258"}}
{"__type":"$$EventMessageConfirm","confirm":"4501d250-190d-454f-9183-a137eb8e8929","ts":"2025-12-04T14:41:07.234-05:00","source":{"id":"0","name":"eventBus"}}
{"__type":"$$EventMessageNode","id":"ff68197d-6466-443a-b963-6cfed9884194","ts":"2025-12-04T14:41:07.274-05:00","eventName":"n8n.node.finished","message":"n8n.node.finished","payload":{"workflowId":"8y5ALZTU2BvkIrm4","workflowName":"General","executionId":"5","nodeType":"n8n-nodes-base.code","nodeName":"🧩 Parse Amadeus Hotels","nodeId":"47677723-da63-41ea-8c58-4cff95258258"}}
{"__type":"$$EventMessageConfirm","confirm":"ff68197d-6466-443a-b963-6cfed9884194","ts":"2025-12-04T14:41:07.274-05:00","source":{"id":"0","name":"eventBus"}}
{"__type":"$$EventMessageNode","id":"9b1172cd-00df-4290-9e3b-fd1f11d0016d","ts":"2025-12-04T14:41:07.276-05:00","eventName":"n8n.node.started","message":"n8n.node.started","payload":{"workflowId":"8y5ALZTU2BvkIrm4","workflowName":"General","executionId":"5","nodeType":"n8n-nodes-base.code","nodeName":"Code in JavaScript","nodeId":"9ad265ae-5dcc-402a-9191-c6e7792d671f"}}
{"__type":"$$EventMessageConfirm","confirm":"9b1172cd-00df-4290-9e3b-fd1f11d0016d","ts":"2025-12-04T14:41:07.276-05:00","source":{"id":"0","name":"eventBus"}}
{"__type":"$$EventMessageNode","id":"abf27dca-2302-4a62-8365-bf0e26f67dae","ts":"2025-12-04T14:41:07.283-05:00","eventName":"n8n.node.finished","message":"n8n.node.finished","payload":{"workflowId":"8y5ALZTU2BvkIrm4","workflowName":"General","executionId":"5","nodeType":"n8n-nodes-base.code","nodeName":"Code in JavaScript","nodeId":"9ad265ae-5dcc-402a-9191-c6e7792d671f"}}
{"__type":"$$EventMessageConfirm","confirm":"abf27dca-2302-4a62-8365-bf0e26f67dae","ts":"2025-12-04T14:41:07.283-05:00","source":{"id":"0","name":"eventBus"}}
{"__type":"$$EventMessageNode","id":"6e415304-9106-40ae-be68-be6175f0d4f8","ts":"2025-12-04T14:41:07.283-05:00","eventName":"n8n.node.started","message":"n8n.node.started","payload":{"workflowId":"8y5ALZTU2BvkIrm4","workflowName":"General","executionId":"5","nodeType":"n8n-nodes-base.function","nodeName":"💡 Generate Travel Recommendations","nodeId":"300dd062-67fe-4694-b4db-81170145ca24"}}
{"__type":"$$EventMessageConfirm","confirm":"6e415304-9106-40ae-be68-be6175f0d4f8","ts":"2025-12-04T14:41:07.283-05:00","source":{"id":"0","name":"eventBus"}}
{"__type":"$$EventMessageNode","id":"d6f745ae-4093-415a-93a9-5a6a9c7984fc","ts":"2025-12-04T14:41:07.296-05:00","eventName":"n8n.node.finished","message":"n8n.node.finished","payload":{"workflowId":"8y5ALZTU2BvkIrm4","workflowName":"General","executionId":"5","nodeType":"n8n-nodes-base.function","nodeName":"💡 Generate Travel Recommendations","nodeId":"300dd062-67fe-4694-b4db-81170145ca24"}}
{"__type":"$$EventMessageConfirm","confirm":"d6f745ae-4093-415a-93a9-5a6a9c7984fc","ts":"2025-12-04T14:41:07.296-05:00","source":{"id":"0","name":"eventBus"}}
{"__type":"$$EventMessageNode","id":"d7dda050-c1e4-4051-ab97-bf9adedf1bcd","ts":"2025-12-04T14:41:07.297-05:00","eventName":"n8n.node.started","message":"n8n.node.started","payload":{"workflowId":"8y5ALZTU2BvkIrm4","workflowName":"General","executionId":"5","nodeType":"n8n-nodes-base.supabase","nodeName":"💾 Supabase Storage","nodeId":"5decf8b0-d187-4260-9cad-7841d180e7bb"}}
{"__type":"$$EventMessageConfirm","confirm":"d7dda050-c1e4-4051-ab97-bf9adedf1bcd","ts":"2025-12-04T14:41:07.297-05:00","source":{"id":"0","name":"eventBus"}}
{"__type":"$$EventMessageNode","id":"1d9d59db-6290-449b-9fbb-932e482cc355","ts":"2025-12-04T14:41:08.428-05:00","eventName":"n8n.node.finished","message":"n8n.node.finished","payload":{"workflowId":"8y5ALZTU2BvkIrm4","workflowName":"General","executionId":"5","nodeType":"n8n-nodes-base.supabase","nodeName":"💾 Supabase Storage","nodeId":"5decf8b0-d187-4260-9cad-7841d180e7bb"}}
{"__type":"$$EventMessageConfirm","confirm":"1d9d59db-6290-449b-9fbb-932e482cc355","ts":"2025-12-04T14:41:08.428-05:00","source":{"id":"0","name":"eventBus"}}
{"__type":"$$EventMessageNode","id":"fc8b17b8-d079-4a25-a022-bbf9d90c7603","ts":"2025-12-04T14:41:08.429-05:00","eventName":"n8n.node.started","message":"n8n.node.started","payload":{"workflowId":"8y5ALZTU2BvkIrm4","workflowName":"General","executionId":"5","nodeType":"n8n-nodes-base.code","nodeName":"Code in JavaScript1","nodeId":"fa6afa75-0195-4c00-9736-9fa0dfb030c1"}}
{"__type":"$$EventMessageConfirm","confirm":"fc8b17b8-d079-4a25-a022-bbf9d90c7603","ts":"2025-12-04T14:41:08.429-05:00","source":{"id":"0","name":"eventBus"}}
{"__type":"$$EventMessageNode","id":"c61e2a14-1821-4295-b151-4c063792d6ae","ts":"2025-12-04T14:41:08.437-05:00","eventName":"n8n.node.finished","message":"n8n.node.finished","payload":{"workflowId":"8y5ALZTU2BvkIrm4","workflowName":"General","executionId":"5","nodeType":"n8n-nodes-base.code","nodeName":"Code in JavaScript1","nodeId":"fa6afa75-0195-4c00-9736-9fa0dfb030c1"}}
{"__type":"$$EventMessageConfirm","confirm":"c61e2a14-1821-4295-b151-4c063792d6ae","ts":"2025-12-04T14:41:08.437-05:00","source":{"id":"0","name":"eventBus"}}
{"__type":"$$EventMessageNode","id":"4f8de5b7-d604-4d14-9ca2-f588109741d9","ts":"2025-12-04T14:41:08.438-05:00","eventName":"n8n.node.started","message":"n8n.node.started","payload":{"workflowId":"8y5ALZTU2BvkIrm4","workflowName":"General","executionId":"5","nodeType":"n8n-nodes-base.if","nodeName":"🎯 Check Great Deal","nodeId":"2d5f8692-815e-4325-a900-48f6502f5fc0"}}
{"__type":"$$EventMessageConfirm","confirm":"4f8de5b7-d604-4d14-9ca2-f588109741d9","ts":"2025-12-04T14:41:08.438-05:00","source":{"id":"0","name":"eventBus"}}
{"__type":"$$EventMessageNode","id":"12f49631-0a59-495a-8d6c-cdfb5272ee77","ts":"2025-12-04T14:41:08.440-05:00","eventName":"n8n.node.finished","message":"n8n.node.finished","payload":{"workflowId":"8y5ALZTU2BvkIrm4","workflowName":"General","executionId":"5","nodeType":"n8n-nodes-base.if","nodeName":"🎯 Check Great Deal","nodeId":"2d5f8692-815e-4325-a900-48f6502f5fc0"}}
{"__type":"$$EventMessageConfirm","confirm":"12f49631-0a59-495a-8d6c-cdfb5272ee77","ts":"2025-12-04T14:41:08.441-05:00","source":{"id":"0","name":"eventBus"}}
{"__type":"$$EventMessageNode","id":"2d744e53-bdce-4247-a872-defa360f0662","ts":"2025-12-04T14:41:08.441-05:00","eventName":"n8n.node.started","message":"n8n.node.started","payload":{"workflowId":"8y5ALZTU2BvkIrm4","workflowName":"General","executionId":"5","nodeType":"n8n-nodes-base.respondToWebhook","nodeName":"Respond to Webhook1","nodeId":"21d30c3a-21ce-476e-a3c4-2813894cc904"}}
{"__type":"$$EventMessageConfirm","confirm":"2d744e53-bdce-4247-a872-defa360f0662","ts":"2025-12-04T14:41:08.441-05:00","source":{"id":"0","name":"eventBus"}}
{"__type":"$$EventMessageNode","id":"f226a498-e4a9-491a-b037-b1851ba04648","ts":"2025-12-04T14:41:08.456-05:00","eventName":"n8n.node.finished","message":"n8n.node.finished","payload":{"workflowId":"8y5ALZTU2BvkIrm4","workflowName":"General","executionId":"5","nodeType":"n8n-nodes-base.respondToWebhook","nodeName":"Respond to Webhook1","nodeId":"21d30c3a-21ce-476e-a3c4-2813894cc904"}}
{"__type":"$$EventMessageConfirm","confirm":"f226a498-e4a9-491a-b037-b1851ba04648","ts":"2025-12-04T14:41:08.456-05:00","source":{"id":"0","name":"eventBus"}}
{"__type":"$$EventMessageWorkflow","id":"54458487-f6a6-4cec-ac7e-feb2976af3ab","ts":"2025-12-04T14:41:08.457-05:00","eventName":"n8n.workflow.success","message":"n8n.workflow.success","payload":{"executionId":"5","success":true,"isManual":false,"workflowId":"8y5ALZTU2BvkIrm4","workflowName":"General"}}
{"__type":"$$EventMessageConfirm","confirm":"54458487-f6a6-4cec-ac7e-feb2976af3ab","ts":"2025-12-04T14:41:08.457-05:00","source":{"id":"0","name":"eventBus"}}
{"__type":"$$EventMessageWorkflow","id":"6a4b41f1-4af8-48e8-b1b9-825a248a0031","ts":"2025-12-06T18:00:51.855-05:00","eventName":"n8n.workflow.started","message":"n8n.workflow.started","payload":{"executionId":"6","workflowId":"8y5ALZTU2BvkIrm4","isManual":false,"workflowName":"General"}}
{"__type":"$$EventMessageConfirm","confirm":"6a4b41f1-4af8-48e8-b1b9-825a248a0031","ts":"2025-12-06T18:00:51.868-05:00","source":{"id":"0","name":"eventBus"}}
{"__type":"$$EventMessageNode","id":"4685e664-5a44-4e21-acb6-9b30dc29272d","ts":"2025-12-06T18:00:51.879-05:00","eventName":"n8n.node.started","message":"n8n.node.started","payload":{"workflowId":"8y5ALZTU2BvkIrm4","workflowName":"General","executionId":"6","nodeType":"n8n-nodes-base.webhook","nodeName":"📱 Streamlit Webhook","nodeId":"ae8059ee-5c26-4af5-83ea-0b147821a989"}}
{"__type":"$$EventMessageConfirm","confirm":"4685e664-5a44-4e21-acb6-9b30dc29272d","ts":"2025-12-06T18:00:51.880-05:00","source":{"id":"0","name":"eventBus"}}
{"__type":"$$EventMessageNode","id":"07a09204-f259-4d9a-b429-f27f91c1b0e8","ts":"2025-12-06T18:00:51.889-05:00","eventName":"n8n.node.finished","message":"n8n.node.finished","payload":{"workflowId":"8y5ALZTU2BvkIrm4","workflowName":"General","executionId":"6","nodeType":"n8n-nodes-base.webhook","nodeName":"📱 Streamlit Webhook","nodeId":"ae8059ee-5c26-4af5-83ea-0b147821a989"}}
{"__type":"$$EventMessageConfirm","confirm":"07a09204-f259-4d9a-b429-f27f91c1b0e8","ts":"2025-12-06T18:00:51.889-05:00","source":{"id":"0","name":"eventBus"}}
{"__type":"$$EventMessageNode","id":"8e8ccf2e-9b5b-491c-90a0-161a8f789f87","ts":"2025-12-06T18:00:51.890-05:00","eventName":"n8n.node.started","message":"n8n.node.started","payload":{"workflowId":"8y5ALZTU2BvkIrm4","workflowName":"General","executionId":"6","nodeType":"n8n-nodes-base.function","nodeName":"Process Travel Data","nodeId":"02497c10-01cd-4448-8373-576a8cdff0cf"}}
{"__type":"$$EventMessageConfirm","confirm":"8e8ccf2e-9b5b-491c-90a0-161a8f789f87","ts":"2025-12-06T18:00:51.890-05:00","source":{"id":"0","name":"eventBus"}}
{"__type":"$$EventMessageNode","id":"32256854-522a-4cbf-a3d8-bd5627131a3e","ts":"2025-12-06T18:00:52.126-05:00","eventName":"n8n.node.finished","message":"n8n.node.finished","payload":{"workflowId":"8y5ALZTU2BvkIrm4","workflowName":"General","executionId":"6","nodeType":"n8n-nodes-base.function","nodeName":"Process Travel Data","nodeId":"02497c10-01cd-4448-8373-576a8cdff0cf"}}
{"__type":"$$EventMessageConfirm","confirm":"32256854-522a-4cbf-a3d8-bd5627131a3e","ts":"2025-12-06T18:00:52.126-05:00","source":{"id":"0","name":"eventBus"}}
{"__type":"$$EventMessageNode","id":"c044f971-97a6-4aeb-89bd-bfdd065f3e67","ts":"2025-12-06T18:00:52.128-05:00","eventName":"n8n.node.started","message":"n8n.node.started","payload":{"workflowId":"8y5ALZTU2BvkIrm4","workflowName":"General","executionId":"6","nodeType":"n8n-nodes-base.httpRequest","nodeName":"✈️ Skyscanner Flights","nodeId":"6d1d14dd-30a6-4993-a0b8-2e926b5e6f7d"}}
{"__type":"$$EventMessageConfirm","confirm":"c044f971-97a6-4aeb-89bd-bfdd065f3e67","ts":"2025-12-06T18:00:52.128-05:00","source":{"id":"0","name":"eventBus"}}
{"__type":"$$EventMessageNode","id":"b501c023-2f33-433d-8269-c3a7aa968747","ts":"2025-12-06T18:00:56.228-05:00","eventName":"n8n.node.finished","message":"n8n.node.finished","payload":{"workflowId":"8y5ALZTU2BvkIrm4","workflowName":"General","executionId":"6","nodeType":"n8n-nodes-base.httpRequest","nodeName":"✈️ Skyscanner Flights","nodeId":"6d1d14dd-30a6-4993-a0b8-2e926b5e6f7d"}}
{"__type":"$$EventMessageConfirm","confirm":"b501c023-2f33-433d-8269-c3a7aa968747","ts":"2025-12-06T18:00:56.229-05:00","source":{"id":"0","name":"eventBus"}}
{"__type":"$$EventMessageNode","id":"649755da-b847-4391-8611-4e522a2f850a","ts":"2025-12-06T18:00:56.230-05:00","eventName":"n8n.node.started","message":"n8n.node.started","payload":{"workflowId":"8y5ALZTU2BvkIrm4","workflowName":"General","executionId":"6","nodeType":"n8n-nodes-base.httpRequest","nodeName":"🗝️ Amadeus Auth Token","nodeId":"ddee2ef7-119f-4f23-8649-7285c81ad086"}}
{"__type":"$$EventMessageConfirm","confirm":"649755da-b847-4391-8611-4e522a2f850a","ts":"2025-12-06T18:00:56.230-05:00","source":{"id":"0","name":"eventBus"}}
{"__type":"$$EventMessageNode","id":"6cd95684-a2f3-4e77-ad12-b66fa2e2906f","ts":"2025-12-06T18:00:58.038-05:00","eventName":"n8n.node.finished","message":"n8n.node.finished","payload":{"workflowId":"8y5ALZTU2BvkIrm4","workflowName":"General","executionId":"6","nodeType":"n8n-nodes-base.httpRequest","nodeName":"🗝️ Amadeus Auth Token","nodeId":"ddee2ef7-119f-4f23-8649-7285c81ad086"}}
{"__type":"$$EventMessageConfirm","confirm":"6cd95684-a2f3-4e77-ad12-b66fa2e2906f","ts":"2025-12-06T18:00:58.038-05:00","source":{"id":"0","name":"eventBus"}}
{"__type":"$$EventMessageNode","id":"b4f4acad-5794-4687-88dd-b4f7c099b68b","ts":"2025-12-06T18:00:58.038-05:00","eventName":"n8n.node.started","message":"n8n.node.started","payload":{"workflowId":"8y5ALZTU2BvkIrm4","workflowName":"General","executionId":"6","nodeType":"n8n-nodes-base.httpRequest","nodeName":"🏨 Amadeus Hotels Search","nodeId":"335375c3-b2c4-488a-a187-5db699984bb5"}}
{"__type":"$$EventMessageConfirm","confirm":"b4f4acad-5794-4687-88dd-b4f7c099b68b","ts":"2025-12-06T18:00:58.039-05:00","source":{"id":"0","name":"eventBus"}}
{"__type":"$$EventMessageNode","id":"4b10958f-c136-43d0-afa8-2af2ab482715","ts":"2025-12-06T18:00:59.891-05:00","eventName":"n8n.node.finished","message":"n8n.node.finished","payload":{"workflowId":"8y5ALZTU2BvkIrm4","workflowName":"General","executionId":"6","nodeType":"n8n-nodes-base.httpRequest","nodeName":"🏨 Amadeus Hotels Search","nodeId":"335375c3-b2c4-488a-a187-5db699984bb5"}}
{"__type":"$$EventMessageConfirm","confirm":"4b10958f-c136-43d0-afa8-2af2ab482715","ts":"2025-12-06T18:00:59.901-05:00","source":{"id":"0","name":"eventBus"}}
{"__type":"$$EventMessageNode","id":"6e61df8f-1db1-41e5-ba4e-baaea3a7ca2e","ts":"2025-12-06T18:00:59.902-05:00","eventName":"n8n.node.started","message":"n8n.node.started","payload":{"workflowId":"8y5ALZTU2BvkIrm4","workflowName":"General","executionId":"6","nodeType":"n8n-nodes-base.code","nodeName":"🧩 Parse Amadeus Hotels","nodeId":"47677723-da63-41ea-8c58-4cff95258258"}}
{"__type":"$$EventMessageConfirm","confirm":"6e61df8f-1db1-41e5-ba4e-baaea3a7ca2e","ts":"2025-12-06T18:00:59.903-05:00","source":{"id":"0","name":"eventBus"}}
{"__type":"$$EventMessageNode","id":"c5dc5a52-4974-474f-a656-c903e1d49125","ts":"2025-12-06T18:01:00.076-05:00","eventName":"n8n.node.finished","message":"n8n.node.finished","payload":{"workflowId":"8y5ALZTU2BvkIrm4","workflowName":"General","executionId":"6","nodeType":"n8n-nodes-base.code","nodeName":"🧩 Parse Amadeus Hotels","nodeId":"47677723-da63-41ea-8c58-4cff95258258"}}
{"__type":"$$EventMessageConfirm","confirm":"c5dc5a52-4974-474f-a656-c903e1d49125","ts":"2025-12-06T18:01:00.076-05:00","source":{"id":"0","name":"eventBus"}}
{"__type":"$$EventMessageNode","id":"4a1b16d0-63eb-4162-af5f-b582845edca4","ts":"2025-12-06T18:01:00.079-05:00","eventName":"n8n.node.started","message":"n8n.node.started","payload":{"workflowId":"8y5ALZTU2BvkIrm4","workflowName":"General","executionId":"6","nodeType":"n8n-nodes-base.code","nodeName":"Code in JavaScript","nodeId":"9ad265ae-5dcc-402a-9191-c6e7792d671f"}}
{"__type":"$$EventMessageConfirm","confirm":"4a1b16d0-63eb-4162-af5f-b582845edca4","ts":"2025-12-06T18:01:00.080-05:00","source":{"id":"0","name":"eventBus"}}
{"__type":"$$EventMessageNode","id":"3b435f2d-8266-4d9c-ad57-72293d3f7ac0","ts":"2025-12-06T18:01:00.112-05:00","eventName":"n8n.node.finished","message":"n8n.node.finished","payload":{"workflowId":"8y5ALZTU2BvkIrm4","workflowName":"General","executionId":"6","nodeType":"n8n-nodes-base.code","nodeName":"Code in JavaScript","nodeId":"9ad265ae-5dcc-402a-9191-c6e7792d671f"}}
{"__type":"$$EventMessageConfirm","confirm":"3b435f2d-8266-4d9c-ad57-72293d3f7ac0","ts":"2025-12-06T18:01:00.113-05:00","source":{"id":"0","name":"eventBus"}}
{"__type":"$$EventMessageNode","id":"f73e6c11-44f3-4dd1-91b1-3cb90ac3d214","ts":"2025-12-06T18:01:00.114-05:00","eventName":"n8n.node.started","message":"n8n.node.started","payload":{"workflowId":"8y5ALZTU2BvkIrm4","workflowName":"General","executionId":"6","nodeType":"n8n-nodes-base.function","nodeName":"💡 Generate Travel Recommendations","nodeId":"300dd062-67fe-4694-b4db-81170145ca24"}}
{"__type":"$$EventMessageConfirm","confirm":"f73e6c11-44f3-4dd1-91b1-3cb90ac3d214","ts":"2025-12-06T18:01:00.115-05:00","source":{"id":"0","name":"eventBus"}}
{"__type":"$$EventMessageNode","id":"4d6f1736-5946-45e5-94b6-177ee119e18a","ts":"2025-12-06T18:01:00.146-05:00","eventName":"n8n.node.finished","message":"n8n.node.finished","payload":{"workflowId":"8y5ALZTU2BvkIrm4","workflowName":"General","executionId":"6","nodeType":"n8n-nodes-base.function","nodeName":"💡 Generate Travel Recommendations","nodeId":"300dd062-67fe-4694-b4db-81170145ca24"}}
{"__type":"$$EventMessageConfirm","confirm":"4d6f1736-5946-45e5-94b6-177ee119e18a","ts":"2025-12-06T18:01:00.147-05:00","source":{"id":"0","name":"eventBus"}}
{"__type":"$$EventMessageNode","id":"47f82b3f-42a8-4416-ba66-42d19526da67","ts":"2025-12-06T18:01:00.147-05:00","eventName":"n8n.node.started","message":"n8n.node.started","payload":{"workflowId":"8y5ALZTU2BvkIrm4","workflowName":"General","executionId":"6","nodeType":"n8n-nodes-base.supabase","nodeName":"💾 Supabase Storage","nodeId":"5decf8b0-d187-4260-9cad-7841d180e7bb"}}
{"__type":"$$EventMessageConfirm","confirm":"47f82b3f-42a8-4416-ba66-42d19526da67","ts":"2025-12-06T18:01:00.147-05:00","source":{"id":"0","name":"eventBus"}}
{"__type":"$$EventMessageNode","id":"a41ba03d-5720-47b6-a33f-deba2dc2d366","ts":"2025-12-06T18:01:02.226-05:00","eventName":"n8n.node.finished","message":"n8n.node.finished","payload":{"workflowId":"8y5ALZTU2BvkIrm4","workflowName":"General","executionId":"6","nodeType":"n8n-nodes-base.supabase","nodeName":"💾 Supabase Storage","nodeId":"5decf8b0-d187-4260-9cad-7841d180e7bb"}}
{"__type":"$$EventMessageConfirm","confirm":"a41ba03d-5720-47b6-a33f-deba2dc2d366","ts":"2025-12-06T18:01:02.227-05:00","source":{"id":"0","name":"eventBus"}}
{"__type":"$$EventMessageNode","id":"6e52e661-c6ce-4216-8638-b0567ce43463","ts":"2025-12-06T18:01:02.227-05:00","eventName":"n8n.node.started","message":"n8n.node.started","payload":{"workflowId":"8y5ALZTU2BvkIrm4","workflowName":"General","executionId":"6","nodeType":"n8n-nodes-base.code","nodeName":"Code in JavaScript1","nodeId":"fa6afa75-0195-4c00-9736-9fa0dfb030c1"}}
{"__type":"$$EventMessageConfirm","confirm":"6e52e661-c6ce-4216-8638-b0567ce43463","ts":"2025-12-06T18:01:02.227-05:00","source":{"id":"0","name":"eventBus"}}
{"__type":"$$EventMessageNode","id":"80cbac31-11a3-41f4-85d2-2567c31f8155","ts":"2025-12-06T18:01:02.243-05:00","eventName":"n8n.node.finished","message":"n8n.node.finished","payload":{"workflowId":"8y5ALZTU2BvkIrm4","workflowName":"General","executionId":"6","nodeType":"n8n-nodes-base.code","nodeName":"Code in JavaScript1","nodeId":"fa6afa75-0195-4c00-9736-9fa0dfb030c1"}}
{"__type":"$$EventMessageConfirm","confirm":"80cbac31-11a3-41f4-85d2-2567c31f8155","ts":"2025-12-06T18:01:02.244-05:00","source":{"id":"0","name":"eventBus"}}
{"__type":"$$EventMessageNode","id":"d96a8a5b-cad1-4f0f-a2d5-efed5f151b57","ts":"2025-12-06T18:01:02.244-05:00","eventName":"n8n.node.started","message":"n8n.node.started","payload":{"workflowId":"8y5ALZTU2BvkIrm4","workflowName":"General","executionId":"6","nodeType":"n8n-nodes-base.if","nodeName":"🎯 Check Great Deal","nodeId":"2d5f8692-815e-4325-a900-48f6502f5fc0"}}
{"__type":"$$EventMessageConfirm","confirm":"d96a8a5b-cad1-4f0f-a2d5-efed5f151b57","ts":"2025-12-06T18:01:02.244-05:00","source":{"id":"0","name":"eventBus"}}
{"__type":"$$EventMessageNode","id":"31e2241c-b7cc-4e59-b5f9-273215a670a1","ts":"2025-12-06T18:01:02.247-05:00","eventName":"n8n.node.finished","message":"n8n.node.finished","payload":{"workflowId":"8y5ALZTU2BvkIrm4","workflowName":"General","executionId":"6","nodeType":"n8n-nodes-base.if","nodeName":"🎯 Check Great Deal","nodeId":"2d5f8692-815e-4325-a900-48f6502f5fc0"}}
{"__type":"$$EventMessageConfirm","confirm":"31e2241c-b7cc-4e59-b5f9-273215a670a1","ts":"2025-12-06T18:01:02.247-05:00","source":{"id":"0","name":"eventBus"}}
{"__type":"$$EventMessageNode","id":"62979a5c-5891-44f9-962f-02deec6c58a0","ts":"2025-12-06T18:01:02.247-05:00","eventName":"n8n.node.started","message":"n8n.node.started","payload":{"workflowId":"8y5ALZTU2BvkIrm4","workflowName":"General","executionId":"6","nodeType":"n8n-nodes-base.emailSend","nodeName":"Enviar Correo1","nodeId":"cae987c6-c9aa-4be8-abd1-aa4d4e16b230"}}
{"__type":"$$EventMessageConfirm","confirm":"62979a5c-5891-44f9-962f-02deec6c58a0","ts":"2025-12-06T18:01:02.247-05:00","source":{"id":"0","name":"eventBus"}}
{"__type":"$$EventMessageNode","id":"c9ef6ac0-7e78-4294-8c79-4042d48bc914","ts":"2025-12-06T18:01:05.697-05:00","eventName":"n8n.node.finished","message":"n8n.node.finished","payload":{"workflowId":"8y5ALZTU2BvkIrm4","workflowName":"General","executionId":"6","nodeType":"n8n-nodes-base.emailSend","nodeName":"Enviar Correo1","nodeId":"cae987c6-c9aa-4be8-abd1-aa4d4e16b230"}}
{"__type":"$$EventMessageConfirm","confirm":"c9ef6ac0-7e78-4294-8c79-4042d48bc914","ts":"2025-12-06T18:01:05.698-05:00","source":{"id":"0","name":"eventBus"}}
{"__type":"$$EventMessageNode","id":"19bce895-a208-4d27-88c9-69e6905bda1b","ts":"2025-12-06T18:01:05.699-05:00","eventName":"n8n.node.started","message":"n8n.node.started","payload":{"workflowId":"8y5ALZTU2BvkIrm4","workflowName":"General","executionId":"6","nodeType":"n8n-nodes-base.respondToWebhook","nodeName":"Respond to Webhook1","nodeId":"21d30c3a-21ce-476e-a3c4-2813894cc904"}}
{"__type":"$$EventMessageConfirm","confirm":"19bce895-a208-4d27-88c9-69e6905bda1b","ts":"2025-12-06T18:01:05.699-05:00","source":{"id":"0","name":"eventBus"}}
{"__type":"$$EventMessageNode","id":"f598ed04-1e0c-4faa-9ab8-7a136eb6dd96","ts":"2025-12-06T18:01:05.705-05:00","eventName":"n8n.node.finished","message":"n8n.node.finished","payload":{"workflowId":"8y5ALZTU2BvkIrm4","workflowName":"General","executionId":"6","nodeType":"n8n-nodes-base.respondToWebhook","nodeName":"Respond to Webhook1","nodeId":"21d30c3a-21ce-476e-a3c4-2813894cc904"}}
{"__type":"$$EventMessageConfirm","confirm":"f598ed04-1e0c-4faa-9ab8-7a136eb6dd96","ts":"2025-12-06T18:01:05.705-05:00","source":{"id":"0","name":"eventBus"}}
{"__type":"$$EventMessageWorkflow","id":"cf423a1a-4904-4bb7-a80a-c48bd02ab6c1","ts":"2025-12-06T18:01:05.706-05:00","eventName":"n8n.workflow.success","message":"n8n.workflow.success","payload":{"executionId":"6","success":true,"isManual":false,"workflowId":"8y5ALZTU2BvkIrm4","workflowName":"General"}}
{"__type":"$$EventMessageConfirm","confirm":"cf423a1a-4904-4bb7-a80a-c48bd02ab6c1","ts":"2025-12-06T18:01:05.707-05:00","source":{"id":"0","name":"eventBus"}}
{"__type":"$$EventMessageWorkflow","id":"2f362269-1f2d-483b-acc2-0d9fd3a55e12","ts":"2025-12-06T18:16:47.132-05:00","eventName":"n8n.workflow.started","message":"n8n.workflow.started","payload":{"executionId":"7","workflowId":"8y5ALZTU2BvkIrm4","isManual":false,"workflowName":"General"}}
{"__type":"$$EventMessageConfirm","confirm":"2f362269-1f2d-483b-acc2-0d9fd3a55e12","ts":"2025-12-06T18:16:47.133-05:00","source":{"id":"0","name":"eventBus"}}
{"__type":"$$EventMessageNode","id":"1bbe2e43-ba7d-4cc9-9600-47b6bba5802b","ts":"2025-12-06T18:16:47.134-05:00","eventName":"n8n.node.started","message":"n8n.node.started","payload":{"workflowId":"8y5ALZTU2BvkIrm4","workflowName":"General","executionId":"7","nodeType":"n8n-nodes-base.webhook","nodeName":"📱 Streamlit Webhook","nodeId":"ae8059ee-5c26-4af5-83ea-0b147821a989"}}
{"__type":"$$EventMessageConfirm","confirm":"1bbe2e43-ba7d-4cc9-9600-47b6bba5802b","ts":"2025-12-06T18:16:47.135-05:00","source":{"id":"0","name":"eventBus"}}
{"__type":"$$EventMessageNode","id":"468af866-bd49-463d-ba46-3d87acfb6797","ts":"2025-12-06T18:16:47.137-05:00","eventName":"n8n.node.finished","message":"n8n.node.finished","payload":{"workflowId":"8y5ALZTU2BvkIrm4","workflowName":"General","executionId":"7","nodeType":"n8n-nodes-base.webhook","nodeName":"📱 Streamlit Webhook","nodeId":"ae8059ee-5c26-4af5-83ea-0b147821a989"}}
{"__type":"$$EventMessageConfirm","confirm":"468af866-bd49-463d-ba46-3d87acfb6797","ts":"2025-12-06T18:16:47.137-05:00","source":{"id":"0","name":"eventBus"}}
{"__type":"$$EventMessageNode","id":"eafb666c-bc23-4d2b-955c-18a9fac0710e","ts":"2025-12-06T18:16:47.137-05:00","eventName":"n8n.node.started","message":"n8n.node.started","payload":{"workflowId":"8y5ALZTU2BvkIrm4","workflowName":"General","executionId":"7","nodeType":"n8n-nodes-base.function","nodeName":"Process Travel Data","nodeId":"02497c10-01cd-4448-8373-576a8cdff0cf"}}
{"__type":"$$EventMessageConfirm","confirm":"eafb666c-bc23-4d2b-955c-18a9fac0710e","ts":"2025-12-06T18:16:47.137-05:00","source":{"id":"0","name":"eventBus"}}
{"__type":"$$EventMessageNode","id":"e0a063ec-fa81-4f1e-bd97-0fcba1f5c858","ts":"2025-12-06T18:16:47.206-05:00","eventName":"n8n.node.finished","message":"n8n.node.finished","payload":{"workflowId":"8y5ALZTU2BvkIrm4","workflowName":"General","executionId":"7","nodeType":"n8n-nodes-base.function","nodeName":"Process Travel Data","nodeId":"02497c10-01cd-4448-8373-576a8cdff0cf"}}
{"__type":"$$EventMessageConfirm","confirm":"e0a063ec-fa81-4f1e-bd97-0fcba1f5c858","ts":"2025-12-06T18:16:47.207-05:00","source":{"id":"0","name":"eventBus"}}
{"__type":"$$EventMessageWorkflow","id":"2b46ad21-488d-4202-9d08-3b61c4193345","ts":"2025-12-06T18:16:47.213-05:00","eventName":"n8n.workflow.failed","message":"n8n.workflow.failed","payload":{"executionId":"7","success":false,"isManual":false,"workflowId":"8y5ALZTU2BvkIrm4","workflowName":"General","lastNodeExecuted":"Process Travel Data","errorMessage":"Campos requeridos faltantes: origin, destination, departure_date, return_date, travelers [Line 9]"}}
{"__type":"$$EventMessageConfirm","confirm":"2b46ad21-488d-4202-9d08-3b61c4193345","ts":"2025-12-06T18:16:47.214-05:00","source":{"id":"0","name":"eventBus"}}
{"__type":"$$EventMessageWorkflow","id":"e28c5bd7-508b-4d24-8d7d-6a7fbbafb2c0","ts":"2025-12-06T18:16:47.519-05:00","eventName":"n8n.workflow.started","message":"n8n.workflow.started","payload":{"executionId":"8","workflowId":"8y5ALZTU2BvkIrm4","isManual":false,"workflowName":"General"}}
{"__type":"$$EventMessageConfirm","confirm":"e28c5bd7-508b-4d24-8d7d-6a7fbbafb2c0","ts":"2025-12-06T18:16:47.519-05:00","source":{"id":"0","name":"eventBus"}}
{"__type":"$$EventMessageNode","id":"6621a5d2-0ee3-4b1a-a09a-5e4412eb95a9","ts":"2025-12-06T18:16:47.520-05:00","eventName":"n8n.node.started","message":"n8n.node.started","payload":{"workflowId":"8y5ALZTU2BvkIrm4","workflowName":"General","executionId":"8","nodeType":"n8n-nodes-base.webhook","nodeName":"📱 Streamlit Webhook","nodeId":"ae8059ee-5c26-4af5-83ea-0b147821a989"}}
{"__type":"$$EventMessageConfirm","confirm":"6621a5d2-0ee3-4b1a-a09a-5e4412eb95a9","ts":"2025-12-06T18:16:47.521-05:00","source":{"id":"0","name":"eventBus"}}
{"__type":"$$EventMessageNode","id":"4432f8fb-4909-499e-9864-ca1c3dbeb023","ts":"2025-12-06T18:16:47.521-05:00","eventName":"n8n.node.finished","message":"n8n.node.finished","payload":{"workflowId":"8y5ALZTU2BvkIrm4","workflowName":"General","executionId":"8","nodeType":"n8n-nodes-base.webhook","nodeName":"📱 Streamlit Webhook","nodeId":"ae8059ee-5c26-4af5-83ea-0b147821a989"}}
{"__type":"$$EventMessageConfirm","confirm":"4432f8fb-4909-499e-9864-ca1c3dbeb023","ts":"2025-12-06T18:16:47.521-05:00","source":{"id":"0","name":"eventBus"}}
{"__type":"$$EventMessageNode","id":"39996161-9578-4919-9f83-04e1b041ec1f","ts":"2025-12-06T18:16:47.521-05:00","eventName":"n8n.node.started","message":"n8n.node.started","payload":{"workflowId":"8y5ALZTU2BvkIrm4","workflowName":"General","executionId":"8","nodeType":"n8n-nodes-base.function","nodeName":"Process Travel Data","nodeId":"02497c10-01cd-4448-8373-576a8cdff0cf"}}
{"__type":"$$EventMessageConfirm","confirm":"39996161-9578-4919-9f83-04e1b041ec1f","ts":"2025-12-06T18:16:47.522-05:00","source":{"id":"0","name":"eventBus"}}
{"__type":"$$EventMessageNode","id":"91c3a4c5-d1ee-4cb3-8383-00e83768d2d2","ts":"2025-12-06T18:16:47.550-05:00","eventName":"n8n.node.finished","message":"n8n.node.finished","payload":{"workflowId":"8y5ALZTU2BvkIrm4","workflowName":"General","executionId":"8","nodeType":"n8n-nodes-base.function","nodeName":"Process Travel Data","nodeId":"02497c10-01cd-4448-8373-576a8cdff0cf"}}
{"__type":"$$EventMessageConfirm","confirm":"91c3a4c5-d1ee-4cb3-8383-00e83768d2d2","ts":"2025-12-06T18:16:47.550-05:00","source":{"id":"0","name":"eventBus"}}
{"__type":"$$EventMessageWorkflow","id":"82e7a70e-5144-4af5-8988-e42201a36f87","ts":"2025-12-06T18:16:47.550-05:00","eventName":"n8n.workflow.failed","message":"n8n.workflow.failed","payload":{"executionId":"8","success":false,"isManual":false,"workflowId":"8y5ALZTU2BvkIrm4","workflowName":"General","lastNodeExecuted":"Process Travel Data","errorMessage":"Campos requeridos faltantes: origin, destination, departure_date, return_date, travelers [Line 9]"}}
{"__type":"$$EventMessageConfirm","confirm":"82e7a70e-5144-4af5-8988-e42201a36f87","ts":"2025-12-06T18:16:47.550-05:00","source":{"id":"0","name":"eventBus"}}
{"__type":"$$EventMessageWorkflow","id":"b14db6d9-4a50-4bef-8c78-48b0c3de45f6","ts":"2025-12-06T18:16:47.838-05:00","eventName":"n8n.workflow.started","message":"n8n.workflow.started","payload":{"executionId":"9","workflowId":"8y5ALZTU2BvkIrm4","isManual":false,"workflowName":"General"}}
{"__type":"$$EventMessageConfirm","confirm":"b14db6d9-4a50-4bef-8c78-48b0c3de45f6","ts":"2025-12-06T18:16:47.839-05:00","source":{"id":"0","name":"eventBus"}}
{"__type":"$$EventMessageNode","id":"fef54e53-38ea-4377-aba2-786a0da33a0e","ts":"2025-12-06T18:16:47.840-05:00","eventName":"n8n.node.started","message":"n8n.node.started","payload":{"workflowId":"8y5ALZTU2BvkIrm4","workflowName":"General","executionId":"9","nodeType":"n8n-nodes-base.webhook","nodeName":"📱 Streamlit Webhook","nodeId":"ae8059ee-5c26-4af5-83ea-0b147821a989"}}
{"__type":"$$EventMessageConfirm","confirm":"fef54e53-38ea-4377-aba2-786a0da33a0e","ts":"2025-12-06T18:16:47.841-05:00","source":{"id":"0","name":"eventBus"}}
{"__type":"$$EventMessageNode","id":"3a52a6ee-bfdb-4223-8d7f-a6256edc1124","ts":"2025-12-06T18:16:47.841-05:00","eventName":"n8n.node.finished","message":"n8n.node.finished","payload":{"workflowId":"8y5ALZTU2BvkIrm4","workflowName":"General","executionId":"9","nodeType":"n8n-nodes-base.webhook","nodeName":"📱 Streamlit Webhook","nodeId":"ae8059ee-5c26-4af5-83ea-0b147821a989"}}
{"__type":"$$EventMessageConfirm","confirm":"3a52a6ee-bfdb-4223-8d7f-a6256edc1124","ts":"2025-12-06T18:16:47.841-05:00","source":{"id":"0","name":"eventBus"}}
{"__type":"$$EventMessageNode","id":"45eda2d6-23ed-4736-8ae1-421387618571","ts":"2025-12-06T18:16:47.842-05:00","eventName":"n8n.node.started","message":"n8n.node.started","payload":{"workflowId":"8y5ALZTU2BvkIrm4","workflowName":"General","executionId":"9","nodeType":"n8n-nodes-base.function","nodeName":"Process Travel Data","nodeId":"02497c10-01cd-4448-8373-576a8cdff0cf"}}
{"__type":"$$EventMessageConfirm","confirm":"45eda2d6-23ed-4736-8ae1-421387618571","ts":"2025-12-06T18:16:47.842-05:00","source":{"id":"0","name":"eventBus"}}
{"__type":"$$EventMessageNode","id":"3b189570-3b9c-4abe-b9c9-9ce49577f2fc","ts":"2025-12-06T18:16:47.862-05:00","eventName":"n8n.node.finished","message":"n8n.node.finished","payload":{"workflowId":"8y5ALZTU2BvkIrm4","workflowName":"General","executionId":"9","nodeType":"n8n-nodes-base.function","nodeName":"Process Travel Data","nodeId":"02497c10-01cd-4448-8373-576a8cdff0cf"}}
{"__type":"$$EventMessageConfirm","confirm":"3b189570-3b9c-4abe-b9c9-9ce49577f2fc","ts":"2025-12-06T18:16:47.862-05:00","source":{"id":"0","name":"eventBus"}}
{"__type":"$$EventMessageWorkflow","id":"286a77fa-bf91-4852-b2ae-c01e290c899f","ts":"2025-12-06T18:16:47.864-05:00","eventName":"n8n.workflow.failed","message":"n8n.workflow.failed","payload":{"executionId":"9","success":false,"isManual":false,"workflowId":"8y5ALZTU2BvkIrm4","workflowName":"General","lastNodeExecuted":"Process Travel Data","errorMessage":"Campos requeridos faltantes: origin, destination, departure_date, return_date, travelers [Line 9]"}}
{"__type":"$$EventMessageConfirm","confirm":"286a77fa-bf91-4852-b2ae-c01e290c899f","ts":"2025-12-06T18:16:47.865-05:00","source":{"id":"0","name":"eventBus"}}
{"__type":"$$EventMessageWorkflow","id":"24c6d2d8-253f-4444-84dd-6bb8a1f3c855","ts":"2025-12-06T18:16:48.140-05:00","eventName":"n8n.workflow.started","message":"n8n.workflow.started","payload":{"executionId":"10","workflowId":"8y5ALZTU2BvkIrm4","isManual":false,"workflowName":"General"}}
{"__type":"$$EventMessageConfirm","confirm":"24c6d2d8-253f-4444-84dd-6bb8a1f3c855","ts":"2025-12-06T18:16:48.140-05:00","source":{"id":"0","name":"eventBus"}}
{"__type":"$$EventMessageNode","id":"fa89ebf0-2dc0-4f9a-9994-9d3e8c78865c","ts":"2025-12-06T18:16:48.141-05:00","eventName":"n8n.node.started","message":"n8n.node.started","payload":{"workflowId":"8y5ALZTU2BvkIrm4","workflowName":"General","executionId":"10","nodeType":"n8n-nodes-base.webhook","nodeName":"📱 Streamlit Webhook","nodeId":"ae8059ee-5c26-4af5-83ea-0b147821a989"}}
{"__type":"$$EventMessageConfirm","confirm":"fa89ebf0-2dc0-4f9a-9994-9d3e8c78865c","ts":"2025-12-06T18:16:48.141-05:00","source":{"id":"0","name":"eventBus"}}
{"__type":"$$EventMessageNode","id":"34522141-04a4-42b7-a73c-4d439aa53dd1","ts":"2025-12-06T18:16:48.141-05:00","eventName":"n8n.node.finished","message":"n8n.node.finished","payload":{"workflowId":"8y5ALZTU2BvkIrm4","workflowName":"General","executionId":"10","nodeType":"n8n-nodes-base.webhook","nodeName":"📱 Streamlit Webhook","nodeId":"ae8059ee-5c26-4af5-83ea-0b147821a989"}}
{"__type":"$$EventMessageConfirm","confirm":"34522141-04a4-42b7-a73c-4d439aa53dd1","ts":"2025-12-06T18:16:48.141-05:00","source":{"id":"0","name":"eventBus"}}
{"__type":"$$EventMessageNode","id":"bed5bbb1-5bbe-400f-8f43-829da911eaec","ts":"2025-12-06T18:16:48.141-05:00","eventName":"n8n.node.started","message":"n8n.node.started","payload":{"workflowId":"8y5ALZTU2BvkIrm4","workflowName":"General","executionId":"10","nodeType":"n8n-nodes-base.function","nodeName":"Process Travel Data","nodeId":"02497c10-01cd-4448-8373-576a8cdff0cf"}}
{"__type":"$$EventMessageConfirm","confirm":"bed5bbb1-5bbe-400f-8f43-829da911eaec","ts":"2025-12-06T18:16:48.141-05:00","source":{"id":"0","name":"eventBus"}}
{"__type":"$$EventMessageNode","id":"95c09eff-821e-4a68-9153-91abba10b99b","ts":"2025-12-06T18:16:48.156-05:00","eventName":"n8n.node.finished","message":"n8n.node.finished","payload":{"workflowId":"8y5ALZTU2BvkIrm4","workflowName":"General","executionId":"10","nodeType":"n8n-nodes-base.function","nodeName":"Process Travel Data","nodeId":"02497c10-01cd-4448-8373-576a8cdff0cf"}}
{"__type":"$$EventMessageConfirm","confirm":"95c09eff-821e-4a68-9153-91abba10b99b","ts":"2025-12-06T18:16:48.156-05:00","source":{"id":"0","name":"eventBus"}}
{"__type":"$$EventMessageWorkflow","id":"2f81da5a-43ee-4dd1-8c02-e5cf6f2fd4a1","ts":"2025-12-06T18:16:48.156-05:00","eventName":"n8n.workflow.failed","message":"n8n.workflow.failed","payload":{"executionId":"10","success":false,"isManual":false,"workflowId":"8y5ALZTU2BvkIrm4","workflowName":"General","lastNodeExecuted":"Process Travel Data","errorMessage":"Campos requeridos faltantes: origin, destination, departure_date, return_date, travelers [Line 9]"}}
{"__type":"$$EventMessageConfirm","confirm":"2f81da5a-43ee-4dd1-8c02-e5cf6f2fd4a1","ts":"2025-12-06T18:16:48.157-05:00","source":{"id":"0","name":"eventBus"}}
{"__type":"$$EventMessageWorkflow","id":"d2bd118d-a03e-4b33-8022-189955b08e37","ts":"2025-12-06T18:16:48.444-05:00","eventName":"n8n.workflow.started","message":"n8n.workflow.started","payload":{"executionId":"11","workflowId":"8y5ALZTU2BvkIrm4","isManual":false,"workflowName":"General"}}
{"__type":"$$EventMessageConfirm","confirm":"d2bd118d-a03e-4b33-8022-189955b08e37","ts":"2025-12-06T18:16:48.444-05:00","source":{"id":"0","name":"eventBus"}}
{"__type":"$$EventMessageNode","id":"8a4838ba-0e19-4205-83d3-d65dc5d0f6d3","ts":"2025-12-06T18:16:48.445-05:00","eventName":"n8n.node.started","message":"n8n.node.started","payload":{"workflowId":"8y5ALZTU2BvkIrm4","workflowName":"General","executionId":"11","nodeType":"n8n-nodes-base.webhook","nodeName":"📱 Streamlit Webhook","nodeId":"ae8059ee-5c26-4af5-83ea-0b147821a989"}}
{"__type":"$$EventMessageConfirm","confirm":"8a4838ba-0e19-4205-83d3-d65dc5d0f6d3","ts":"2025-12-06T18:16:48.445-05:00","source":{"id":"0","name":"eventBus"}}
{"__type":"$$EventMessageNode","id":"cddba97a-7f7d-485a-b803-391c3716d3f4","ts":"2025-12-06T18:16:48.445-05:00","eventName":"n8n.node.finished","message":"n8n.node.finished","payload":{"workflowId":"8y5ALZTU2BvkIrm4","workflowName":"General","executionId":"11","nodeType":"n8n-nodes-base.webhook","nodeName":"📱 Streamlit Webhook","nodeId":"ae8059ee-5c26-4af5-83ea-0b147821a989"}}
{"__type":"$$EventMessageConfirm","confirm":"cddba97a-7f7d-485a-b803-391c3716d3f4","ts":"2025-12-06T18:16:48.445-05:00","source":{"id":"0","name":"eventBus"}}
{"__type":"$$EventMessageNode","id":"bdd3ad05-6849-4bd0-872c-86414c9d8e21","ts":"2025-12-06T18:16:48.445-05:00","eventName":"n8n.node.started","message":"n8n.node.started","payload":{"workflowId":"8y5ALZTU2BvkIrm4","workflowName":"General","executionId":"11","nodeType":"n8n-nodes-base.function","nodeName":"Process Travel Data","nodeId":"02497c10-01cd-4448-8373-576a8cdff0cf"}}
{"__type":"$$EventMessageConfirm","confirm":"bdd3ad05-6849-4bd0-872c-86414c9d8e21","ts":"2025-12-06T18:16:48.445-05:00","source":{"id":"0","name":"eventBus"}}
{"__type":"$$EventMessageNode","id":"c7f78ede-a378-49cc-8128-c4d7ba1a3474","ts":"2025-12-06T18:16:48.456-05:00","eventName":"n8n.node.finished","message":"n8n.node.finished","payload":{"workflowId":"8y5ALZTU2BvkIrm4","workflowName":"General","executionId":"11","nodeType":"n8n-nodes-base.function","nodeName":"Process Travel Data","nodeId":"02497c10-01cd-4448-8373-576a8cdff0cf"}}
{"__type":"$$EventMessageConfirm","confirm":"c7f78ede-a378-49cc-8128-c4d7ba1a3474","ts":"2025-12-06T18:16:48.457-05:00","source":{"id":"0","name":"eventBus"}}
{"__type":"$$EventMessageWorkflow","id":"e5fd88f1-2faf-4564-a7ed-2199c77aaddc","ts":"2025-12-06T18:16:48.457-05:00","eventName":"n8n.workflow.failed","message":"n8n.workflow.failed","payload":{"executionId":"11","success":false,"isManual":false,"workflowId":"8y5ALZTU2BvkIrm4","workflowName":"General","lastNodeExecuted":"Process Travel Data","errorMessage":"Campos requeridos faltantes: origin, destination, departure_date, return_date, travelers [Line 9]"}}
{"__type":"$$EventMessageConfirm","confirm":"e5fd88f1-2faf-4564-a7ed-2199c77aaddc","ts":"2025-12-06T18:16:48.457-05:00","source":{"id":"0","name":"eventBus"}}
{"__type":"$$EventMessageWorkflow","id":"f9bc2b6e-318c-42bd-a11c-f3e4c14cb244","ts":"2025-12-06T18:23:19.243-05:00","eventName":"n8n.workflow.started","message":"n8n.workflow.started","payload":{"executionId":"12","workflowId":"8y5ALZTU2BvkIrm4","isManual":false,"workflowName":"General"}}
{"__type":"$$EventMessageConfirm","confirm":"f9bc2b6e-318c-42bd-a11c-f3e4c14cb244","ts":"2025-12-06T18:23:19.244-05:00","source":{"id":"0","name":"eventBus"}}
{"__type":"$$EventMessageNode","id":"940121b0-fbe9-4178-96ff-9c4428d1475d","ts":"2025-12-06T18:23:19.244-05:00","eventName":"n8n.node.started","message":"n8n.node.started","payload":{"workflowId":"8y5ALZTU2BvkIrm4","workflowName":"General","executionId":"12","nodeType":"n8n-nodes-base.webhook","nodeName":"📱 Streamlit Webhook","nodeId":"ae8059ee-5c26-4af5-83ea-0b147821a989"}}
{"__type":"$$EventMessageConfirm","confirm":"940121b0-fbe9-4178-96ff-9c4428d1475d","ts":"2025-12-06T18:23:19.244-05:00","source":{"id":"0","name":"eventBus"}}
{"__type":"$$EventMessageNode","id":"f2dfac9d-b739-4d57-91ca-ecef6b86fdf5","ts":"2025-12-06T18:23:19.245-05:00","eventName":"n8n.node.finished","message":"n8n.node.finished","payload":{"workflowId":"8y5ALZTU2BvkIrm4","workflowName":"General","executionId":"12","nodeType":"n8n-nodes-base.webhook","nodeName":"📱 Streamlit Webhook","nodeId":"ae8059ee-5c26-4af5-83ea-0b147821a989"}}
{"__type":"$$EventMessageConfirm","confirm":"f2dfac9d-b739-4d57-91ca-ecef6b86fdf5","ts":"2025-12-06T18:23:19.245-05:00","source":{"id":"0","name":"eventBus"}}
{"__type":"$$EventMessageNode","id":"e72a4f08-5a10-40c3-947c-033bb710f358","ts":"2025-12-06T18:23:19.245-05:00","eventName":"n8n.node.started","message":"n8n.node.started","payload":{"workflowId":"8y5ALZTU2BvkIrm4","workflowName":"General","executionId":"12","nodeType":"n8n-nodes-base.function","nodeName":"Process Travel Data","nodeId":"02497c10-01cd-4448-8373-576a8cdff0cf"}}
{"__type":"$$EventMessageConfirm","confirm":"e72a4f08-5a10-40c3-947c-033bb710f358","ts":"2025-12-06T18:23:19.245-05:00","source":{"id":"0","name":"eventBus"}}
{"__type":"$$EventMessageNode","id":"2789fa41-f8b1-4608-abec-0d68593ce57f","ts":"2025-12-06T18:23:19.279-05:00","eventName":"n8n.node.finished","message":"n8n.node.finished","payload":{"workflowId":"8y5ALZTU2BvkIrm4","workflowName":"General","executionId":"12","nodeType":"n8n-nodes-base.function","nodeName":"Process Travel Data","nodeId":"02497c10-01cd-4448-8373-576a8cdff0cf"}}
{"__type":"$$EventMessageConfirm","confirm":"2789fa41-f8b1-4608-abec-0d68593ce57f","ts":"2025-12-06T18:23:19.280-05:00","source":{"id":"0","name":"eventBus"}}
{"__type":"$$EventMessageNode","id":"522d6233-53c0-46c3-b817-e99dd7bbdbc7","ts":"2025-12-06T18:23:19.280-05:00","eventName":"n8n.node.started","message":"n8n.node.started","payload":{"workflowId":"8y5ALZTU2BvkIrm4","workflowName":"General","executionId":"12","nodeType":"n8n-nodes-base.httpRequest","nodeName":"✈️ Skyscanner Flights","nodeId":"6d1d14dd-30a6-4993-a0b8-2e926b5e6f7d"}}
{"__type":"$$EventMessageConfirm","confirm":"522d6233-53c0-46c3-b817-e99dd7bbdbc7","ts":"2025-12-06T18:23:19.280-05:00","source":{"id":"0","name":"eventBus"}}
{"__type":"$$EventMessageNode","id":"df86b093-a2f6-49c9-8ef5-b1b5161ca81c","ts":"2025-12-06T18:23:23.089-05:00","eventName":"n8n.node.finished","message":"n8n.node.finished","payload":{"workflowId":"8y5ALZTU2BvkIrm4","workflowName":"General","executionId":"12","nodeType":"n8n-nodes-base.httpRequest","nodeName":"✈️ Skyscanner Flights","nodeId":"6d1d14dd-30a6-4993-a0b8-2e926b5e6f7d"}}
{"__type":"$$EventMessageConfirm","confirm":"df86b093-a2f6-49c9-8ef5-b1b5161ca81c","ts":"2025-12-06T18:23:23.089-05:00","source":{"id":"0","name":"eventBus"}}
{"__type":"$$EventMessageNode","id":"ca920a61-ecab-402f-a0ff-a0f19b19b3a5","ts":"2025-12-06T18:23:23.090-05:00","eventName":"n8n.node.started","message":"n8n.node.started","payload":{"workflowId":"8y5ALZTU2BvkIrm4","workflowName":"General","executionId":"12","nodeType":"n8n-nodes-base.httpRequest","nodeName":"🗝️ Amadeus Auth Token","nodeId":"ddee2ef7-119f-4f23-8649-7285c81ad086"}}
{"__type":"$$EventMessageConfirm","confirm":"ca920a61-ecab-402f-a0ff-a0f19b19b3a5","ts":"2025-12-06T18:23:23.090-05:00","source":{"id":"0","name":"eventBus"}}
{"__type":"$$EventMessageNode","id":"005610b8-c206-4975-a09f-69ae0f842e59","ts":"2025-12-06T18:23:24.618-05:00","eventName":"n8n.node.finished","message":"n8n.node.finished","payload":{"workflowId":"8y5ALZTU2BvkIrm4","workflowName":"General","executionId":"12","nodeType":"n8n-nodes-base.httpRequest","nodeName":"🗝️ Amadeus Auth Token","nodeId":"ddee2ef7-119f-4f23-8649-7285c81ad086"}}
{"__type":"$$EventMessageConfirm","confirm":"005610b8-c206-4975-a09f-69ae0f842e59","ts":"2025-12-06T18:23:24.619-05:00","source":{"id":"0","name":"eventBus"}}
{"__type":"$$EventMessageNode","id":"b00e4117-08f0-458d-a3cf-e1dd78027f15","ts":"2025-12-06T18:23:24.619-05:00","eventName":"n8n.node.started","message":"n8n.node.started","payload":{"workflowId":"8y5ALZTU2BvkIrm4","workflowName":"General","executionId":"12","nodeType":"n8n-nodes-base.httpRequest","nodeName":"🏨 Amadeus Hotels Search","nodeId":"335375c3-b2c4-488a-a187-5db699984bb5"}}
{"__type":"$$EventMessageConfirm","confirm":"b00e4117-08f0-458d-a3cf-e1dd78027f15","ts":"2025-12-06T18:23:24.620-05:00","source":{"id":"0","name":"eventBus"}}
{"__type":"$$EventMessageNode","id":"dc3995c2-8fcf-4424-98b8-938af28b8e9e","ts":"2025-12-06T18:23:26.233-05:00","eventName":"n8n.node.finished","message":"n8n.node.finished","payload":{"workflowId":"8y5ALZTU2BvkIrm4","workflowName":"General","executionId":"12","nodeType":"n8n-nodes-base.httpRequest","nodeName":"🏨 Amadeus Hotels Search","nodeId":"335375c3-b2c4-488a-a187-5db699984bb5"}}
{"__type":"$$EventMessageConfirm","confirm":"dc3995c2-8fcf-4424-98b8-938af28b8e9e","ts":"2025-12-06T18:23:26.233-05:00","source":{"id":"0","name":"eventBus"}}
{"__type":"$$EventMessageWorkflow","id":"caa62719-746c-4487-a486-ccec3b694ecd","ts":"2025-12-06T18:23:26.236-05:00","eventName":"n8n.workflow.failed","message":"n8n.workflow.failed","payload":{"executionId":"12","success":false,"isManual":false,"workflowId":"8y5ALZTU2BvkIrm4","workflowName":"General","lastNodeExecuted":"🏨 Amadeus Hotels Search","errorNodeType":"n8n-nodes-base.httpRequest","errorMessage":"Bad request - please check your parameters"}}
{"__type":"$$EventMessageConfirm","confirm":"caa62719-746c-4487-a486-ccec3b694ecd","ts":"2025-12-06T18:23:26.236-05:00","source":{"id":"0","name":"eventBus"}}
{"__type":"$$EventMessageWorkflow","id":"89684d09-fd27-4c42-a1d1-fde465fde10e","ts":"2025-12-06T18:23:26.550-05:00","eventName":"n8n.workflow.started","message":"n8n.workflow.started","payload":{"executionId":"13","workflowId":"8y5ALZTU2BvkIrm4","isManual":false,"workflowName":"General"}}
{"__type":"$$EventMessageConfirm","confirm":"89684d09-fd27-4c42-a1d1-fde465fde10e","ts":"2025-12-06T18:23:26.550-05:00","source":{"id":"0","name":"eventBus"}}
{"__type":"$$EventMessageNode","id":"9538b405-5c20-47f5-a15f-55c17483b3d6","ts":"2025-12-06T18:23:26.550-05:00","eventName":"n8n.node.started","message":"n8n.node.started","payload":{"workflowId":"8y5ALZTU2BvkIrm4","workflowName":"General","executionId":"13","nodeType":"n8n-nodes-base.webhook","nodeName":"📱 Streamlit Webhook","nodeId":"ae8059ee-5c26-4af5-83ea-0b147821a989"}}
{"__type":"$$EventMessageConfirm","confirm":"9538b405-5c20-47f5-a15f-55c17483b3d6","ts":"2025-12-06T18:23:26.551-05:00","source":{"id":"0","name":"eventBus"}}
{"__type":"$$EventMessageNode","id":"091600b8-7c53-4565-9a03-477b32ee7983","ts":"2025-12-06T18:23:26.551-05:00","eventName":"n8n.node.finished","message":"n8n.node.finished","payload":{"workflowId":"8y5ALZTU2BvkIrm4","workflowName":"General","executionId":"13","nodeType":"n8n-nodes-base.webhook","nodeName":"📱 Streamlit Webhook","nodeId":"ae8059ee-5c26-4af5-83ea-0b147821a989"}}
{"__type":"$$EventMessageConfirm","confirm":"091600b8-7c53-4565-9a03-477b32ee7983","ts":"2025-12-06T18:23:26.552-05:00","source":{"id":"0","name":"eventBus"}}
{"__type":"$$EventMessageNode","id":"7a63fb97-ca8d-4f66-964c-3e89e5582402","ts":"2025-12-06T18:23:26.553-05:00","eventName":"n8n.node.started","message":"n8n.node.started","payload":{"workflowId":"8y5ALZTU2BvkIrm4","workflowName":"General","executionId":"13","nodeType":"n8n-nodes-base.function","nodeName":"Process Travel Data","nodeId":"02497c10-01cd-4448-8373-576a8cdff0cf"}}
{"__type":"$$EventMessageConfirm","confirm":"7a63fb97-ca8d-4f66-964c-3e89e5582402","ts":"2025-12-06T18:23:26.553-05:00","source":{"id":"0","name":"eventBus"}}
{"__type":"$$EventMessageNode","id":"801e418e-2043-4278-81f3-08a1071ccb43","ts":"2025-12-06T18:23:26.572-05:00","eventName":"n8n.node.finished","message":"n8n.node.finished","payload":{"workflowId":"8y5ALZTU2BvkIrm4","workflowName":"General","executionId":"13","nodeType":"n8n-nodes-base.function","nodeName":"Process Travel Data","nodeId":"02497c10-01cd-4448-8373-576a8cdff0cf"}}
{"__type":"$$EventMessageConfirm","confirm":"801e418e-2043-4278-81f3-08a1071ccb43","ts":"2025-12-06T18:23:26.575-05:00","source":{"id":"0","name":"eventBus"}}
{"__type":"$$EventMessageNode","id":"7f392279-afc9-4655-af79-4d1802b3b42a","ts":"2025-12-06T18:23:26.575-05:00","eventName":"n8n.node.started","message":"n8n.node.started","payload":{"workflowId":"8y5ALZTU2BvkIrm4","workflowName":"General","executionId":"13","nodeType":"n8n-nodes-base.httpRequest","nodeName":"✈️ Skyscanner Flights","nodeId":"6d1d14dd-30a6-4993-a0b8-2e926b5e6f7d"}}
{"__type":"$$EventMessageConfirm","confirm":"7f392279-afc9-4655-af79-4d1802b3b42a","ts":"2025-12-06T18:23:26.575-05:00","source":{"id":"0","name":"eventBus"}}
{"__type":"$$EventMessageNode","id":"d3bc5e2c-c452-4df2-8652-b00c166f96c8","ts":"2025-12-06T18:23:28.103-05:00","eventName":"n8n.node.finished","message":"n8n.node.finished","payload":{"workflowId":"8y5ALZTU2BvkIrm4","workflowName":"General","executionId":"13","nodeType":"n8n-nodes-base.httpRequest","nodeName":"✈️ Skyscanner Flights","nodeId":"6d1d14dd-30a6-4993-a0b8-2e926b5e6f7d"}}
{"__type":"$$EventMessageConfirm","confirm":"d3bc5e2c-c452-4df2-8652-b00c166f96c8","ts":"2025-12-06T18:23:28.103-05:00","source":{"id":"0","name":"eventBus"}}
{"__type":"$$EventMessageNode","id":"e2e9fab1-b944-4cfa-9b7f-a8ed851507f2","ts":"2025-12-06T18:23:28.103-05:00","eventName":"n8n.node.started","message":"n8n.node.started","payload":{"workflowId":"8y5ALZTU2BvkIrm4","workflowName":"General","executionId":"13","nodeType":"n8n-nodes-base.httpRequest","nodeName":"🗝️ Amadeus Auth Token","nodeId":"ddee2ef7-119f-4f23-8649-7285c81ad086"}}
{"__type":"$$EventMessageConfirm","confirm":"e2e9fab1-b944-4cfa-9b7f-a8ed851507f2","ts":"2025-12-06T18:23:28.103-05:00","source":{"id":"0","name":"eventBus"}}
{"__type":"$$EventMessageNode","id":"4d5748bb-71e5-4344-9aae-f4dd0a53fe90","ts":"2025-12-06T18:23:29.176-05:00","eventName":"n8n.node.finished","message":"n8n.node.finished","payload":{"workflowId":"8y5ALZTU2BvkIrm4","workflowName":"General","executionId":"13","nodeType":"n8n-nodes-base.httpRequest","nodeName":"🗝️ Amadeus Auth Token","nodeId":"ddee2ef7-119f-4f23-8649-7285c81ad086"}}
{"__type":"$$EventMessageConfirm","confirm":"4d5748bb-71e5-4344-9aae-f4dd0a53fe90","ts":"2025-12-06T18:23:29.176-05:00","source":{"id":"0","name":"eventBus"}}
{"__type":"$$EventMessageNode","id":"89830497-bded-48b3-aed0-5a207c88b391","ts":"2025-12-06T18:23:29.177-05:00","eventName":"n8n.node.started","message":"n8n.node.started","payload":{"workflowId":"8y5ALZTU2BvkIrm4","workflowName":"General","executionId":"13","nodeType":"n8n-nodes-base.httpRequest","nodeName":"🏨 Amadeus Hotels Search","nodeId":"335375c3-b2c4-488a-a187-5db699984bb5"}}
{"__type":"$$EventMessageConfirm","confirm":"89830497-bded-48b3-aed0-5a207c88b391","ts":"2025-12-06T18:23:29.177-05:00","source":{"id":"0","name":"eventBus"}}
{"__type":"$$EventMessageNode","id":"258d9d28-09d6-485b-bbd7-77c8c0c26396","ts":"2025-12-06T18:23:30.818-05:00","eventName":"n8n.node.finished","message":"n8n.node.finished","payload":{"workflowId":"8y5ALZTU2BvkIrm4","workflowName":"General","executionId":"13","nodeType":"n8n-nodes-base.httpRequest","nodeName":"🏨 Amadeus Hotels Search","nodeId":"335375c3-b2c4-488a-a187-5db699984bb5"}}
{"__type":"$$EventMessageConfirm","confirm":"258d9d28-09d6-485b-bbd7-77c8c0c26396","ts":"2025-12-06T18:23:30.819-05:00","source":{"id":"0","name":"eventBus"}}
{"__type":"$$EventMessageWorkflow","id":"9ea5401b-a69f-4dfe-959a-aac33e51a08e","ts":"2025-12-06T18:23:30.819-05:00","eventName":"n8n.workflow.failed","message":"n8n.workflow.failed","payload":{"executionId":"13","success":false,"isManual":false,"workflowId":"8y5ALZTU2BvkIrm4","workflowName":"General","lastNodeExecuted":"🏨 Amadeus Hotels Search","errorNodeType":"n8n-nodes-base.httpRequest","errorMessage":"Bad request - please check your parameters"}}
{"__type":"$$EventMessageConfirm","confirm":"9ea5401b-a69f-4dfe-959a-aac33e51a08e","ts":"2025-12-06T18:23:30.819-05:00","source":{"id":"0","name":"eventBus"}}
{"__type":"$$EventMessageWorkflow","id":"895305a0-9558-48f4-b016-edf4141d95b4","ts":"2025-12-06T18:23:31.162-05:00","eventName":"n8n.workflow.started","message":"n8n.workflow.started","payload":{"executionId":"14","workflowId":"8y5ALZTU2BvkIrm4","isManual":false,"workflowName":"General"}}
{"__type":"$$EventMessageConfirm","confirm":"895305a0-9558-48f4-b016-edf4141d95b4","ts":"2025-12-06T18:23:31.162-05:00","source":{"id":"0","name":"eventBus"}}
{"__type":"$$EventMessageNode","id":"c8b352dc-5081-468c-aff2-a2047e4aa55d","ts":"2025-12-06T18:23:31.163-05:00","eventName":"n8n.node.started","message":"n8n.node.started","payload":{"workflowId":"8y5ALZTU2BvkIrm4","workflowName":"General","executionId":"14","nodeType":"n8n-nodes-base.webhook","nodeName":"📱 Streamlit Webhook","nodeId":"ae8059ee-5c26-4af5-83ea-0b147821a989"}}
{"__type":"$$EventMessageConfirm","confirm":"c8b352dc-5081-468c-aff2-a2047e4aa55d","ts":"2025-12-06T18:23:31.163-05:00","source":{"id":"0","name":"eventBus"}}
{"__type":"$$EventMessageNode","id":"1299fa06-f0b2-402d-b78a-d472564152e8","ts":"2025-12-06T18:23:31.163-05:00","eventName":"n8n.node.finished","message":"n8n.node.finished","payload":{"workflowId":"8y5ALZTU2BvkIrm4","workflowName":"General","executionId":"14","nodeType":"n8n-nodes-base.webhook","nodeName":"📱 Streamlit Webhook","nodeId":"ae8059ee-5c26-4af5-83ea-0b147821a989"}}
{"__type":"$$EventMessageConfirm","confirm":"1299fa06-f0b2-402d-b78a-d472564152e8","ts":"2025-12-06T18:23:31.163-05:00","source":{"id":"0","name":"eventBus"}}
{"__type":"$$EventMessageNode","id":"29ed3a0a-39c3-4578-b546-4bb1f86ce580","ts":"2025-12-06T18:23:31.164-05:00","eventName":"n8n.node.started","message":"n8n.node.started","payload":{"workflowId":"8y5ALZTU2BvkIrm4","workflowName":"General","executionId":"14","nodeType":"n8n-nodes-base.function","nodeName":"Process Travel Data","nodeId":"02497c10-01cd-4448-8373-576a8cdff0cf"}}
{"__type":"$$EventMessageConfirm","confirm":"29ed3a0a-39c3-4578-b546-4bb1f86ce580","ts":"2025-12-06T18:23:31.164-05:00","source":{"id":"0","name":"eventBus"}}
{"__type":"$$EventMessageNode","id":"bf504dc2-621d-4445-bcb2-935cc705119d","ts":"2025-12-06T18:23:31.199-05:00","eventName":"n8n.node.finished","message":"n8n.node.finished","payload":{"workflowId":"8y5ALZTU2BvkIrm4","workflowName":"General","executionId":"14","nodeType":"n8n-nodes-base.function","nodeName":"Process Travel Data","nodeId":"02497c10-01cd-4448-8373-576a8cdff0cf"}}
{"__type":"$$EventMessageConfirm","confirm":"bf504dc2-621d-4445-bcb2-935cc705119d","ts":"2025-12-06T18:23:31.200-05:00","source":{"id":"0","name":"eventBus"}}
{"__type":"$$EventMessageNode","id":"6364bf0a-74eb-4364-9f48-8875ed376d76","ts":"2025-12-06T18:23:31.203-05:00","eventName":"n8n.node.started","message":"n8n.node.started","payload":{"workflowId":"8y5ALZTU2BvkIrm4","workflowName":"General","executionId":"14","nodeType":"n8n-nodes-base.httpRequest","nodeName":"✈️ Skyscanner Flights","nodeId":"6d1d14dd-30a6-4993-a0b8-2e926b5e6f7d"}}
{"__type":"$$EventMessageConfirm","confirm":"6364bf0a-74eb-4364-9f48-8875ed376d76","ts":"2025-12-06T18:23:31.203-05:00","source":{"id":"0","name":"eventBus"}}
{"__type":"$$EventMessageNode","id":"3c3a1b5f-3cb6-4341-8ad1-64265ec76e4a","ts":"2025-12-06T18:23:32.520-05:00","eventName":"n8n.node.finished","message":"n8n.node.finished","payload":{"workflowId":"8y5ALZTU2BvkIrm4","workflowName":"General","executionId":"14","nodeType":"n8n-nodes-base.httpRequest","nodeName":"✈️ Skyscanner Flights","nodeId":"6d1d14dd-30a6-4993-a0b8-2e926b5e6f7d"}}
{"__type":"$$EventMessageConfirm","confirm":"3c3a1b5f-3cb6-4341-8ad1-64265ec76e4a","ts":"2025-12-06T18:23:32.521-05:00","source":{"id":"0","name":"eventBus"}}
{"__type":"$$EventMessageNode","id":"1ff6a521-9b0c-4da2-b7e7-cc1e6b5401f1","ts":"2025-12-06T18:23:32.521-05:00","eventName":"n8n.node.started","message":"n8n.node.started","payload":{"workflowId":"8y5ALZTU2BvkIrm4","workflowName":"General","executionId":"14","nodeType":"n8n-nodes-base.httpRequest","nodeName":"🗝️ Amadeus Auth Token","nodeId":"ddee2ef7-119f-4f23-8649-7285c81ad086"}}
{"__type":"$$EventMessageConfirm","confirm":"1ff6a521-9b0c-4da2-b7e7-cc1e6b5401f1","ts":"2025-12-06T18:23:32.522-05:00","source":{"id":"0","name":"eventBus"}}
{"__type":"$$EventMessageNode","id":"e8c12824-5e76-4055-9d59-ea410bf1262f","ts":"2025-12-06T18:23:33.758-05:00","eventName":"n8n.node.finished","message":"n8n.node.finished","payload":{"workflowId":"8y5ALZTU2BvkIrm4","workflowName":"General","executionId":"14","nodeType":"n8n-nodes-base.httpRequest","nodeName":"🗝️ Amadeus Auth Token","nodeId":"ddee2ef7-119f-4f23-8649-7285c81ad086"}}
{"__type":"$$EventMessageConfirm","confirm":"e8c12824-5e76-4055-9d59-ea410bf1262f","ts":"2025-12-06T18:23:33.759-05:00","source":{"id":"0","name":"eventBus"}}
{"__type":"$$EventMessageNode","id":"b32ae2c1-4ee4-49d5-8861-b446fa697e2a","ts":"2025-12-06T18:23:33.759-05:00","eventName":"n8n.node.started","message":"n8n.node.started","payload":{"workflowId":"8y5ALZTU2BvkIrm4","workflowName":"General","executionId":"14","nodeType":"n8n-nodes-base.httpRequest","nodeName":"🏨 Amadeus Hotels Search","nodeId":"335375c3-b2c4-488a-a187-5db699984bb5"}}
{"__type":"$$EventMessageConfirm","confirm":"b32ae2c1-4ee4-49d5-8861-b446fa697e2a","ts":"2025-12-06T18:23:33.760-05:00","source":{"id":"0","name":"eventBus"}}
{"__type":"$$EventMessageNode","id":"125f7e47-323b-4e75-98a7-f78cc3ef4dd3","ts":"2025-12-06T18:23:34.968-05:00","eventName":"n8n.node.finished","message":"n8n.node.finished","payload":{"workflowId":"8y5ALZTU2BvkIrm4","workflowName":"General","executionId":"14","nodeType":"n8n-nodes-base.httpRequest","nodeName":"🏨 Amadeus Hotels Search","nodeId":"335375c3-b2c4-488a-a187-5db699984bb5"}}
{"__type":"$$EventMessageConfirm","confirm":"125f7e47-323b-4e75-98a7-f78cc3ef4dd3","ts":"2025-12-06T18:23:34.968-05:00","source":{"id":"0","name":"eventBus"}}
{"__type":"$$EventMessageWorkflow","id":"9290eee5-b0e1-4b10-8f74-92ab2818308e","ts":"2025-12-06T18:23:34.969-05:00","eventName":"n8n.workflow.failed","message":"n8n.workflow.failed","payload":{"executionId":"14","success":false,"isManual":false,"workflowId":"8y5ALZTU2BvkIrm4","workflowName":"General","lastNodeExecuted":"🏨 Amadeus Hotels Search","errorNodeType":"n8n-nodes-base.httpRequest","errorMessage":"Bad request - please check your parameters"}}
{"__type":"$$EventMessageConfirm","confirm":"9290eee5-b0e1-4b10-8f74-92ab2818308e","ts":"2025-12-06T18:23:34.969-05:00","source":{"id":"0","name":"eventBus"}}
{"__type":"$$EventMessageWorkflow","id":"4e96b8be-a3ea-4d93-a6da-a63973eb6c70","ts":"2025-12-06T18:23:35.391-05:00","eventName":"n8n.workflow.started","message":"n8n.workflow.started","payload":{"executionId":"15","workflowId":"8y5ALZTU2BvkIrm4","isManual":false,"workflowName":"General"}}
{"__type":"$$EventMessageConfirm","confirm":"4e96b8be-a3ea-4d93-a6da-a63973eb6c70","ts":"2025-12-06T18:23:35.391-05:00","source":{"id":"0","name":"eventBus"}}
{"__type":"$$EventMessageNode","id":"9057623d-f621-4c3f-9337-92d4b3d9c33c","ts":"2025-12-06T18:23:35.391-05:00","eventName":"n8n.node.started","message":"n8n.node.started","payload":{"workflowId":"8y5ALZTU2BvkIrm4","workflowName":"General","executionId":"15","nodeType":"n8n-nodes-base.webhook","nodeName":"📱 Streamlit Webhook","nodeId":"ae8059ee-5c26-4af5-83ea-0b147821a989"}}
{"__type":"$$EventMessageConfirm","confirm":"9057623d-f621-4c3f-9337-92d4b3d9c33c","ts":"2025-12-06T18:23:35.391-05:00","source":{"id":"0","name":"eventBus"}}
{"__type":"$$EventMessageNode","id":"7c4c974c-da2d-4c0d-9e99-7a7eb9bf711d","ts":"2025-12-06T18:23:35.391-05:00","eventName":"n8n.node.finished","message":"n8n.node.finished","payload":{"workflowId":"8y5ALZTU2BvkIrm4","workflowName":"General","executionId":"15","nodeType":"n8n-nodes-base.webhook","nodeName":"📱 Streamlit Webhook","nodeId":"ae8059ee-5c26-4af5-83ea-0b147821a989"}}
{"__type":"$$EventMessageConfirm","confirm":"7c4c974c-da2d-4c0d-9e99-7a7eb9bf711d","ts":"2025-12-06T18:23:35.391-05:00","source":{"id":"0","name":"eventBus"}}
{"__type":"$$EventMessageNode","id":"e03c4ec1-189b-4d0b-aaa6-2e1cc4154572","ts":"2025-12-06T18:23:35.391-05:00","eventName":"n8n.node.started","message":"n8n.node.started","payload":{"workflowId":"8y5ALZTU2BvkIrm4","workflowName":"General","executionId":"15","nodeType":"n8n-nodes-base.function","nodeName":"Process Travel Data","nodeId":"02497c10-01cd-4448-8373-576a8cdff0cf"}}
{"__type":"$$EventMessageConfirm","confirm":"e03c4ec1-189b-4d0b-aaa6-2e1cc4154572","ts":"2025-12-06T18:23:35.392-05:00","source":{"id":"0","name":"eventBus"}}
{"__type":"$$EventMessageNode","id":"cf37d079-25f4-4b85-a19f-0b7839962775","ts":"2025-12-06T18:23:35.404-05:00","eventName":"n8n.node.finished","message":"n8n.node.finished","payload":{"workflowId":"8y5ALZTU2BvkIrm4","workflowName":"General","executionId":"15","nodeType":"n8n-nodes-base.function","nodeName":"Process Travel Data","nodeId":"02497c10-01cd-4448-8373-576a8cdff0cf"}}
{"__type":"$$EventMessageConfirm","confirm":"cf37d079-25f4-4b85-a19f-0b7839962775","ts":"2025-12-06T18:23:35.404-05:00","source":{"id":"0","name":"eventBus"}}
{"__type":"$$EventMessageNode","id":"9c0b3155-2c81-4cfc-a460-7bb0b103743c","ts":"2025-12-06T18:23:35.404-05:00","eventName":"n8n.node.started","message":"n8n.node.started","payload":{"workflowId":"8y5ALZTU2BvkIrm4","workflowName":"General","executionId":"15","nodeType":"n8n-nodes-base.httpRequest","nodeName":"✈️ Skyscanner Flights","nodeId":"6d1d14dd-30a6-4993-a0b8-2e926b5e6f7d"}}
{"__type":"$$EventMessageConfirm","confirm":"9c0b3155-2c81-4cfc-a460-7bb0b103743c","ts":"2025-12-06T18:23:35.404-05:00","source":{"id":"0","name":"eventBus"}}
{"__type":"$$EventMessageNode","id":"4ded382d-0e0f-4a5c-a20e-b7d64b1cf9cf","ts":"2025-12-06T18:23:36.910-05:00","eventName":"n8n.node.finished","message":"n8n.node.finished","payload":{"workflowId":"8y5ALZTU2BvkIrm4","workflowName":"General","executionId":"15","nodeType":"n8n-nodes-base.httpRequest","nodeName":"✈️ Skyscanner Flights","nodeId":"6d1d14dd-30a6-4993-a0b8-2e926b5e6f7d"}}
{"__type":"$$EventMessageConfirm","confirm":"4ded382d-0e0f-4a5c-a20e-b7d64b1cf9cf","ts":"2025-12-06T18:23:36.911-05:00","source":{"id":"0","name":"eventBus"}}
{"__type":"$$EventMessageNode","id":"91ead169-cf4f-4dc7-98e8-a1f9a0679de1","ts":"2025-12-06T18:23:36.911-05:00","eventName":"n8n.node.started","message":"n8n.node.started","payload":{"workflowId":"8y5ALZTU2BvkIrm4","workflowName":"General","executionId":"15","nodeType":"n8n-nodes-base.httpRequest","nodeName":"🗝️ Amadeus Auth Token","nodeId":"ddee2ef7-119f-4f23-8649-7285c81ad086"}}
{"__type":"$$EventMessageConfirm","confirm":"91ead169-cf4f-4dc7-98e8-a1f9a0679de1","ts":"2025-12-06T18:23:36.911-05:00","source":{"id":"0","name":"eventBus"}}
{"__type":"$$EventMessageNode","id":"47b5ff7d-a3ad-4b30-8f6b-02029d5f8665","ts":"2025-12-06T18:23:37.954-05:00","eventName":"n8n.node.finished","message":"n8n.node.finished","payload":{"workflowId":"8y5ALZTU2BvkIrm4","workflowName":"General","executionId":"15","nodeType":"n8n-nodes-base.httpRequest","nodeName":"🗝️ Amadeus Auth Token","nodeId":"ddee2ef7-119f-4f23-8649-7285c81ad086"}}
{"__type":"$$EventMessageConfirm","confirm":"47b5ff7d-a3ad-4b30-8f6b-02029d5f8665","ts":"2025-12-06T18:23:37.954-05:00","source":{"id":"0","name":"eventBus"}}
{"__type":"$$EventMessageNode","id":"fbd12890-b503-4454-8770-d83d7c420aee","ts":"2025-12-06T18:23:37.955-05:00","eventName":"n8n.node.started","message":"n8n.node.started","payload":{"workflowId":"8y5ALZTU2BvkIrm4","workflowName":"General","executionId":"15","nodeType":"n8n-nodes-base.httpRequest","nodeName":"🏨 Amadeus Hotels Search","nodeId":"335375c3-b2c4-488a-a187-5db699984bb5"}}
{"__type":"$$EventMessageConfirm","confirm":"fbd12890-b503-4454-8770-d83d7c420aee","ts":"2025-12-06T18:23:37.955-05:00","source":{"id":"0","name":"eventBus"}}
{"__type":"$$EventMessageNode","id":"18ba0aa8-9806-46db-a08e-c0972fa44d1a","ts":"2025-12-06T18:23:39.253-05:00","eventName":"n8n.node.finished","message":"n8n.node.finished","payload":{"workflowId":"8y5ALZTU2BvkIrm4","workflowName":"General","executionId":"15","nodeType":"n8n-nodes-base.httpRequest","nodeName":"🏨 Amadeus Hotels Search","nodeId":"335375c3-b2c4-488a-a187-5db699984bb5"}}
{"__type":"$$EventMessageConfirm","confirm":"18ba0aa8-9806-46db-a08e-c0972fa44d1a","ts":"2025-12-06T18:23:39.253-05:00","source":{"id":"0","name":"eventBus"}}
{"__type":"$$EventMessageWorkflow","id":"2d5f10fc-baf4-4e9d-9def-e0d8c408ee5c","ts":"2025-12-06T18:23:39.254-05:00","eventName":"n8n.workflow.failed","message":"n8n.workflow.failed","payload":{"executionId":"15","success":false,"isManual":false,"workflowId":"8y5ALZTU2BvkIrm4","workflowName":"General","lastNodeExecuted":"🏨 Amadeus Hotels Search","errorNodeType":"n8n-nodes-base.httpRequest","errorMessage":"Bad request - please check your parameters"}}
{"__type":"$$EventMessageConfirm","confirm":"2d5f10fc-baf4-4e9d-9def-e0d8c408ee5c","ts":"2025-12-06T18:23:39.254-05:00","source":{"id":"0","name":"eventBus"}}
{"__type":"$$EventMessageWorkflow","id":"fd41c4e1-e25c-460e-af99-08dcec7659b0","ts":"2025-12-06T18:23:39.780-05:00","eventName":"n8n.workflow.started","message":"n8n.workflow.started","payload":{"executionId":"16","workflowId":"8y5ALZTU2BvkIrm4","isManual":false,"workflowName":"General"}}
{"__type":"$$EventMessageConfirm","confirm":"fd41c4e1-e25c-460e-af99-08dcec7659b0","ts":"2025-12-06T18:23:39.780-05:00","source":{"id":"0","name":"eventBus"}}
{"__type":"$$EventMessageNode","id":"1a14c144-1a4b-4e93-b73a-4c1a84063b39","ts":"2025-12-06T18:23:39.781-05:00","eventName":"n8n.node.started","message":"n8n.node.started","payload":{"workflowId":"8y5ALZTU2BvkIrm4","workflowName":"General","executionId":"16","nodeType":"n8n-nodes-base.webhook","nodeName":"📱 Streamlit Webhook","nodeId":"ae8059ee-5c26-4af5-83ea-0b147821a989"}}
{"__type":"$$EventMessageConfirm","confirm":"1a14c144-1a4b-4e93-b73a-4c1a84063b39","ts":"2025-12-06T18:23:39.781-05:00","source":{"id":"0","name":"eventBus"}}
{"__type":"$$EventMessageNode","id":"1112a04b-0c0e-43c8-a067-33eec41ae592","ts":"2025-12-06T18:23:39.783-05:00","eventName":"n8n.node.finished","message":"n8n.node.finished","payload":{"workflowId":"8y5ALZTU2BvkIrm4","workflowName":"General","executionId":"16","nodeType":"n8n-nodes-base.webhook","nodeName":"📱 Streamlit Webhook","nodeId":"ae8059ee-5c26-4af5-83ea-0b147821a989"}}
{"__type":"$$EventMessageConfirm","confirm":"1112a04b-0c0e-43c8-a067-33eec41ae592","ts":"2025-12-06T18:23:39.784-05:00","source":{"id":"0","name":"eventBus"}}
{"__type":"$$EventMessageNode","id":"fcc447e5-073a-4461-9ad3-779909c8b09b","ts":"2025-12-06T18:23:39.784-05:00","eventName":"n8n.node.started","message":"n8n.node.started","payload":{"workflowId":"8y5ALZTU2BvkIrm4","workflowName":"General","executionId":"16","nodeType":"n8n-nodes-base.function","nodeName":"Process Travel Data","nodeId":"02497c10-01cd-4448-8373-576a8cdff0cf"}}
{"__type":"$$EventMessageConfirm","confirm":"fcc447e5-073a-4461-9ad3-779909c8b09b","ts":"2025-12-06T18:23:39.785-05:00","source":{"id":"0","name":"eventBus"}}
{"__type":"$$EventMessageNode","id":"a5709743-6027-4c50-a752-bc436bbab5c7","ts":"2025-12-06T18:23:39.811-05:00","eventName":"n8n.node.finished","message":"n8n.node.finished","payload":{"workflowId":"8y5ALZTU2BvkIrm4","workflowName":"General","executionId":"16","nodeType":"n8n-nodes-base.function","nodeName":"Process Travel Data","nodeId":"02497c10-01cd-4448-8373-576a8cdff0cf"}}
{"__type":"$$EventMessageConfirm","confirm":"a5709743-6027-4c50-a752-bc436bbab5c7","ts":"2025-12-06T18:23:39.811-05:00","source":{"id":"0","name":"eventBus"}}
{"__type":"$$EventMessageNode","id":"7b4dce8c-5aab-4574-850d-06e574a0aa07","ts":"2025-12-06T18:23:39.812-05:00","eventName":"n8n.node.started","message":"n8n.node.started","payload":{"workflowId":"8y5ALZTU2BvkIrm4","workflowName":"General","executionId":"16","nodeType":"n8n-nodes-base.httpRequest","nodeName":"✈️ Skyscanner Flights","nodeId":"6d1d14dd-30a6-4993-a0b8-2e926b5e6f7d"}}
{"__type":"$$EventMessageConfirm","confirm":"7b4dce8c-5aab-4574-850d-06e574a0aa07","ts":"2025-12-06T18:23:39.812-05:00","source":{"id":"0","name":"eventBus"}}
{"__type":"$$EventMessageNode","id":"6e92f5c7-0955-404a-b21a-79b91d7d48f4","ts":"2025-12-06T18:23:41.734-05:00","eventName":"n8n.node.finished","message":"n8n.node.finished","payload":{"workflowId":"8y5ALZTU2BvkIrm4","workflowName":"General","executionId":"16","nodeType":"n8n-nodes-base.httpRequest","nodeName":"✈️ Skyscanner Flights","nodeId":"6d1d14dd-30a6-4993-a0b8-2e926b5e6f7d"}}
{"__type":"$$EventMessageConfirm","confirm":"6e92f5c7-0955-404a-b21a-79b91d7d48f4","ts":"2025-12-06T18:23:41.735-05:00","source":{"id":"0","name":"eventBus"}}
{"__type":"$$EventMessageNode","id":"e8d995b8-50da-468a-bbb3-3193264a1d3a","ts":"2025-12-06T18:23:41.735-05:00","eventName":"n8n.node.started","message":"n8n.node.started","payload":{"workflowId":"8y5ALZTU2BvkIrm4","workflowName":"General","executionId":"16","nodeType":"n8n-nodes-base.httpRequest","nodeName":"🗝️ Amadeus Auth Token","nodeId":"ddee2ef7-119f-4f23-8649-7285c81ad086"}}
{"__type":"$$EventMessageConfirm","confirm":"e8d995b8-50da-468a-bbb3-3193264a1d3a","ts":"2025-12-06T18:23:41.735-05:00","source":{"id":"0","name":"eventBus"}}
{"__type":"$$EventMessageNode","id":"59d1367f-46f0-4494-b05d-cbd0970c5ea4","ts":"2025-12-06T18:23:42.784-05:00","eventName":"n8n.node.finished","message":"n8n.node.finished","payload":{"workflowId":"8y5ALZTU2BvkIrm4","workflowName":"General","executionId":"16","nodeType":"n8n-nodes-base.httpRequest","nodeName":"🗝️ Amadeus Auth Token","nodeId":"ddee2ef7-119f-4f23-8649-7285c81ad086"}}
{"__type":"$$EventMessageConfirm","confirm":"59d1367f-46f0-4494-b05d-cbd0970c5ea4","ts":"2025-12-06T18:23:42.784-05:00","source":{"id":"0","name":"eventBus"}}
{"__type":"$$EventMessageNode","id":"47cd604a-3ab3-4a0f-ab3f-6b14c5b5a14e","ts":"2025-12-06T18:23:42.785-05:00","eventName":"n8n.node.started","message":"n8n.node.started","payload":{"workflowId":"8y5ALZTU2BvkIrm4","workflowName":"General","executionId":"16","nodeType":"n8n-nodes-base.httpRequest","nodeName":"🏨 Amadeus Hotels Search","nodeId":"335375c3-b2c4-488a-a187-5db699984bb5"}}
{"__type":"$$EventMessageConfirm","confirm":"47cd604a-3ab3-4a0f-ab3f-6b14c5b5a14e","ts":"2025-12-06T18:23:42.785-05:00","source":{"id":"0","name":"eventBus"}}
{"__type":"$$EventMessageNode","id":"eb62dae3-4347-4d42-87df-c558f8ba36d2","ts":"2025-12-06T18:23:43.981-05:00","eventName":"n8n.node.finished","message":"n8n.node.finished","payload":{"workflowId":"8y5ALZTU2BvkIrm4","workflowName":"General","executionId":"16","nodeType":"n8n-nodes-base.httpRequest","nodeName":"🏨 Amadeus Hotels Search","nodeId":"335375c3-b2c4-488a-a187-5db699984bb5"}}
{"__type":"$$EventMessageConfirm","confirm":"eb62dae3-4347-4d42-87df-c558f8ba36d2","ts":"2025-12-06T18:23:43.982-05:00","source":{"id":"0","name":"eventBus"}}
{"__type":"$$EventMessageWorkflow","id":"64f3e2af-8a9d-4975-972f-e028b87c7fbc","ts":"2025-12-06T18:23:43.982-05:00","eventName":"n8n.workflow.failed","message":"n8n.workflow.failed","payload":{"executionId":"16","success":false,"isManual":false,"workflowId":"8y5ALZTU2BvkIrm4","workflowName":"General","lastNodeExecuted":"🏨 Amadeus Hotels Search","errorNodeType":"n8n-nodes-base.httpRequest","errorMessage":"Bad request - please check your parameters"}}
{"__type":"$$EventMessageConfirm","confirm":"64f3e2af-8a9d-4975-972f-e028b87c7fbc","ts":"2025-12-06T18:23:43.982-05:00","source":{"id":"0","name":"eventBus"}}
{"__type":"$$EventMessageWorkflow","id":"00b06946-4f33-4a2f-b355-53c368698591","ts":"2025-12-06T18:42:52.502-05:00","eventName":"n8n.workflow.started","message":"n8n.workflow.started","payload":{"executionId":"17","workflowId":"8y5ALZTU2BvkIrm4","isManual":false,"workflowName":"General"}}
{"__type":"$$EventMessageConfirm","confirm":"00b06946-4f33-4a2f-b355-53c368698591","ts":"2025-12-06T18:42:52.502-05:00","source":{"id":"0","name":"eventBus"}}
{"__type":"$$EventMessageNode","id":"96deb33f-4242-473e-94e4-d59fafa8517b","ts":"2025-12-06T18:42:52.503-05:00","eventName":"n8n.node.started","message":"n8n.node.started","payload":{"workflowId":"8y5ALZTU2BvkIrm4","workflowName":"General","executionId":"17","nodeType":"n8n-nodes-base.webhook","nodeName":"📱 Streamlit Webhook","nodeId":"ae8059ee-5c26-4af5-83ea-0b147821a989"}}
{"__type":"$$EventMessageConfirm","confirm":"96deb33f-4242-473e-94e4-d59fafa8517b","ts":"2025-12-06T18:42:52.503-05:00","source":{"id":"0","name":"eventBus"}}
{"__type":"$$EventMessageNode","id":"9896522c-6de5-44b0-98a4-0173515365d4","ts":"2025-12-06T18:42:52.503-05:00","eventName":"n8n.node.finished","message":"n8n.node.finished","payload":{"workflowId":"8y5ALZTU2BvkIrm4","workflowName":"General","executionId":"17","nodeType":"n8n-nodes-base.webhook","nodeName":"📱 Streamlit Webhook","nodeId":"ae8059ee-5c26-4af5-83ea-0b147821a989"}}
{"__type":"$$EventMessageConfirm","confirm":"9896522c-6de5-44b0-98a4-0173515365d4","ts":"2025-12-06T18:42:52.503-05:00","source":{"id":"0","name":"eventBus"}}
{"__type":"$$EventMessageNode","id":"b8e4ccfe-1950-418d-a544-8f304c9d122c","ts":"2025-12-06T18:42:52.503-05:00","eventName":"n8n.node.started","message":"n8n.node.started","payload":{"workflowId":"8y5ALZTU2BvkIrm4","workflowName":"General","executionId":"17","nodeType":"n8n-nodes-base.function","nodeName":"Process Travel Data","nodeId":"02497c10-01cd-4448-8373-576a8cdff0cf"}}
{"__type":"$$EventMessageConfirm","confirm":"b8e4ccfe-1950-418d-a544-8f304c9d122c","ts":"2025-12-06T18:42:52.503-05:00","source":{"id":"0","name":"eventBus"}}
{"__type":"$$EventMessageNode","id":"7cd1bf87-0016-4f7b-b2af-25dfee9f1ccb","ts":"2025-12-06T18:42:52.519-05:00","eventName":"n8n.node.finished","message":"n8n.node.finished","payload":{"workflowId":"8y5ALZTU2BvkIrm4","workflowName":"General","executionId":"17","nodeType":"n8n-nodes-base.function","nodeName":"Process Travel Data","nodeId":"02497c10-01cd-4448-8373-576a8cdff0cf"}}
{"__type":"$$EventMessageConfirm","confirm":"7cd1bf87-0016-4f7b-b2af-25dfee9f1ccb","ts":"2025-12-06T18:42:52.519-05:00","source":{"id":"0","name":"eventBus"}}
{"__type":"$$EventMessageNode","id":"5c1b4ac5-2da6-40d4-b0ef-318aeef7eae2","ts":"2025-12-06T18:42:52.520-05:00","eventName":"n8n.node.started","message":"n8n.node.started","payload":{"workflowId":"8y5ALZTU2BvkIrm4","workflowName":"General","executionId":"17","nodeType":"n8n-nodes-base.httpRequest","nodeName":"✈️ Skyscanner Flights","nodeId":"6d1d14dd-30a6-4993-a0b8-2e926b5e6f7d"}}
{"__type":"$$EventMessageConfirm","confirm":"5c1b4ac5-2da6-40d4-b0ef-318aeef7eae2","ts":"2025-12-06T18:42:52.520-05:00","source":{"id":"0","name":"eventBus"}}
{"__type":"$$EventMessageWorkflow","id":"36eacfb5-e796-408f-89a6-4386b102fbd7","ts":"2025-12-06T18:42:52.551-05:00","eventName":"n8n.workflow.started","message":"n8n.workflow.started","payload":{"executionId":"18","workflowId":"8y5ALZTU2BvkIrm4","isManual":false,"workflowName":"General"}}
{"__type":"$$EventMessageConfirm","confirm":"36eacfb5-e796-408f-89a6-4386b102fbd7","ts":"2025-12-06T18:42:52.551-05:00","source":{"id":"0","name":"eventBus"}}
{"__type":"$$EventMessageNode","id":"df1b4bad-492e-459f-815d-7b70bd958dd4","ts":"2025-12-06T18:42:52.552-05:00","eventName":"n8n.node.started","message":"n8n.node.started","payload":{"workflowId":"8y5ALZTU2BvkIrm4","workflowName":"General","executionId":"18","nodeType":"n8n-nodes-base.webhook","nodeName":"📱 Streamlit Webhook","nodeId":"ae8059ee-5c26-4af5-83ea-0b147821a989"}}
{"__type":"$$EventMessageConfirm","confirm":"df1b4bad-492e-459f-815d-7b70bd958dd4","ts":"2025-12-06T18:42:52.552-05:00","source":{"id":"0","name":"eventBus"}}
{"__type":"$$EventMessageNode","id":"9a5c2476-2cb4-4edd-a210-ee6f23cd21b0","ts":"2025-12-06T18:42:52.552-05:00","eventName":"n8n.node.finished","message":"n8n.node.finished","payload":{"workflowId":"8y5ALZTU2BvkIrm4","workflowName":"General","executionId":"18","nodeType":"n8n-nodes-base.webhook","nodeName":"📱 Streamlit Webhook","nodeId":"ae8059ee-5c26-4af5-83ea-0b147821a989"}}
{"__type":"$$EventMessageConfirm","confirm":"9a5c2476-2cb4-4edd-a210-ee6f23cd21b0","ts":"2025-12-06T18:42:52.552-05:00","source":{"id":"0","name":"eventBus"}}
{"__type":"$$EventMessageNode","id":"31369258-e788-41e2-b842-55fc7e14b094","ts":"2025-12-06T18:42:52.552-05:00","eventName":"n8n.node.started","message":"n8n.node.started","payload":{"workflowId":"8y5ALZTU2BvkIrm4","workflowName":"General","executionId":"18","nodeType":"n8n-nodes-base.function","nodeName":"Process Travel Data","nodeId":"02497c10-01cd-4448-8373-576a8cdff0cf"}}
{"__type":"$$EventMessageConfirm","confirm":"31369258-e788-41e2-b842-55fc7e14b094","ts":"2025-12-06T18:42:52.552-05:00","source":{"id":"0","name":"eventBus"}}
{"__type":"$$EventMessageNode","id":"0f8f5d67-1f00-4193-b475-e5c0dcd18c61","ts":"2025-12-06T18:42:52.571-05:00","eventName":"n8n.node.finished","message":"n8n.node.finished","payload":{"workflowId":"8y5ALZTU2BvkIrm4","workflowName":"General","executionId":"18","nodeType":"n8n-nodes-base.function","nodeName":"Process Travel Data","nodeId":"02497c10-01cd-4448-8373-576a8cdff0cf"}}
{"__type":"$$EventMessageConfirm","confirm":"0f8f5d67-1f00-4193-b475-e5c0dcd18c61","ts":"2025-12-06T18:42:52.571-05:00","source":{"id":"0","name":"eventBus"}}
{"__type":"$$EventMessageNode","id":"148661a7-0365-4160-b483-26890c7d3ff0","ts":"2025-12-06T18:42:52.571-05:00","eventName":"n8n.node.started","message":"n8n.node.started","payload":{"workflowId":"8y5ALZTU2BvkIrm4","workflowName":"General","executionId":"18","nodeType":"n8n-nodes-base.httpRequest","nodeName":"✈️ Skyscanner Flights","nodeId":"6d1d14dd-30a6-4993-a0b8-2e926b5e6f7d"}}
{"__type":"$$EventMessageConfirm","confirm":"148661a7-0365-4160-b483-26890c7d3ff0","ts":"2025-12-06T18:42:52.571-05:00","source":{"id":"0","name":"eventBus"}}
{"__type":"$$EventMessageWorkflow","id":"15f9160f-1821-429b-8477-4634b27f03d8","ts":"2025-12-06T18:42:52.881-05:00","eventName":"n8n.workflow.started","message":"n8n.workflow.started","payload":{"executionId":"19","workflowId":"8y5ALZTU2BvkIrm4","isManual":false,"workflowName":"General"}}
{"__type":"$$EventMessageConfirm","confirm":"15f9160f-1821-429b-8477-4634b27f03d8","ts":"2025-12-06T18:42:52.881-05:00","source":{"id":"0","name":"eventBus"}}
{"__type":"$$EventMessageNode","id":"d3e2605c-af39-462c-b746-ca34bea1053f","ts":"2025-12-06T18:42:52.882-05:00","eventName":"n8n.node.started","message":"n8n.node.started","payload":{"workflowId":"8y5ALZTU2BvkIrm4","workflowName":"General","executionId":"19","nodeType":"n8n-nodes-base.webhook","nodeName":"📱 Streamlit Webhook","nodeId":"ae8059ee-5c26-4af5-83ea-0b147821a989"}}
{"__type":"$$EventMessageConfirm","confirm":"d3e2605c-af39-462c-b746-ca34bea1053f","ts":"2025-12-06T18:42:52.882-05:00","source":{"id":"0","name":"eventBus"}}
{"__type":"$$EventMessageNode","id":"214d52b0-5a6f-451f-aa93-6e698234e304","ts":"2025-12-06T18:42:52.882-05:00","eventName":"n8n.node.finished","message":"n8n.node.finished","payload":{"workflowId":"8y5ALZTU2BvkIrm4","workflowName":"General","executionId":"19","nodeType":"n8n-nodes-base.webhook","nodeName":"📱 Streamlit Webhook","nodeId":"ae8059ee-5c26-4af5-83ea-0b147821a989"}}
{"__type":"$$EventMessageConfirm","confirm":"214d52b0-5a6f-451f-aa93-6e698234e304","ts":"2025-12-06T18:42:52.882-05:00","source":{"id":"0","name":"eventBus"}}
{"__type":"$$EventMessageNode","id":"22b9052a-4f03-4062-ad13-6ec51e9a3398","ts":"2025-12-06T18:42:52.882-05:00","eventName":"n8n.node.started","message":"n8n.node.started","payload":{"workflowId":"8y5ALZTU2BvkIrm4","workflowName":"General","executionId":"19","nodeType":"n8n-nodes-base.function","nodeName":"Process Travel Data","nodeId":"02497c10-01cd-4448-8373-576a8cdff0cf"}}
{"__type":"$$EventMessageConfirm","confirm":"22b9052a-4f03-4062-ad13-6ec51e9a3398","ts":"2025-12-06T18:42:52.882-05:00","source":{"id":"0","name":"eventBus"}}
{"__type":"$$EventMessageNode","id":"b307b0ba-cfd6-4f2b-8dfd-72aa514ab726","ts":"2025-12-06T18:42:52.895-05:00","eventName":"n8n.node.finished","message":"n8n.node.finished","payload":{"workflowId":"8y5ALZTU2BvkIrm4","workflowName":"General","executionId":"19","nodeType":"n8n-nodes-base.function","nodeName":"Process Travel Data","nodeId":"02497c10-01cd-4448-8373-576a8cdff0cf"}}
{"__type":"$$EventMessageConfirm","confirm":"b307b0ba-cfd6-4f2b-8dfd-72aa514ab726","ts":"2025-12-06T18:42:52.895-05:00","source":{"id":"0","name":"eventBus"}}
{"__type":"$$EventMessageNode","id":"a5933ac4-0b0b-4487-90d0-6c6d1004a92e","ts":"2025-12-06T18:42:52.895-05:00","eventName":"n8n.node.started","message":"n8n.node.started","payload":{"workflowId":"8y5ALZTU2BvkIrm4","workflowName":"General","executionId":"19","nodeType":"n8n-nodes-base.httpRequest","nodeName":"✈️ Skyscanner Flights","nodeId":"6d1d14dd-30a6-4993-a0b8-2e926b5e6f7d"}}
{"__type":"$$EventMessageConfirm","confirm":"a5933ac4-0b0b-4487-90d0-6c6d1004a92e","ts":"2025-12-06T18:42:52.895-05:00","source":{"id":"0","name":"eventBus"}}
{"__type":"$$EventMessageWorkflow","id":"5e37dd2a-8c57-4c93-9f2d-a5c17639c417","ts":"2025-12-06T18:42:53.388-05:00","eventName":"n8n.workflow.started","message":"n8n.workflow.started","payload":{"executionId":"20","workflowId":"8y5ALZTU2BvkIrm4","isManual":false,"workflowName":"General"}}
{"__type":"$$EventMessageConfirm","confirm":"5e37dd2a-8c57-4c93-9f2d-a5c17639c417","ts":"2025-12-06T18:42:53.388-05:00","source":{"id":"0","name":"eventBus"}}
{"__type":"$$EventMessageNode","id":"6f248914-59bc-4d86-abb2-0d7a8d170e51","ts":"2025-12-06T18:42:53.388-05:00","eventName":"n8n.node.started","message":"n8n.node.started","payload":{"workflowId":"8y5ALZTU2BvkIrm4","workflowName":"General","executionId":"20","nodeType":"n8n-nodes-base.webhook","nodeName":"📱 Streamlit Webhook","nodeId":"ae8059ee-5c26-4af5-83ea-0b147821a989"}}
{"__type":"$$EventMessageConfirm","confirm":"6f248914-59bc-4d86-abb2-0d7a8d170e51","ts":"2025-12-06T18:42:53.388-05:00","source":{"id":"0","name":"eventBus"}}
{"__type":"$$EventMessageNode","id":"cf64156a-12af-40c8-ae33-cca4e992a4e9","ts":"2025-12-06T18:42:53.389-05:00","eventName":"n8n.node.finished","message":"n8n.node.finished","payload":{"workflowId":"8y5ALZTU2BvkIrm4","workflowName":"General","executionId":"20","nodeType":"n8n-nodes-base.webhook","nodeName":"📱 Streamlit Webhook","nodeId":"ae8059ee-5c26-4af5-83ea-0b147821a989"}}
{"__type":"$$EventMessageConfirm","confirm":"cf64156a-12af-40c8-ae33-cca4e992a4e9","ts":"2025-12-06T18:42:53.389-05:00","source":{"id":"0","name":"eventBus"}}
{"__type":"$$EventMessageNode","id":"bb5d841e-f627-4edc-86d9-8fc002d6aabd","ts":"2025-12-06T18:42:53.389-05:00","eventName":"n8n.node.started","message":"n8n.node.started","payload":{"workflowId":"8y5ALZTU2BvkIrm4","workflowName":"General","executionId":"20","nodeType":"n8n-nodes-base.function","nodeName":"Process Travel Data","nodeId":"02497c10-01cd-4448-8373-576a8cdff0cf"}}
{"__type":"$$EventMessageConfirm","confirm":"bb5d841e-f627-4edc-86d9-8fc002d6aabd","ts":"2025-12-06T18:42:53.389-05:00","source":{"id":"0","name":"eventBus"}}
{"__type":"$$EventMessageNode","id":"95174fed-a175-46ee-abd2-e616e6096012","ts":"2025-12-06T18:42:53.399-05:00","eventName":"n8n.node.finished","message":"n8n.node.finished","payload":{"workflowId":"8y5ALZTU2BvkIrm4","workflowName":"General","executionId":"20","nodeType":"n8n-nodes-base.function","nodeName":"Process Travel Data","nodeId":"02497c10-01cd-4448-8373-576a8cdff0cf"}}
{"__type":"$$EventMessageConfirm","confirm":"95174fed-a175-46ee-abd2-e616e6096012","ts":"2025-12-06T18:42:53.399-05:00","source":{"id":"0","name":"eventBus"}}
{"__type":"$$EventMessageNode","id":"4143b614-089b-40f3-b051-9905a2f0cd58","ts":"2025-12-06T18:42:53.400-05:00","eventName":"n8n.node.started","message":"n8n.node.started","payload":{"workflowId":"8y5ALZTU2BvkIrm4","workflowName":"General","executionId":"20","nodeType":"n8n-nodes-base.httpRequest","nodeName":"✈️ Skyscanner Flights","nodeId":"6d1d14dd-30a6-4993-a0b8-2e926b5e6f7d"}}
{"__type":"$$EventMessageConfirm","confirm":"4143b614-089b-40f3-b051-9905a2f0cd58","ts":"2025-12-06T18:42:53.400-05:00","source":{"id":"0","name":"eventBus"}}
{"__type":"$$EventMessageWorkflow","id":"0d890b85-8c0f-4672-b315-050631bb87d9","ts":"2025-12-06T18:42:53.912-05:00","eventName":"n8n.workflow.started","message":"n8n.workflow.started","payload":{"executionId":"21","workflowId":"8y5ALZTU2BvkIrm4","isManual":false,"workflowName":"General"}}
{"__type":"$$EventMessageConfirm","confirm":"0d890b85-8c0f-4672-b315-050631bb87d9","ts":"2025-12-06T18:42:53.913-05:00","source":{"id":"0","name":"eventBus"}}
{"__type":"$$EventMessageNode","id":"b5b2bede-a12e-4f73-90d0-52ece4fe3ee8","ts":"2025-12-06T18:42:53.913-05:00","eventName":"n8n.node.started","message":"n8n.node.started","payload":{"workflowId":"8y5ALZTU2BvkIrm4","workflowName":"General","executionId":"21","nodeType":"n8n-nodes-base.webhook","nodeName":"📱 Streamlit Webhook","nodeId":"ae8059ee-5c26-4af5-83ea-0b147821a989"}}
{"__type":"$$EventMessageConfirm","confirm":"b5b2bede-a12e-4f73-90d0-52ece4fe3ee8","ts":"2025-12-06T18:42:53.913-05:00","source":{"id":"0","name":"eventBus"}}
{"__type":"$$EventMessageNode","id":"0afca634-75da-472b-bb3e-f860306712b1","ts":"2025-12-06T18:42:53.913-05:00","eventName":"n8n.node.finished","message":"n8n.node.finished","payload":{"workflowId":"8y5ALZTU2BvkIrm4","workflowName":"General","executionId":"21","nodeType":"n8n-nodes-base.webhook","nodeName":"📱 Streamlit Webhook","nodeId":"ae8059ee-5c26-4af5-83ea-0b147821a989"}}
{"__type":"$$EventMessageConfirm","confirm":"0afca634-75da-472b-bb3e-f860306712b1","ts":"2025-12-06T18:42:53.913-05:00","source":{"id":"0","name":"eventBus"}}
{"__type":"$$EventMessageNode","id":"85fb54fd-a595-44ac-8688-301c073295ff","ts":"2025-12-06T18:42:53.913-05:00","eventName":"n8n.node.started","message":"n8n.node.started","payload":{"workflowId":"8y5ALZTU2BvkIrm4","workflowName":"General","executionId":"21","nodeType":"n8n-nodes-base.function","nodeName":"Process Travel Data","nodeId":"02497c10-01cd-4448-8373-576a8cdff0cf"}}
{"__type":"$$EventMessageConfirm","confirm":"85fb54fd-a595-44ac-8688-301c073295ff","ts":"2025-12-06T18:42:53.913-05:00","source":{"id":"0","name":"eventBus"}}
{"__type":"$$EventMessageNode","id":"70b1b91f-fff1-4608-a6a3-0e530b5785fa","ts":"2025-12-06T18:42:53.929-05:00","eventName":"n8n.node.finished","message":"n8n.node.finished","payload":{"workflowId":"8y5ALZTU2BvkIrm4","workflowName":"General","executionId":"21","nodeType":"n8n-nodes-base.function","nodeName":"Process Travel Data","nodeId":"02497c10-01cd-4448-8373-576a8cdff0cf"}}
{"__type":"$$EventMessageConfirm","confirm":"70b1b91f-fff1-4608-a6a3-0e530b5785fa","ts":"2025-12-06T18:42:53.929-05:00","source":{"id":"0","name":"eventBus"}}
{"__type":"$$EventMessageNode","id":"3347ee98-2c42-403c-8def-88c0d3f92658","ts":"2025-12-06T18:42:53.930-05:00","eventName":"n8n.node.started","message":"n8n.node.started","payload":{"workflowId":"8y5ALZTU2BvkIrm4","workflowName":"General","executionId":"21","nodeType":"n8n-nodes-base.httpRequest","nodeName":"✈️ Skyscanner Flights","nodeId":"6d1d14dd-30a6-4993-a0b8-2e926b5e6f7d"}}
{"__type":"$$EventMessageConfirm","confirm":"3347ee98-2c42-403c-8def-88c0d3f92658","ts":"2025-12-06T18:42:53.930-05:00","source":{"id":"0","name":"eventBus"}}
{"__type":"$$EventMessageWorkflow","id":"f99a23bd-64de-46f9-87a0-68eff1192d33","ts":"2025-12-06T18:42:54.392-05:00","eventName":"n8n.workflow.started","message":"n8n.workflow.started","payload":{"executionId":"22","workflowId":"8y5ALZTU2BvkIrm4","isManual":false,"workflowName":"General"}}
{"__type":"$$EventMessageConfirm","confirm":"f99a23bd-64de-46f9-87a0-68eff1192d33","ts":"2025-12-06T18:42:54.392-05:00","source":{"id":"0","name":"eventBus"}}
{"__type":"$$EventMessageNode","id":"08661e7e-aa01-45ec-a6e9-0647004255ec","ts":"2025-12-06T18:42:54.393-05:00","eventName":"n8n.node.started","message":"n8n.node.started","payload":{"workflowId":"8y5ALZTU2BvkIrm4","workflowName":"General","executionId":"22","nodeType":"n8n-nodes-base.webhook","nodeName":"📱 Streamlit Webhook","nodeId":"ae8059ee-5c26-4af5-83ea-0b147821a989"}}
{"__type":"$$EventMessageConfirm","confirm":"08661e7e-aa01-45ec-a6e9-0647004255ec","ts":"2025-12-06T18:42:54.393-05:00","source":{"id":"0","name":"eventBus"}}
{"__type":"$$EventMessageNode","id":"39df75bb-7c4e-438b-bbd1-44a5489350d1","ts":"2025-12-06T18:42:54.393-05:00","eventName":"n8n.node.finished","message":"n8n.node.finished","payload":{"workflowId":"8y5ALZTU2BvkIrm4","workflowName":"General","executionId":"22","nodeType":"n8n-nodes-base.webhook","nodeName":"📱 Streamlit Webhook","nodeId":"ae8059ee-5c26-4af5-83ea-0b147821a989"}}
{"__type":"$$EventMessageConfirm","confirm":"39df75bb-7c4e-438b-bbd1-44a5489350d1","ts":"2025-12-06T18:42:54.393-05:00","source":{"id":"0","name":"eventBus"}}
{"__type":"$$EventMessageNode","id":"f28475b2-0ba6-48d6-a5ca-4cbfc85ed266","ts":"2025-12-06T18:42:54.393-05:00","eventName":"n8n.node.started","message":"n8n.node.started","payload":{"workflowId":"8y5ALZTU2BvkIrm4","workflowName":"General","executionId":"22","nodeType":"n8n-nodes-base.function","nodeName":"Process Travel Data","nodeId":"02497c10-01cd-4448-8373-576a8cdff0cf"}}
{"__type":"$$EventMessageConfirm","confirm":"f28475b2-0ba6-48d6-a5ca-4cbfc85ed266","ts":"2025-12-06T18:42:54.393-05:00","source":{"id":"0","name":"eventBus"}}
{"__type":"$$EventMessageNode","id":"cef66da6-922b-4c90-846c-c803a761e3d5","ts":"2025-12-06T18:42:54.409-05:00","eventName":"n8n.node.finished","message":"n8n.node.finished","payload":{"workflowId":"8y5ALZTU2BvkIrm4","workflowName":"General","executionId":"22","nodeType":"n8n-nodes-base.function","nodeName":"Process Travel Data","nodeId":"02497c10-01cd-4448-8373-576a8cdff0cf"}}
{"__type":"$$EventMessageConfirm","confirm":"cef66da6-922b-4c90-846c-c803a761e3d5","ts":"2025-12-06T18:42:54.410-05:00","source":{"id":"0","name":"eventBus"}}
{"__type":"$$EventMessageNode","id":"c3d9fb25-7f69-41a3-9165-79f7a4475cd8","ts":"2025-12-06T18:42:54.412-05:00","eventName":"n8n.node.started","message":"n8n.node.started","payload":{"workflowId":"8y5ALZTU2BvkIrm4","workflowName":"General","executionId":"22","nodeType":"n8n-nodes-base.httpRequest","nodeName":"✈️ Skyscanner Flights","nodeId":"6d1d14dd-30a6-4993-a0b8-2e926b5e6f7d"}}
{"__type":"$$EventMessageConfirm","confirm":"c3d9fb25-7f69-41a3-9165-79f7a4475cd8","ts":"2025-12-06T18:42:54.412-05:00","source":{"id":"0","name":"eventBus"}}
{"__type":"$$EventMessageWorkflow","id":"f1f32989-c09f-4e57-b572-7a735b860f36","ts":"2025-12-06T18:42:54.877-05:00","eventName":"n8n.workflow.started","message":"n8n.workflow.started","payload":{"executionId":"23","workflowId":"8y5ALZTU2BvkIrm4","isManual":false,"workflowName":"General"}}
{"__type":"$$EventMessageConfirm","confirm":"f1f32989-c09f-4e57-b572-7a735b860f36","ts":"2025-12-06T18:42:54.877-05:00","source":{"id":"0","name":"eventBus"}}
{"__type":"$$EventMessageNode","id":"c9efd5ee-359b-4521-a8ab-269c85006382","ts":"2025-12-06T18:42:54.877-05:00","eventName":"n8n.node.started","message":"n8n.node.started","payload":{"workflowId":"8y5ALZTU2BvkIrm4","workflowName":"General","executionId":"23","nodeType":"n8n-nodes-base.webhook","nodeName":"📱 Streamlit Webhook","nodeId":"ae8059ee-5c26-4af5-83ea-0b147821a989"}}
{"__type":"$$EventMessageConfirm","confirm":"c9efd5ee-359b-4521-a8ab-269c85006382","ts":"2025-12-06T18:42:54.877-05:00","source":{"id":"0","name":"eventBus"}}
{"__type":"$$EventMessageNode","id":"7a87c3e9-bf23-46c4-950c-36db3e768397","ts":"2025-12-06T18:42:54.877-05:00","eventName":"n8n.node.finished","message":"n8n.node.finished","payload":{"workflowId":"8y5ALZTU2BvkIrm4","workflowName":"General","executionId":"23","nodeType":"n8n-nodes-base.webhook","nodeName":"📱 Streamlit Webhook","nodeId":"ae8059ee-5c26-4af5-83ea-0b147821a989"}}
{"__type":"$$EventMessageConfirm","confirm":"7a87c3e9-bf23-46c4-950c-36db3e768397","ts":"2025-12-06T18:42:54.878-05:00","source":{"id":"0","name":"eventBus"}}
{"__type":"$$EventMessageNode","id":"0b84e26f-4510-4d48-89b9-466681643bc8","ts":"2025-12-06T18:42:54.878-05:00","eventName":"n8n.node.started","message":"n8n.node.started","payload":{"workflowId":"8y5ALZTU2BvkIrm4","workflowName":"General","executionId":"23","nodeType":"n8n-nodes-base.function","nodeName":"Process Travel Data","nodeId":"02497c10-01cd-4448-8373-576a8cdff0cf"}}
{"__type":"$$EventMessageConfirm","confirm":"0b84e26f-4510-4d48-89b9-466681643bc8","ts":"2025-12-06T18:42:54.878-05:00","source":{"id":"0","name":"eventBus"}}
{"__type":"$$EventMessageNode","id":"8684c065-49d1-4224-91e7-169ac2bb4edb","ts":"2025-12-06T18:42:54.887-05:00","eventName":"n8n.node.finished","message":"n8n.node.finished","payload":{"workflowId":"8y5ALZTU2BvkIrm4","workflowName":"General","executionId":"23","nodeType":"n8n-nodes-base.function","nodeName":"Process Travel Data","nodeId":"02497c10-01cd-4448-8373-576a8cdff0cf"}}
{"__type":"$$EventMessageConfirm","confirm":"8684c065-49d1-4224-91e7-169ac2bb4edb","ts":"2025-12-06T18:42:54.887-05:00","source":{"id":"0","name":"eventBus"}}
{"__type":"$$EventMessageNode","id":"f428e19e-7b11-4ea6-b9f3-8ba7566b0f50","ts":"2025-12-06T18:42:54.888-05:00","eventName":"n8n.node.started","message":"n8n.node.started","payload":{"workflowId":"8y5ALZTU2BvkIrm4","workflowName":"General","executionId":"23","nodeType":"n8n-nodes-base.httpRequest","nodeName":"✈️ Skyscanner Flights","nodeId":"6d1d14dd-30a6-4993-a0b8-2e926b5e6f7d"}}
{"__type":"$$EventMessageConfirm","confirm":"f428e19e-7b11-4ea6-b9f3-8ba7566b0f50","ts":"2025-12-06T18:42:54.888-05:00","source":{"id":"0","name":"eventBus"}}
{"__type":"$$EventMessageWorkflow","id":"c66caab7-2045-46f2-8f01-e44a7b3a9f70","ts":"2025-12-06T18:42:55.400-05:00","eventName":"n8n.workflow.started","message":"n8n.workflow.started","payload":{"executionId":"24","workflowId":"8y5ALZTU2BvkIrm4","isManual":false,"workflowName":"General"}}
{"__type":"$$EventMessageConfirm","confirm":"c66caab7-2045-46f2-8f01-e44a7b3a9f70","ts":"2025-12-06T18:42:55.401-05:00","source":{"id":"0","name":"eventBus"}}
{"__type":"$$EventMessageNode","id":"b2b72a90-4d85-4fa9-9f22-2df23a75fc86","ts":"2025-12-06T18:42:55.401-05:00","eventName":"n8n.node.started","message":"n8n.node.started","payload":{"workflowId":"8y5ALZTU2BvkIrm4","workflowName":"General","executionId":"24","nodeType":"n8n-nodes-base.webhook","nodeName":"📱 Streamlit Webhook","nodeId":"ae8059ee-5c26-4af5-83ea-0b147821a989"}}
{"__type":"$$EventMessageConfirm","confirm":"b2b72a90-4d85-4fa9-9f22-2df23a75fc86","ts":"2025-12-06T18:42:55.402-05:00","source":{"id":"0","name":"eventBus"}}
{"__type":"$$EventMessageNode","id":"549d3bea-bd0c-40b1-991b-a78c66e92329","ts":"2025-12-06T18:42:55.402-05:00","eventName":"n8n.node.finished","message":"n8n.node.finished","payload":{"workflowId":"8y5ALZTU2BvkIrm4","workflowName":"General","executionId":"24","nodeType":"n8n-nodes-base.webhook","nodeName":"📱 Streamlit Webhook","nodeId":"ae8059ee-5c26-4af5-83ea-0b147821a989"}}
{"__type":"$$EventMessageConfirm","confirm":"549d3bea-bd0c-40b1-991b-a78c66e92329","ts":"2025-12-06T18:42:55.403-05:00","source":{"id":"0","name":"eventBus"}}
{"__type":"$$EventMessageNode","id":"384ad1b5-201d-49ed-bfb3-75f45cf0d828","ts":"2025-12-06T18:42:55.403-05:00","eventName":"n8n.node.started","message":"n8n.node.started","payload":{"workflowId":"8y5ALZTU2BvkIrm4","workflowName":"General","executionId":"24","nodeType":"n8n-nodes-base.function","nodeName":"Process Travel Data","nodeId":"02497c10-01cd-4448-8373-576a8cdff0cf"}}
{"__type":"$$EventMessageConfirm","confirm":"384ad1b5-201d-49ed-bfb3-75f45cf0d828","ts":"2025-12-06T18:42:55.403-05:00","source":{"id":"0","name":"eventBus"}}
{"__type":"$$EventMessageNode","id":"2d8ba2e4-14bc-4671-86a5-fc667417bbad","ts":"2025-12-06T18:42:55.418-05:00","eventName":"n8n.node.finished","message":"n8n.node.finished","payload":{"workflowId":"8y5ALZTU2BvkIrm4","workflowName":"General","executionId":"24","nodeType":"n8n-nodes-base.function","nodeName":"Process Travel Data","nodeId":"02497c10-01cd-4448-8373-576a8cdff0cf"}}
{"__type":"$$EventMessageConfirm","confirm":"2d8ba2e4-14bc-4671-86a5-fc667417bbad","ts":"2025-12-06T18:42:55.418-05:00","source":{"id":"0","name":"eventBus"}}
{"__type":"$$EventMessageNode","id":"748ca9fa-f885-4738-8ba4-19e9c19251df","ts":"2025-12-06T18:42:55.419-05:00","eventName":"n8n.node.started","message":"n8n.node.started","payload":{"workflowId":"8y5ALZTU2BvkIrm4","workflowName":"General","executionId":"24","nodeType":"n8n-nodes-base.httpRequest","nodeName":"✈️ Skyscanner Flights","nodeId":"6d1d14dd-30a6-4993-a0b8-2e926b5e6f7d"}}
{"__type":"$$EventMessageConfirm","confirm":"748ca9fa-f885-4738-8ba4-19e9c19251df","ts":"2025-12-06T18:42:55.419-05:00","source":{"id":"0","name":"eventBus"}}
{"__type":"$$EventMessageNode","id":"c8272f75-bdd6-400d-a8a0-1cb87cbc5018","ts":"2025-12-06T18:42:55.863-05:00","eventName":"n8n.node.finished","message":"n8n.node.finished","payload":{"workflowId":"8y5ALZTU2BvkIrm4","workflowName":"General","executionId":"18","nodeType":"n8n-nodes-base.httpRequest","nodeName":"✈️ Skyscanner Flights","nodeId":"6d1d14dd-30a6-4993-a0b8-2e926b5e6f7d"}}
{"__type":"$$EventMessageConfirm","confirm":"c8272f75-bdd6-400d-a8a0-1cb87cbc5018","ts":"2025-12-06T18:42:55.864-05:00","source":{"id":"0","name":"eventBus"}}
{"__type":"$$EventMessageNode","id":"bb43a047-47ec-46cd-ae60-457442802445","ts":"2025-12-06T18:42:55.864-05:00","eventName":"n8n.node.started","message":"n8n.node.started","payload":{"workflowId":"8y5ALZTU2BvkIrm4","workflowName":"General","executionId":"18","nodeType":"n8n-nodes-base.httpRequest","nodeName":"🗝️ Amadeus Auth Token","nodeId":"ddee2ef7-119f-4f23-8649-7285c81ad086"}}
{"__type":"$$EventMessageConfirm","confirm":"bb43a047-47ec-46cd-ae60-457442802445","ts":"2025-12-06T18:42:55.864-05:00","source":{"id":"0","name":"eventBus"}}
{"__type":"$$EventMessageNode","id":"75820c7f-6bfe-4993-a0a0-2f963ccc2cd0","ts":"2025-12-06T18:42:55.886-05:00","eventName":"n8n.node.finished","message":"n8n.node.finished","payload":{"workflowId":"8y5ALZTU2BvkIrm4","workflowName":"General","executionId":"21","nodeType":"n8n-nodes-base.httpRequest","nodeName":"✈️ Skyscanner Flights","nodeId":"6d1d14dd-30a6-4993-a0b8-2e926b5e6f7d"}}
{"__type":"$$EventMessageConfirm","confirm":"75820c7f-6bfe-4993-a0a0-2f963ccc2cd0","ts":"2025-12-06T18:42:55.886-05:00","source":{"id":"0","name":"eventBus"}}
{"__type":"$$EventMessageNode","id":"938a0e54-f684-4bd2-820b-91524a65f118","ts":"2025-12-06T18:42:55.886-05:00","eventName":"n8n.node.started","message":"n8n.node.started","payload":{"workflowId":"8y5ALZTU2BvkIrm4","workflowName":"General","executionId":"21","nodeType":"n8n-nodes-base.httpRequest","nodeName":"🗝️ Amadeus Auth Token","nodeId":"ddee2ef7-119f-4f23-8649-7285c81ad086"}}
{"__type":"$$EventMessageConfirm","confirm":"938a0e54-f684-4bd2-820b-91524a65f118","ts":"2025-12-06T18:42:55.886-05:00","source":{"id":"0","name":"eventBus"}}
{"__type":"$$EventMessageNode","id":"37465f1d-a7b9-41a3-b3d8-28d9fbd3d20b","ts":"2025-12-06T18:42:55.892-05:00","eventName":"n8n.node.finished","message":"n8n.node.finished","payload":{"workflowId":"8y5ALZTU2BvkIrm4","workflowName":"General","executionId":"19","nodeType":"n8n-nodes-base.httpRequest","nodeName":"✈️ Skyscanner Flights","nodeId":"6d1d14dd-30a6-4993-a0b8-2e926b5e6f7d"}}
{"__type":"$$EventMessageConfirm","confirm":"37465f1d-a7b9-41a3-b3d8-28d9fbd3d20b","ts":"2025-12-06T18:42:55.892-05:00","source":{"id":"0","name":"eventBus"}}
{"__type":"$$EventMessageNode","id":"119b80d3-718b-452b-af5e-60aa6db9976b","ts":"2025-12-06T18:42:55.892-05:00","eventName":"n8n.node.started","message":"n8n.node.started","payload":{"workflowId":"8y5ALZTU2BvkIrm4","workflowName":"General","executionId":"19","nodeType":"n8n-nodes-base.httpRequest","nodeName":"🗝️ Amadeus Auth Token","nodeId":"ddee2ef7-119f-4f23-8649-7285c81ad086"}}
{"__type":"$$EventMessageConfirm","confirm":"119b80d3-718b-452b-af5e-60aa6db9976b","ts":"2025-12-06T18:42:55.893-05:00","source":{"id":"0","name":"eventBus"}}
{"__type":"$$EventMessageNode","id":"a3b2453e-2911-4a78-acbb-c38bebd3a57e","ts":"2025-12-06T18:42:55.969-05:00","eventName":"n8n.node.finished","message":"n8n.node.finished","payload":{"workflowId":"8y5ALZTU2BvkIrm4","workflowName":"General","executionId":"20","nodeType":"n8n-nodes-base.httpRequest","nodeName":"✈️ Skyscanner Flights","nodeId":"6d1d14dd-30a6-4993-a0b8-2e926b5e6f7d"}}
{"__type":"$$EventMessageConfirm","confirm":"a3b2453e-2911-4a78-acbb-c38bebd3a57e","ts":"2025-12-06T18:42:55.969-05:00","source":{"id":"0","name":"eventBus"}}
{"__type":"$$EventMessageNode","id":"32f4f565-c2df-4d2f-becc-659372a9a012","ts":"2025-12-06T18:42:55.970-05:00","eventName":"n8n.node.started","message":"n8n.node.started","payload":{"workflowId":"8y5ALZTU2BvkIrm4","workflowName":"General","executionId":"20","nodeType":"n8n-nodes-base.httpRequest","nodeName":"🗝️ Amadeus Auth Token","nodeId":"ddee2ef7-119f-4f23-8649-7285c81ad086"}}
{"__type":"$$EventMessageConfirm","confirm":"32f4f565-c2df-4d2f-becc-659372a9a012","ts":"2025-12-06T18:42:55.970-05:00","source":{"id":"0","name":"eventBus"}}
{"__type":"$$EventMessageWorkflow","id":"2bb1f362-3c86-479d-8057-2e532694189f","ts":"2025-12-06T18:42:56.021-05:00","eventName":"n8n.workflow.started","message":"n8n.workflow.started","payload":{"executionId":"25","workflowId":"8y5ALZTU2BvkIrm4","isManual":false,"workflowName":"General"}}
{"__type":"$$EventMessageConfirm","confirm":"2bb1f362-3c86-479d-8057-2e532694189f","ts":"2025-12-06T18:42:56.021-05:00","source":{"id":"0","name":"eventBus"}}
{"__type":"$$EventMessageNode","id":"51c3f560-1e82-45c5-85ee-20d4759949ba","ts":"2025-12-06T18:42:56.022-05:00","eventName":"n8n.node.started","message":"n8n.node.started","payload":{"workflowId":"8y5ALZTU2BvkIrm4","workflowName":"General","executionId":"25","nodeType":"n8n-nodes-base.webhook","nodeName":"📱 Streamlit Webhook","nodeId":"ae8059ee-5c26-4af5-83ea-0b147821a989"}}
{"__type":"$$EventMessageConfirm","confirm":"51c3f560-1e82-45c5-85ee-20d4759949ba","ts":"2025-12-06T18:42:56.022-05:00","source":{"id":"0","name":"eventBus"}}
{"__type":"$$EventMessageNode","id":"02a47b2e-91f7-4c13-853d-f0562c60284d","ts":"2025-12-06T18:42:56.022-05:00","eventName":"n8n.node.finished","message":"n8n.node.finished","payload":{"workflowId":"8y5ALZTU2BvkIrm4","workflowName":"General","executionId":"25","nodeType":"n8n-nodes-base.webhook","nodeName":"📱 Streamlit Webhook","nodeId":"ae8059ee-5c26-4af5-83ea-0b147821a989"}}
{"__type":"$$EventMessageConfirm","confirm":"02a47b2e-91f7-4c13-853d-f0562c60284d","ts":"2025-12-06T18:42:56.023-05:00","source":{"id":"0","name":"eventBus"}}
{"__type":"$$EventMessageNode","id":"68673c17-3ca1-445c-8587-fbd6f15b8bec","ts":"2025-12-06T18:42:56.023-05:00","eventName":"n8n.node.started","message":"n8n.node.started","payload":{"workflowId":"8y5ALZTU2BvkIrm4","workflowName":"General","executionId":"25","nodeType":"n8n-nodes-base.function","nodeName":"Process Travel Data","nodeId":"02497c10-01cd-4448-8373-576a8cdff0cf"}}
{"__type":"$$EventMessageConfirm","confirm":"68673c17-3ca1-445c-8587-fbd6f15b8bec","ts":"2025-12-06T18:42:56.023-05:00","source":{"id":"0","name":"eventBus"}}
{"__type":"$$EventMessageNode","id":"a5aefb4c-2067-4374-b904-9d6d737dfbbd","ts":"2025-12-06T18:42:56.046-05:00","eventName":"n8n.node.finished","message":"n8n.node.finished","payload":{"workflowId":"8y5ALZTU2BvkIrm4","workflowName":"General","executionId":"25","nodeType":"n8n-nodes-base.function","nodeName":"Process Travel Data","nodeId":"02497c10-01cd-4448-8373-576a8cdff0cf"}}
{"__type":"$$EventMessageConfirm","confirm":"a5aefb4c-2067-4374-b904-9d6d737dfbbd","ts":"2025-12-06T18:42:56.046-05:00","source":{"id":"0","name":"eventBus"}}
{"__type":"$$EventMessageNode","id":"f9a20103-1056-46d2-b24d-1686d61aa73b","ts":"2025-12-06T18:42:56.046-05:00","eventName":"n8n.node.started","message":"n8n.node.started","payload":{"workflowId":"8y5ALZTU2BvkIrm4","workflowName":"General","executionId":"25","nodeType":"n8n-nodes-base.httpRequest","nodeName":"✈️ Skyscanner Flights","nodeId":"6d1d14dd-30a6-4993-a0b8-2e926b5e6f7d"}}
{"__type":"$$EventMessageConfirm","confirm":"f9a20103-1056-46d2-b24d-1686d61aa73b","ts":"2025-12-06T18:42:56.046-05:00","source":{"id":"0","name":"eventBus"}}
{"__type":"$$EventMessageNode","id":"4be4415c-b958-49fe-ae45-fbfec7ee8ae4","ts":"2025-12-06T18:42:56.079-05:00","eventName":"n8n.node.finished","message":"n8n.node.finished","payload":{"workflowId":"8y5ALZTU2BvkIrm4","workflowName":"General","executionId":"23","nodeType":"n8n-nodes-base.httpRequest","nodeName":"✈️ Skyscanner Flights","nodeId":"6d1d14dd-30a6-4993-a0b8-2e926b5e6f7d"}}
{"__type":"$$EventMessageConfirm","confirm":"4be4415c-b958-49fe-ae45-fbfec7ee8ae4","ts":"2025-12-06T18:42:56.079-05:00","source":{"id":"0","name":"eventBus"}}
{"__type":"$$EventMessageNode","id":"857864e4-0339-454c-9503-1c9317d1ca47","ts":"2025-12-06T18:42:56.079-05:00","eventName":"n8n.node.started","message":"n8n.node.started","payload":{"workflowId":"8y5ALZTU2BvkIrm4","workflowName":"General","executionId":"23","nodeType":"n8n-nodes-base.httpRequest","nodeName":"🗝️ Amadeus Auth Token","nodeId":"ddee2ef7-119f-4f23-8649-7285c81ad086"}}
{"__type":"$$EventMessageConfirm","confirm":"857864e4-0339-454c-9503-1c9317d1ca47","ts":"2025-12-06T18:42:56.079-05:00","source":{"id":"0","name":"eventBus"}}
{"__type":"$$EventMessageNode","id":"a7c5b822-3520-40df-80e0-1a2ddc6f71b7","ts":"2025-12-06T18:42:56.306-05:00","eventName":"n8n.node.finished","message":"n8n.node.finished","payload":{"workflowId":"8y5ALZTU2BvkIrm4","workflowName":"General","executionId":"22","nodeType":"n8n-nodes-base.httpRequest","nodeName":"✈️ Skyscanner Flights","nodeId":"6d1d14dd-30a6-4993-a0b8-2e926b5e6f7d"}}
{"__type":"$$EventMessageConfirm","confirm":"a7c5b822-3520-40df-80e0-1a2ddc6f71b7","ts":"2025-12-06T18:42:56.307-05:00","source":{"id":"0","name":"eventBus"}}
{"__type":"$$EventMessageNode","id":"a93601f0-ccdd-4a38-9f45-5f4f949df187","ts":"2025-12-06T18:42:56.307-05:00","eventName":"n8n.node.started","message":"n8n.node.started","payload":{"workflowId":"8y5ALZTU2BvkIrm4","workflowName":"General","executionId":"22","nodeType":"n8n-nodes-base.httpRequest","nodeName":"🗝️ Amadeus Auth Token","nodeId":"ddee2ef7-119f-4f23-8649-7285c81ad086"}}
{"__type":"$$EventMessageConfirm","confirm":"a93601f0-ccdd-4a38-9f45-5f4f949df187","ts":"2025-12-06T18:42:56.307-05:00","source":{"id":"0","name":"eventBus"}}
{"__type":"$$EventMessageNode","id":"1e128c13-8b81-4a48-aff0-a970699114a9","ts":"2025-12-06T18:42:56.319-05:00","eventName":"n8n.node.finished","message":"n8n.node.finished","payload":{"workflowId":"8y5ALZTU2BvkIrm4","workflowName":"General","executionId":"17","nodeType":"n8n-nodes-base.httpRequest","nodeName":"✈️ Skyscanner Flights","nodeId":"6d1d14dd-30a6-4993-a0b8-2e926b5e6f7d"}}
{"__type":"$$EventMessageConfirm","confirm":"1e128c13-8b81-4a48-aff0-a970699114a9","ts":"2025-12-06T18:42:56.319-05:00","source":{"id":"0","name":"eventBus"}}
{"__type":"$$EventMessageNode","id":"cb79e9da-e2f2-427f-bc4a-a4cbe507875f","ts":"2025-12-06T18:42:56.319-05:00","eventName":"n8n.node.started","message":"n8n.node.started","payload":{"workflowId":"8y5ALZTU2BvkIrm4","workflowName":"General","executionId":"17","nodeType":"n8n-nodes-base.httpRequest","nodeName":"🗝️ Amadeus Auth Token","nodeId":"ddee2ef7-119f-4f23-8649-7285c81ad086"}}
{"__type":"$$EventMessageConfirm","confirm":"cb79e9da-e2f2-427f-bc4a-a4cbe507875f","ts":"2025-12-06T18:42:56.320-05:00","source":{"id":"0","name":"eventBus"}}
{"__type":"$$EventMessageWorkflow","id":"5457f72a-7a5c-4bf4-adab-71e0cfd2bb6f","ts":"2025-12-06T18:42:56.387-05:00","eventName":"n8n.workflow.started","message":"n8n.workflow.started","payload":{"executionId":"26","workflowId":"8y5ALZTU2BvkIrm4","isManual":false,"workflowName":"General"}}
{"__type":"$$EventMessageConfirm","confirm":"5457f72a-7a5c-4bf4-adab-71e0cfd2bb6f","ts":"2025-12-06T18:42:56.387-05:00","source":{"id":"0","name":"eventBus"}}
{"__type":"$$EventMessageNode","id":"8cbcc306-1420-4ae4-8952-be0844889457","ts":"2025-12-06T18:42:56.387-05:00","eventName":"n8n.node.started","message":"n8n.node.started","payload":{"workflowId":"8y5ALZTU2BvkIrm4","workflowName":"General","executionId":"26","nodeType":"n8n-nodes-base.webhook","nodeName":"📱 Streamlit Webhook","nodeId":"ae8059ee-5c26-4af5-83ea-0b147821a989"}}
{"__type":"$$EventMessageConfirm","confirm":"8cbcc306-1420-4ae4-8952-be0844889457","ts":"2025-12-06T18:42:56.387-05:00","source":{"id":"0","name":"eventBus"}}
{"__type":"$$EventMessageNode","id":"319d6cff-0d0e-44e9-a51c-a484a6a19a59","ts":"2025-12-06T18:42:56.387-05:00","eventName":"n8n.node.finished","message":"n8n.node.finished","payload":{"workflowId":"8y5ALZTU2BvkIrm4","workflowName":"General","executionId":"26","nodeType":"n8n-nodes-base.webhook","nodeName":"📱 Streamlit Webhook","nodeId":"ae8059ee-5c26-4af5-83ea-0b147821a989"}}
{"__type":"$$EventMessageConfirm","confirm":"319d6cff-0d0e-44e9-a51c-a484a6a19a59","ts":"2025-12-06T18:42:56.387-05:00","source":{"id":"0","name":"eventBus"}}
{"__type":"$$EventMessageNode","id":"c65e220b-6b9c-4e83-b3b8-1f7b4113238a","ts":"2025-12-06T18:42:56.387-05:00","eventName":"n8n.node.started","message":"n8n.node.started","payload":{"workflowId":"8y5ALZTU2BvkIrm4","workflowName":"General","executionId":"26","nodeType":"n8n-nodes-base.function","nodeName":"Process Travel Data","nodeId":"02497c10-01cd-4448-8373-576a8cdff0cf"}}
{"__type":"$$EventMessageConfirm","confirm":"c65e220b-6b9c-4e83-b3b8-1f7b4113238a","ts":"2025-12-06T18:42:56.387-05:00","source":{"id":"0","name":"eventBus"}}
{"__type":"$$EventMessageNode","id":"5fc86bb5-5926-40b7-9369-45ac67b38a72","ts":"2025-12-06T18:42:56.397-05:00","eventName":"n8n.node.finished","message":"n8n.node.finished","payload":{"workflowId":"8y5ALZTU2BvkIrm4","workflowName":"General","executionId":"26","nodeType":"n8n-nodes-base.function","nodeName":"Process Travel Data","nodeId":"02497c10-01cd-4448-8373-576a8cdff0cf"}}
{"__type":"$$EventMessageConfirm","confirm":"5fc86bb5-5926-40b7-9369-45ac67b38a72","ts":"2025-12-06T18:42:56.398-05:00","source":{"id":"0","name":"eventBus"}}
{"__type":"$$EventMessageNode","id":"caf21c57-1016-4f4e-bf5d-912ca1d33844","ts":"2025-12-06T18:42:56.398-05:00","eventName":"n8n.node.started","message":"n8n.node.started","payload":{"workflowId":"8y5ALZTU2BvkIrm4","workflowName":"General","executionId":"26","nodeType":"n8n-nodes-base.httpRequest","nodeName":"✈️ Skyscanner Flights","nodeId":"6d1d14dd-30a6-4993-a0b8-2e926b5e6f7d"}}
{"__type":"$$EventMessageConfirm","confirm":"caf21c57-1016-4f4e-bf5d-912ca1d33844","ts":"2025-12-06T18:42:56.399-05:00","source":{"id":"0","name":"eventBus"}}
{"__type":"$$EventMessageNode","id":"b09daf0f-cb9d-411a-8f44-1eaa9973fc7e","ts":"2025-12-06T18:42:56.894-05:00","eventName":"n8n.node.finished","message":"n8n.node.finished","payload":{"workflowId":"8y5ALZTU2BvkIrm4","workflowName":"General","executionId":"24","nodeType":"n8n-nodes-base.httpRequest","nodeName":"✈️ Skyscanner Flights","nodeId":"6d1d14dd-30a6-4993-a0b8-2e926b5e6f7d"}}
{"__type":"$$EventMessageConfirm","confirm":"b09daf0f-cb9d-411a-8f44-1eaa9973fc7e","ts":"2025-12-06T18:42:56.894-05:00","source":{"id":"0","name":"eventBus"}}
{"__type":"$$EventMessageNode","id":"2faf4845-372b-4eac-89cb-0d0539864d06","ts":"2025-12-06T18:42:56.894-05:00","eventName":"n8n.node.started","message":"n8n.node.started","payload":{"workflowId":"8y5ALZTU2BvkIrm4","workflowName":"General","executionId":"24","nodeType":"n8n-nodes-base.httpRequest","nodeName":"🗝️ Amadeus Auth Token","nodeId":"ddee2ef7-119f-4f23-8649-7285c81ad086"}}
{"__type":"$$EventMessageConfirm","confirm":"2faf4845-372b-4eac-89cb-0d0539864d06","ts":"2025-12-06T18:42:56.894-05:00","source":{"id":"0","name":"eventBus"}}
{"__type":"$$EventMessageWorkflow","id":"d1481aaa-a9cc-42fa-adbc-ce11eec7c6af","ts":"2025-12-06T18:42:56.915-05:00","eventName":"n8n.workflow.started","message":"n8n.workflow.started","payload":{"executionId":"27","workflowId":"8y5ALZTU2BvkIrm4","isManual":false,"workflowName":"General"}}
{"__type":"$$EventMessageConfirm","confirm":"d1481aaa-a9cc-42fa-adbc-ce11eec7c6af","ts":"2025-12-06T18:42:56.915-05:00","source":{"id":"0","name":"eventBus"}}
{"__type":"$$EventMessageNode","id":"3c117195-c0e1-4f10-ad2c-b7bff47a13d2","ts":"2025-12-06T18:42:56.916-05:00","eventName":"n8n.node.started","message":"n8n.node.started","payload":{"workflowId":"8y5ALZTU2BvkIrm4","workflowName":"General","executionId":"27","nodeType":"n8n-nodes-base.webhook","nodeName":"📱 Streamlit Webhook","nodeId":"ae8059ee-5c26-4af5-83ea-0b147821a989"}}
{"__type":"$$EventMessageConfirm","confirm":"3c117195-c0e1-4f10-ad2c-b7bff47a13d2","ts":"2025-12-06T18:42:56.916-05:00","source":{"id":"0","name":"eventBus"}}
{"__type":"$$EventMessageNode","id":"dde5bfcf-7b5e-4f52-beea-1e4633555a4c","ts":"2025-12-06T18:42:56.916-05:00","eventName":"n8n.node.finished","message":"n8n.node.finished","payload":{"workflowId":"8y5ALZTU2BvkIrm4","workflowName":"General","executionId":"27","nodeType":"n8n-nodes-base.webhook","nodeName":"📱 Streamlit Webhook","nodeId":"ae8059ee-5c26-4af5-83ea-0b147821a989"}}
{"__type":"$$EventMessageConfirm","confirm":"dde5bfcf-7b5e-4f52-beea-1e4633555a4c","ts":"2025-12-06T18:42:56.916-05:00","source":{"id":"0","name":"eventBus"}}
{"__type":"$$EventMessageNode","id":"334ef644-474b-4e7c-8471-1241fdc1924c","ts":"2025-12-06T18:42:56.916-05:00","eventName":"n8n.node.started","message":"n8n.node.started","payload":{"workflowId":"8y5ALZTU2BvkIrm4","workflowName":"General","executionId":"27","nodeType":"n8n-nodes-base.function","nodeName":"Process Travel Data","nodeId":"02497c10-01cd-4448-8373-576a8cdff0cf"}}
{"__type":"$$EventMessageConfirm","confirm":"334ef644-474b-4e7c-8471-1241fdc1924c","ts":"2025-12-06T18:42:56.916-05:00","source":{"id":"0","name":"eventBus"}}
{"__type":"$$EventMessageNode","id":"0cebbcf7-6502-4e92-a3fc-30888565ef97","ts":"2025-12-06T18:42:56.921-05:00","eventName":"n8n.node.finished","message":"n8n.node.finished","payload":{"workflowId":"8y5ALZTU2BvkIrm4","workflowName":"General","executionId":"27","nodeType":"n8n-nodes-base.function","nodeName":"Process Travel Data","nodeId":"02497c10-01cd-4448-8373-576a8cdff0cf"}}
{"__type":"$$EventMessageConfirm","confirm":"0cebbcf7-6502-4e92-a3fc-30888565ef97","ts":"2025-12-06T18:42:56.921-05:00","source":{"id":"0","name":"eventBus"}}
{"__type":"$$EventMessageNode","id":"4ca3d197-1d1b-45e2-a635-310484eea65e","ts":"2025-12-06T18:42:56.921-05:00","eventName":"n8n.node.started","message":"n8n.node.started","payload":{"workflowId":"8y5ALZTU2BvkIrm4","workflowName":"General","executionId":"27","nodeType":"n8n-nodes-base.httpRequest","nodeName":"✈️ Skyscanner Flights","nodeId":"6d1d14dd-30a6-4993-a0b8-2e926b5e6f7d"}}
{"__type":"$$EventMessageConfirm","confirm":"4ca3d197-1d1b-45e2-a635-310484eea65e","ts":"2025-12-06T18:42:56.921-05:00","source":{"id":"0","name":"eventBus"}}
{"__type":"$$EventMessageNode","id":"e6ee0f8e-69bb-4beb-a3ab-63a285f4dbe3","ts":"2025-12-06T18:42:57.419-05:00","eventName":"n8n.node.finished","message":"n8n.node.finished","payload":{"workflowId":"8y5ALZTU2BvkIrm4","workflowName":"General","executionId":"20","nodeType":"n8n-nodes-base.httpRequest","nodeName":"🗝️ Amadeus Auth Token","nodeId":"ddee2ef7-119f-4f23-8649-7285c81ad086"}}
{"__type":"$$EventMessageConfirm","confirm":"e6ee0f8e-69bb-4beb-a3ab-63a285f4dbe3","ts":"2025-12-06T18:42:57.419-05:00","source":{"id":"0","name":"eventBus"}}
{"__type":"$$EventMessageNode","id":"bad3261e-504f-4072-90f8-2d4dffc348dd","ts":"2025-12-06T18:42:57.419-05:00","eventName":"n8n.node.started","message":"n8n.node.started","payload":{"workflowId":"8y5ALZTU2BvkIrm4","workflowName":"General","executionId":"20","nodeType":"n8n-nodes-base.httpRequest","nodeName":"🏨 Amadeus Hotels Search","nodeId":"335375c3-b2c4-488a-a187-5db699984bb5"}}
{"__type":"$$EventMessageConfirm","confirm":"bad3261e-504f-4072-90f8-2d4dffc348dd","ts":"2025-12-06T18:42:57.419-05:00","source":{"id":"0","name":"eventBus"}}
{"__type":"$$EventMessageNode","id":"7bf5c979-8011-4e75-a94f-ddcca0df433a","ts":"2025-12-06T18:42:57.425-05:00","eventName":"n8n.node.finished","message":"n8n.node.finished","payload":{"workflowId":"8y5ALZTU2BvkIrm4","workflowName":"General","executionId":"23","nodeType":"n8n-nodes-base.httpRequest","nodeName":"🗝️ Amadeus Auth Token","nodeId":"ddee2ef7-119f-4f23-8649-7285c81ad086"}}
{"__type":"$$EventMessageConfirm","confirm":"7bf5c979-8011-4e75-a94f-ddcca0df433a","ts":"2025-12-06T18:42:57.426-05:00","source":{"id":"0","name":"eventBus"}}
{"__type":"$$EventMessageNode","id":"b4de15a8-0685-459a-b86b-56727b594c1e","ts":"2025-12-06T18:42:57.426-05:00","eventName":"n8n.node.started","message":"n8n.node.started","payload":{"workflowId":"8y5ALZTU2BvkIrm4","workflowName":"General","executionId":"23","nodeType":"n8n-nodes-base.httpRequest","nodeName":"🏨 Amadeus Hotels Search","nodeId":"335375c3-b2c4-488a-a187-5db699984bb5"}}
{"__type":"$$EventMessageConfirm","confirm":"b4de15a8-0685-459a-b86b-56727b594c1e","ts":"2025-12-06T18:42:57.426-05:00","source":{"id":"0","name":"eventBus"}}
{"__type":"$$EventMessageNode","id":"edb22848-faf4-48a4-a80b-297ab9ded208","ts":"2025-12-06T18:42:57.432-05:00","eventName":"n8n.node.finished","message":"n8n.node.finished","payload":{"workflowId":"8y5ALZTU2BvkIrm4","workflowName":"General","executionId":"18","nodeType":"n8n-nodes-base.httpRequest","nodeName":"🗝️ Amadeus Auth Token","nodeId":"ddee2ef7-119f-4f23-8649-7285c81ad086"}}
{"__type":"$$EventMessageConfirm","confirm":"edb22848-faf4-48a4-a80b-297ab9ded208","ts":"2025-12-06T18:42:57.432-05:00","source":{"id":"0","name":"eventBus"}}
{"__type":"$$EventMessageNode","id":"7d29bfde-5f24-426b-b464-7fb0acaab156","ts":"2025-12-06T18:42:57.432-05:00","eventName":"n8n.node.started","message":"n8n.node.started","payload":{"workflowId":"8y5ALZTU2BvkIrm4","workflowName":"General","executionId":"18","nodeType":"n8n-nodes-base.httpRequest","nodeName":"🏨 Amadeus Hotels Search","nodeId":"335375c3-b2c4-488a-a187-5db699984bb5"}}
{"__type":"$$EventMessageConfirm","confirm":"7d29bfde-5f24-426b-b464-7fb0acaab156","ts":"2025-12-06T18:42:57.432-05:00","source":{"id":"0","name":"eventBus"}}
{"__type":"$$EventMessageNode","id":"b73d80e3-f013-4a04-a06e-df68f7e4cf7c","ts":"2025-12-06T18:42:57.440-05:00","eventName":"n8n.node.finished","message":"n8n.node.finished","payload":{"workflowId":"8y5ALZTU2BvkIrm4","workflowName":"General","executionId":"21","nodeType":"n8n-nodes-base.httpRequest","nodeName":"🗝️ Amadeus Auth Token","nodeId":"ddee2ef7-119f-4f23-8649-7285c81ad086"}}
{"__type":"$$EventMessageConfirm","confirm":"b73d80e3-f013-4a04-a06e-df68f7e4cf7c","ts":"2025-12-06T18:42:57.441-05:00","source":{"id":"0","name":"eventBus"}}
{"__type":"$$EventMessageNode","id":"ae6d1508-7389-43db-bba2-6c3ac71d72c0","ts":"2025-12-06T18:42:57.441-05:00","eventName":"n8n.node.started","message":"n8n.node.started","payload":{"workflowId":"8y5ALZTU2BvkIrm4","workflowName":"General","executionId":"21","nodeType":"n8n-nodes-base.httpRequest","nodeName":"🏨 Amadeus Hotels Search","nodeId":"335375c3-b2c4-488a-a187-5db699984bb5"}}
{"__type":"$$EventMessageConfirm","confirm":"ae6d1508-7389-43db-bba2-6c3ac71d72c0","ts":"2025-12-06T18:42:57.441-05:00","source":{"id":"0","name":"eventBus"}}
{"__type":"$$EventMessageNode","id":"67063f66-78c6-4e0d-9b07-f7313720a891","ts":"2025-12-06T18:42:57.448-05:00","eventName":"n8n.node.finished","message":"n8n.node.finished","payload":{"workflowId":"8y5ALZTU2BvkIrm4","workflowName":"General","executionId":"22","nodeType":"n8n-nodes-base.httpRequest","nodeName":"🗝️ Amadeus Auth Token","nodeId":"ddee2ef7-119f-4f23-8649-7285c81ad086"}}
{"__type":"$$EventMessageConfirm","confirm":"67063f66-78c6-4e0d-9b07-f7313720a891","ts":"2025-12-06T18:42:57.448-05:00","source":{"id":"0","name":"eventBus"}}
{"__type":"$$EventMessageNode","id":"2b4c1a70-04d9-4e51-a94c-7d3617018207","ts":"2025-12-06T18:42:57.448-05:00","eventName":"n8n.node.started","message":"n8n.node.started","payload":{"workflowId":"8y5ALZTU2BvkIrm4","workflowName":"General","executionId":"22","nodeType":"n8n-nodes-base.httpRequest","nodeName":"🏨 Amadeus Hotels Search","nodeId":"335375c3-b2c4-488a-a187-5db699984bb5"}}
{"__type":"$$EventMessageConfirm","confirm":"2b4c1a70-04d9-4e51-a94c-7d3617018207","ts":"2025-12-06T18:42:57.448-05:00","source":{"id":"0","name":"eventBus"}}
{"__type":"$$EventMessageNode","id":"9b248b1d-314a-4eb1-b08a-16215b727ff4","ts":"2025-12-06T18:42:57.457-05:00","eventName":"n8n.node.finished","message":"n8n.node.finished","payload":{"workflowId":"8y5ALZTU2BvkIrm4","workflowName":"General","executionId":"19","nodeType":"n8n-nodes-base.httpRequest","nodeName":"🗝️ Amadeus Auth Token","nodeId":"ddee2ef7-119f-4f23-8649-7285c81ad086"}}
{"__type":"$$EventMessageConfirm","confirm":"9b248b1d-314a-4eb1-b08a-16215b727ff4","ts":"2025-12-06T18:42:57.457-05:00","source":{"id":"0","name":"eventBus"}}
{"__type":"$$EventMessageNode","id":"617bd90e-9ee5-4195-8ecc-552343bfc681","ts":"2025-12-06T18:42:57.457-05:00","eventName":"n8n.node.started","message":"n8n.node.started","payload":{"workflowId":"8y5ALZTU2BvkIrm4","workflowName":"General","executionId":"19","nodeType":"n8n-nodes-base.httpRequest","nodeName":"🏨 Amadeus Hotels Search","nodeId":"335375c3-b2c4-488a-a187-5db699984bb5"}}
{"__type":"$$EventMessageConfirm","confirm":"617bd90e-9ee5-4195-8ecc-552343bfc681","ts":"2025-12-06T18:42:57.457-05:00","source":{"id":"0","name":"eventBus"}}
{"__type":"$$EventMessageNode","id":"82a38814-99c0-4cb7-98b2-b3922101b679","ts":"2025-12-06T18:42:57.565-05:00","eventName":"n8n.node.finished","message":"n8n.node.finished","payload":{"workflowId":"8y5ALZTU2BvkIrm4","workflowName":"General","executionId":"25","nodeType":"n8n-nodes-base.httpRequest","nodeName":"✈️ Skyscanner Flights","nodeId":"6d1d14dd-30a6-4993-a0b8-2e926b5e6f7d"}}
{"__type":"$$EventMessageConfirm","confirm":"82a38814-99c0-4cb7-98b2-b3922101b679","ts":"2025-12-06T18:42:57.565-05:00","source":{"id":"0","name":"eventBus"}}
{"__type":"$$EventMessageNode","id":"178f72dd-68a5-4131-86fa-222318e4fd13","ts":"2025-12-06T18:42:57.565-05:00","eventName":"n8n.node.started","message":"n8n.node.started","payload":{"workflowId":"8y5ALZTU2BvkIrm4","workflowName":"General","executionId":"25","nodeType":"n8n-nodes-base.httpRequest","nodeName":"🗝️ Amadeus Auth Token","nodeId":"ddee2ef7-119f-4f23-8649-7285c81ad086"}}
{"__type":"$$EventMessageConfirm","confirm":"178f72dd-68a5-4131-86fa-222318e4fd13","ts":"2025-12-06T18:42:57.566-05:00","source":{"id":"0","name":"eventBus"}}
{"__type":"$$EventMessageNode","id":"db975e52-a2b2-4c52-9744-b9d8a977b35c","ts":"2025-12-06T18:42:57.601-05:00","eventName":"n8n.node.finished","message":"n8n.node.finished","payload":{"workflowId":"8y5ALZTU2BvkIrm4","workflowName":"General","executionId":"26","nodeType":"n8n-nodes-base.httpRequest","nodeName":"✈️ Skyscanner Flights","nodeId":"6d1d14dd-30a6-4993-a0b8-2e926b5e6f7d"}}
{"__type":"$$EventMessageConfirm","confirm":"db975e52-a2b2-4c52-9744-b9d8a977b35c","ts":"2025-12-06T18:42:57.601-05:00","source":{"id":"0","name":"eventBus"}}
{"__type":"$$EventMessageNode","id":"9db0c04b-db26-45df-8626-653c7a496008","ts":"2025-12-06T18:42:57.601-05:00","eventName":"n8n.node.started","message":"n8n.node.started","payload":{"workflowId":"8y5ALZTU2BvkIrm4","workflowName":"General","executionId":"26","nodeType":"n8n-nodes-base.httpRequest","nodeName":"🗝️ Amadeus Auth Token","nodeId":"ddee2ef7-119f-4f23-8649-7285c81ad086"}}
{"__type":"$$EventMessageConfirm","confirm":"9db0c04b-db26-45df-8626-653c7a496008","ts":"2025-12-06T18:42:57.601-05:00","source":{"id":"0","name":"eventBus"}}
{"__type":"$$EventMessageNode","id":"f5504e50-cd71-4db6-a58d-5d7e65a1bc66","ts":"2025-12-06T18:42:57.686-05:00","eventName":"n8n.node.finished","message":"n8n.node.finished","payload":{"workflowId":"8y5ALZTU2BvkIrm4","workflowName":"General","executionId":"17","nodeType":"n8n-nodes-base.httpRequest","nodeName":"🗝️ Amadeus Auth Token","nodeId":"ddee2ef7-119f-4f23-8649-7285c81ad086"}}
{"__type":"$$EventMessageConfirm","confirm":"f5504e50-cd71-4db6-a58d-5d7e65a1bc66","ts":"2025-12-06T18:42:57.686-05:00","source":{"id":"0","name":"eventBus"}}
{"__type":"$$EventMessageNode","id":"7d8a879c-1df2-4d16-8c93-c2850b4d9246","ts":"2025-12-06T18:42:57.687-05:00","eventName":"n8n.node.started","message":"n8n.node.started","payload":{"workflowId":"8y5ALZTU2BvkIrm4","workflowName":"General","executionId":"17","nodeType":"n8n-nodes-base.httpRequest","nodeName":"🏨 Amadeus Hotels Search","nodeId":"335375c3-b2c4-488a-a187-5db699984bb5"}}
{"__type":"$$EventMessageConfirm","confirm":"7d8a879c-1df2-4d16-8c93-c2850b4d9246","ts":"2025-12-06T18:42:57.687-05:00","source":{"id":"0","name":"eventBus"}}
{"__type":"$$EventMessageNode","id":"86371c1a-b91f-47f0-a1fa-00d474eb8b1c","ts":"2025-12-06T18:42:58.002-05:00","eventName":"n8n.node.finished","message":"n8n.node.finished","payload":{"workflowId":"8y5ALZTU2BvkIrm4","workflowName":"General","executionId":"27","nodeType":"n8n-nodes-base.httpRequest","nodeName":"✈️ Skyscanner Flights","nodeId":"6d1d14dd-30a6-4993-a0b8-2e926b5e6f7d"}}
{"__type":"$$EventMessageConfirm","confirm":"86371c1a-b91f-47f0-a1fa-00d474eb8b1c","ts":"2025-12-06T18:42:58.003-05:00","source":{"id":"0","name":"eventBus"}}
{"__type":"$$EventMessageNode","id":"eca826c6-23b7-4204-90c9-623b7bc91137","ts":"2025-12-06T18:42:58.003-05:00","eventName":"n8n.node.started","message":"n8n.node.started","payload":{"workflowId":"8y5ALZTU2BvkIrm4","workflowName":"General","executionId":"27","nodeType":"n8n-nodes-base.httpRequest","nodeName":"🗝️ Amadeus Auth Token","nodeId":"ddee2ef7-119f-4f23-8649-7285c81ad086"}}
{"__type":"$$EventMessageConfirm","confirm":"eca826c6-23b7-4204-90c9-623b7bc91137","ts":"2025-12-06T18:42:58.003-05:00","source":{"id":"0","name":"eventBus"}}
{"__type":"$$EventMessageNode","id":"d05c9499-1702-46da-9f0f-9aaf0a156c8c","ts":"2025-12-06T18:42:58.277-05:00","eventName":"n8n.node.finished","message":"n8n.node.finished","payload":{"workflowId":"8y5ALZTU2BvkIrm4","workflowName":"General","executionId":"24","nodeType":"n8n-nodes-base.httpRequest","nodeName":"🗝️ Amadeus Auth Token","nodeId":"ddee2ef7-119f-4f23-8649-7285c81ad086"}}
{"__type":"$$EventMessageConfirm","confirm":"d05c9499-1702-46da-9f0f-9aaf0a156c8c","ts":"2025-12-06T18:42:58.277-05:00","source":{"id":"0","name":"eventBus"}}
{"__type":"$$EventMessageNode","id":"4d21cb86-c737-4a72-aa13-ca16b9241291","ts":"2025-12-06T18:42:58.278-05:00","eventName":"n8n.node.started","message":"n8n.node.started","payload":{"workflowId":"8y5ALZTU2BvkIrm4","workflowName":"General","executionId":"24","nodeType":"n8n-nodes-base.httpRequest","nodeName":"🏨 Amadeus Hotels Search","nodeId":"335375c3-b2c4-488a-a187-5db699984bb5"}}
{"__type":"$$EventMessageConfirm","confirm":"4d21cb86-c737-4a72-aa13-ca16b9241291","ts":"2025-12-06T18:42:58.278-05:00","source":{"id":"0","name":"eventBus"}}
{"__type":"$$EventMessageNode","id":"a0d70d8a-f735-4792-91b6-ecd489950320","ts":"2025-12-06T18:42:59.019-05:00","eventName":"n8n.node.finished","message":"n8n.node.finished","payload":{"workflowId":"8y5ALZTU2BvkIrm4","workflowName":"General","executionId":"26","nodeType":"n8n-nodes-base.httpRequest","nodeName":"🗝️ Amadeus Auth Token","nodeId":"ddee2ef7-119f-4f23-8649-7285c81ad086"}}
{"__type":"$$EventMessageConfirm","confirm":"a0d70d8a-f735-4792-91b6-ecd489950320","ts":"2025-12-06T18:42:59.019-05:00","source":{"id":"0","name":"eventBus"}}
{"__type":"$$EventMessageNode","id":"0ea2b36a-0a3b-4b3b-a781-27cb7e4ff148","ts":"2025-12-06T18:42:59.019-05:00","eventName":"n8n.node.started","message":"n8n.node.started","payload":{"workflowId":"8y5ALZTU2BvkIrm4","workflowName":"General","executionId":"26","nodeType":"n8n-nodes-base.httpRequest","nodeName":"🏨 Amadeus Hotels Search","nodeId":"335375c3-b2c4-488a-a187-5db699984bb5"}}
{"__type":"$$EventMessageConfirm","confirm":"0ea2b36a-0a3b-4b3b-a781-27cb7e4ff148","ts":"2025-12-06T18:42:59.019-05:00","source":{"id":"0","name":"eventBus"}}
{"__type":"$$EventMessageNode","id":"83871a69-2b67-4b06-8a36-1565bc8902fe","ts":"2025-12-06T18:42:59.040-05:00","eventName":"n8n.node.finished","message":"n8n.node.finished","payload":{"workflowId":"8y5ALZTU2BvkIrm4","workflowName":"General","executionId":"25","nodeType":"n8n-nodes-base.httpRequest","nodeName":"🗝️ Amadeus Auth Token","nodeId":"ddee2ef7-119f-4f23-8649-7285c81ad086"}}
{"__type":"$$EventMessageConfirm","confirm":"83871a69-2b67-4b06-8a36-1565bc8902fe","ts":"2025-12-06T18:42:59.040-05:00","source":{"id":"0","name":"eventBus"}}
{"__type":"$$EventMessageNode","id":"e0fed5ee-8031-4cf4-b0ca-a277a84fc843","ts":"2025-12-06T18:42:59.041-05:00","eventName":"n8n.node.started","message":"n8n.node.started","payload":{"workflowId":"8y5ALZTU2BvkIrm4","workflowName":"General","executionId":"25","nodeType":"n8n-nodes-base.httpRequest","nodeName":"🏨 Amadeus Hotels Search","nodeId":"335375c3-b2c4-488a-a187-5db699984bb5"}}
{"__type":"$$EventMessageConfirm","confirm":"e0fed5ee-8031-4cf4-b0ca-a277a84fc843","ts":"2025-12-06T18:42:59.041-05:00","source":{"id":"0","name":"eventBus"}}
{"__type":"$$EventMessageNode","id":"f36c084d-1683-47d0-b01a-c289fdd74fe9","ts":"2025-12-06T18:42:59.339-05:00","eventName":"n8n.node.finished","message":"n8n.node.finished","payload":{"workflowId":"8y5ALZTU2BvkIrm4","workflowName":"General","executionId":"23","nodeType":"n8n-nodes-base.httpRequest","nodeName":"🏨 Amadeus Hotels Search","nodeId":"335375c3-b2c4-488a-a187-5db699984bb5"}}
{"__type":"$$EventMessageConfirm","confirm":"f36c084d-1683-47d0-b01a-c289fdd74fe9","ts":"2025-12-06T18:42:59.339-05:00","source":{"id":"0","name":"eventBus"}}
{"__type":"$$EventMessageNode","id":"a93e6e63-adb3-4e46-81e1-7e12258d531f","ts":"2025-12-06T18:42:59.339-05:00","eventName":"n8n.node.started","message":"n8n.node.started","payload":{"workflowId":"8y5ALZTU2BvkIrm4","workflowName":"General","executionId":"23","nodeType":"n8n-nodes-base.code","nodeName":"🧩 Parse Amadeus Hotels","nodeId":"47677723-da63-41ea-8c58-4cff95258258"}}
{"__type":"$$EventMessageConfirm","confirm":"a93e6e63-adb3-4e46-81e1-7e12258d531f","ts":"2025-12-06T18:42:59.339-05:00","source":{"id":"0","name":"eventBus"}}
{"__type":"$$EventMessageNode","id":"fb4a39bb-6a7d-4031-817b-b80052d8a011","ts":"2025-12-06T18:42:59.394-05:00","eventName":"n8n.node.finished","message":"n8n.node.finished","payload":{"workflowId":"8y5ALZTU2BvkIrm4","workflowName":"General","executionId":"23","nodeType":"n8n-nodes-base.code","nodeName":"🧩 Parse Amadeus Hotels","nodeId":"47677723-da63-41ea-8c58-4cff95258258"}}
{"__type":"$$EventMessageConfirm","confirm":"fb4a39bb-6a7d-4031-817b-b80052d8a011","ts":"2025-12-06T18:42:59.394-05:00","source":{"id":"0","name":"eventBus"}}
{"__type":"$$EventMessageNode","id":"bd961295-59c2-4cf4-a00b-2e64767a314a","ts":"2025-12-06T18:42:59.396-05:00","eventName":"n8n.node.started","message":"n8n.node.started","payload":{"workflowId":"8y5ALZTU2BvkIrm4","workflowName":"General","executionId":"23","nodeType":"n8n-nodes-base.code","nodeName":"Code in JavaScript","nodeId":"9ad265ae-5dcc-402a-9191-c6e7792d671f"}}
{"__type":"$$EventMessageConfirm","confirm":"bd961295-59c2-4cf4-a00b-2e64767a314a","ts":"2025-12-06T18:42:59.397-05:00","source":{"id":"0","name":"eventBus"}}
{"__type":"$$EventMessageNode","id":"043dcb78-56e1-4dfd-a13b-8829199a06a8","ts":"2025-12-06T18:42:59.406-05:00","eventName":"n8n.node.finished","message":"n8n.node.finished","payload":{"workflowId":"8y5ALZTU2BvkIrm4","workflowName":"General","executionId":"23","nodeType":"n8n-nodes-base.code","nodeName":"Code in JavaScript","nodeId":"9ad265ae-5dcc-402a-9191-c6e7792d671f"}}
{"__type":"$$EventMessageConfirm","confirm":"043dcb78-56e1-4dfd-a13b-8829199a06a8","ts":"2025-12-06T18:42:59.406-05:00","source":{"id":"0","name":"eventBus"}}
{"__type":"$$EventMessageNode","id":"beaaa900-9d8b-4857-947a-3040cac20c67","ts":"2025-12-06T18:42:59.406-05:00","eventName":"n8n.node.started","message":"n8n.node.started","payload":{"workflowId":"8y5ALZTU2BvkIrm4","workflowName":"General","executionId":"23","nodeType":"n8n-nodes-base.function","nodeName":"💡 Generate Travel Recommendations","nodeId":"300dd062-67fe-4694-b4db-81170145ca24"}}
{"__type":"$$EventMessageConfirm","confirm":"beaaa900-9d8b-4857-947a-3040cac20c67","ts":"2025-12-06T18:42:59.406-05:00","source":{"id":"0","name":"eventBus"}}
{"__type":"$$EventMessageNode","id":"caec7da4-7dc2-4e93-b06d-8df5531a5d3b","ts":"2025-12-06T18:42:59.436-05:00","eventName":"n8n.node.finished","message":"n8n.node.finished","payload":{"workflowId":"8y5ALZTU2BvkIrm4","workflowName":"General","executionId":"23","nodeType":"n8n-nodes-base.function","nodeName":"💡 Generate Travel Recommendations","nodeId":"300dd062-67fe-4694-b4db-81170145ca24"}}
{"__type":"$$EventMessageConfirm","confirm":"caec7da4-7dc2-4e93-b06d-8df5531a5d3b","ts":"2025-12-06T18:42:59.437-05:00","source":{"id":"0","name":"eventBus"}}
{"__type":"$$EventMessageNode","id":"745b04d7-4758-46c7-a07d-d87d790a796f","ts":"2025-12-06T18:42:59.437-05:00","eventName":"n8n.node.started","message":"n8n.node.started","payload":{"workflowId":"8y5ALZTU2BvkIrm4","workflowName":"General","executionId":"23","nodeType":"n8n-nodes-base.supabase","nodeName":"💾 Supabase Storage","nodeId":"5decf8b0-d187-4260-9cad-7841d180e7bb"}}
{"__type":"$$EventMessageConfirm","confirm":"745b04d7-4758-46c7-a07d-d87d790a796f","ts":"2025-12-06T18:42:59.437-05:00","source":{"id":"0","name":"eventBus"}}
{"__type":"$$EventMessageNode","id":"29d63098-20bb-48ee-95a1-7905221ae795","ts":"2025-12-06T18:42:59.464-05:00","eventName":"n8n.node.finished","message":"n8n.node.finished","payload":{"workflowId":"8y5ALZTU2BvkIrm4","workflowName":"General","executionId":"18","nodeType":"n8n-nodes-base.httpRequest","nodeName":"🏨 Amadeus Hotels Search","nodeId":"335375c3-b2c4-488a-a187-5db699984bb5"}}
{"__type":"$$EventMessageConfirm","confirm":"29d63098-20bb-48ee-95a1-7905221ae795","ts":"2025-12-06T18:42:59.464-05:00","source":{"id":"0","name":"eventBus"}}
{"__type":"$$EventMessageNode","id":"b7058446-261c-4f62-bb9a-33ed4780905a","ts":"2025-12-06T18:42:59.464-05:00","eventName":"n8n.node.started","message":"n8n.node.started","payload":{"workflowId":"8y5ALZTU2BvkIrm4","workflowName":"General","executionId":"18","nodeType":"n8n-nodes-base.code","nodeName":"🧩 Parse Amadeus Hotels","nodeId":"47677723-da63-41ea-8c58-4cff95258258"}}
{"__type":"$$EventMessageConfirm","confirm":"b7058446-261c-4f62-bb9a-33ed4780905a","ts":"2025-12-06T18:42:59.464-05:00","source":{"id":"0","name":"eventBus"}}
{"__type":"$$EventMessageNode","id":"cca78161-c1c6-440b-a4b8-df5e13431905","ts":"2025-12-06T18:42:59.507-05:00","eventName":"n8n.node.finished","message":"n8n.node.finished","payload":{"workflowId":"8y5ALZTU2BvkIrm4","workflowName":"General","executionId":"18","nodeType":"n8n-nodes-base.code","nodeName":"🧩 Parse Amadeus Hotels","nodeId":"47677723-da63-41ea-8c58-4cff95258258"}}
{"__type":"$$EventMessageConfirm","confirm":"cca78161-c1c6-440b-a4b8-df5e13431905","ts":"2025-12-06T18:42:59.507-05:00","source":{"id":"0","name":"eventBus"}}
{"__type":"$$EventMessageNode","id":"ba33ac7e-9660-4370-90b6-4ba5462e0cb8","ts":"2025-12-06T18:42:59.509-05:00","eventName":"n8n.node.started","message":"n8n.node.started","payload":{"workflowId":"8y5ALZTU2BvkIrm4","workflowName":"General","executionId":"18","nodeType":"n8n-nodes-base.code","nodeName":"Code in JavaScript","nodeId":"9ad265ae-5dcc-402a-9191-c6e7792d671f"}}
{"__type":"$$EventMessageConfirm","confirm":"ba33ac7e-9660-4370-90b6-4ba5462e0cb8","ts":"2025-12-06T18:42:59.509-05:00","source":{"id":"0","name":"eventBus"}}
{"__type":"$$EventMessageNode","id":"4fc60cb3-34b5-4d1b-8359-ae0ddff6b2a6","ts":"2025-12-06T18:42:59.518-05:00","eventName":"n8n.node.finished","message":"n8n.node.finished","payload":{"workflowId":"8y5ALZTU2BvkIrm4","workflowName":"General","executionId":"18","nodeType":"n8n-nodes-base.code","nodeName":"Code in JavaScript","nodeId":"9ad265ae-5dcc-402a-9191-c6e7792d671f"}}
{"__type":"$$EventMessageConfirm","confirm":"4fc60cb3-34b5-4d1b-8359-ae0ddff6b2a6","ts":"2025-12-06T18:42:59.518-05:00","source":{"id":"0","name":"eventBus"}}
{"__type":"$$EventMessageNode","id":"25b39a1e-6f4e-489d-8f07-f6952e835da6","ts":"2025-12-06T18:42:59.518-05:00","eventName":"n8n.node.started","message":"n8n.node.started","payload":{"workflowId":"8y5ALZTU2BvkIrm4","workflowName":"General","executionId":"18","nodeType":"n8n-nodes-base.function","nodeName":"💡 Generate Travel Recommendations","nodeId":"300dd062-67fe-4694-b4db-81170145ca24"}}
{"__type":"$$EventMessageConfirm","confirm":"25b39a1e-6f4e-489d-8f07-f6952e835da6","ts":"2025-12-06T18:42:59.518-05:00","source":{"id":"0","name":"eventBus"}}
{"__type":"$$EventMessageNode","id":"dc39ec14-0a02-41f3-9ccc-6faf6ed120aa","ts":"2025-12-06T18:42:59.526-05:00","eventName":"n8n.node.finished","message":"n8n.node.finished","payload":{"workflowId":"8y5ALZTU2BvkIrm4","workflowName":"General","executionId":"18","nodeType":"n8n-nodes-base.function","nodeName":"💡 Generate Travel Recommendations","nodeId":"300dd062-67fe-4694-b4db-81170145ca24"}}
{"__type":"$$EventMessageConfirm","confirm":"dc39ec14-0a02-41f3-9ccc-6faf6ed120aa","ts":"2025-12-06T18:42:59.526-05:00","source":{"id":"0","name":"eventBus"}}
{"__type":"$$EventMessageNode","id":"64600b8e-dc55-48cd-bec1-e19e3600b67e","ts":"2025-12-06T18:42:59.526-05:00","eventName":"n8n.node.started","message":"n8n.node.started","payload":{"workflowId":"8y5ALZTU2BvkIrm4","workflowName":"General","executionId":"18","nodeType":"n8n-nodes-base.supabase","nodeName":"💾 Supabase Storage","nodeId":"5decf8b0-d187-4260-9cad-7841d180e7bb"}}
{"__type":"$$EventMessageConfirm","confirm":"64600b8e-dc55-48cd-bec1-e19e3600b67e","ts":"2025-12-06T18:42:59.527-05:00","source":{"id":"0","name":"eventBus"}}
{"__type":"$$EventMessageNode","id":"601145cb-146f-42ed-803c-95054ada2a04","ts":"2025-12-06T18:42:59.534-05:00","eventName":"n8n.node.finished","message":"n8n.node.finished","payload":{"workflowId":"8y5ALZTU2BvkIrm4","workflowName":"General","executionId":"21","nodeType":"n8n-nodes-base.httpRequest","nodeName":"🏨 Amadeus Hotels Search","nodeId":"335375c3-b2c4-488a-a187-5db699984bb5"}}
{"__type":"$$EventMessageConfirm","confirm":"601145cb-146f-42ed-803c-95054ada2a04","ts":"2025-12-06T18:42:59.534-05:00","source":{"id":"0","name":"eventBus"}}
{"__type":"$$EventMessageNode","id":"b62bfa54-05a4-4f64-acd8-17372dc3d93b","ts":"2025-12-06T18:42:59.534-05:00","eventName":"n8n.node.started","message":"n8n.node.started","payload":{"workflowId":"8y5ALZTU2BvkIrm4","workflowName":"General","executionId":"21","nodeType":"n8n-nodes-base.code","nodeName":"🧩 Parse Amadeus Hotels","nodeId":"47677723-da63-41ea-8c58-4cff95258258"}}
{"__type":"$$EventMessageConfirm","confirm":"b62bfa54-05a4-4f64-acd8-17372dc3d93b","ts":"2025-12-06T18:42:59.534-05:00","source":{"id":"0","name":"eventBus"}}
{"__type":"$$EventMessageNode","id":"b07447d4-7afa-4adc-a376-983fd24c0916","ts":"2025-12-06T18:42:59.563-05:00","eventName":"n8n.node.finished","message":"n8n.node.finished","payload":{"workflowId":"8y5ALZTU2BvkIrm4","workflowName":"General","executionId":"21","nodeType":"n8n-nodes-base.code","nodeName":"🧩 Parse Amadeus Hotels","nodeId":"47677723-da63-41ea-8c58-4cff95258258"}}
{"__type":"$$EventMessageConfirm","confirm":"b07447d4-7afa-4adc-a376-983fd24c0916","ts":"2025-12-06T18:42:59.563-05:00","source":{"id":"0","name":"eventBus"}}
{"__type":"$$EventMessageNode","id":"d8affb5c-a869-4606-b77f-84e09b890cd5","ts":"2025-12-06T18:42:59.564-05:00","eventName":"n8n.node.started","message":"n8n.node.started","payload":{"workflowId":"8y5ALZTU2BvkIrm4","workflowName":"General","executionId":"21","nodeType":"n8n-nodes-base.code","nodeName":"Code in JavaScript","nodeId":"9ad265ae-5dcc-402a-9191-c6e7792d671f"}}
{"__type":"$$EventMessageConfirm","confirm":"d8affb5c-a869-4606-b77f-84e09b890cd5","ts":"2025-12-06T18:42:59.565-05:00","source":{"id":"0","name":"eventBus"}}
{"__type":"$$EventMessageNode","id":"e5f0749d-c7ed-4965-8f19-db4dd23d0c90","ts":"2025-12-06T18:42:59.574-05:00","eventName":"n8n.node.finished","message":"n8n.node.finished","payload":{"workflowId":"8y5ALZTU2BvkIrm4","workflowName":"General","executionId":"21","nodeType":"n8n-nodes-base.code","nodeName":"Code in JavaScript","nodeId":"9ad265ae-5dcc-402a-9191-c6e7792d671f"}}
{"__type":"$$EventMessageConfirm","confirm":"e5f0749d-c7ed-4965-8f19-db4dd23d0c90","ts":"2025-12-06T18:42:59.575-05:00","source":{"id":"0","name":"eventBus"}}
{"__type":"$$EventMessageNode","id":"05b1b6e7-3ea0-42da-8890-cfa951741442","ts":"2025-12-06T18:42:59.575-05:00","eventName":"n8n.node.started","message":"n8n.node.started","payload":{"workflowId":"8y5ALZTU2BvkIrm4","workflowName":"General","executionId":"21","nodeType":"n8n-nodes-base.function","nodeName":"💡 Generate Travel Recommendations","nodeId":"300dd062-67fe-4694-b4db-81170145ca24"}}
{"__type":"$$EventMessageConfirm","confirm":"05b1b6e7-3ea0-42da-8890-cfa951741442","ts":"2025-12-06T18:42:59.575-05:00","source":{"id":"0","name":"eventBus"}}
{"__type":"$$EventMessageNode","id":"82e9ab80-b19f-4dd9-acbf-0ff3959197be","ts":"2025-12-06T18:42:59.587-05:00","eventName":"n8n.node.finished","message":"n8n.node.finished","payload":{"workflowId":"8y5ALZTU2BvkIrm4","workflowName":"General","executionId":"21","nodeType":"n8n-nodes-base.function","nodeName":"💡 Generate Travel Recommendations","nodeId":"300dd062-67fe-4694-b4db-81170145ca24"}}
{"__type":"$$EventMessageConfirm","confirm":"82e9ab80-b19f-4dd9-acbf-0ff3959197be","ts":"2025-12-06T18:42:59.587-05:00","source":{"id":"0","name":"eventBus"}}
{"__type":"$$EventMessageNode","id":"6ce0f46c-939d-4e85-85be-7b642c2e9be1","ts":"2025-12-06T18:42:59.588-05:00","eventName":"n8n.node.started","message":"n8n.node.started","payload":{"workflowId":"8y5ALZTU2BvkIrm4","workflowName":"General","executionId":"21","nodeType":"n8n-nodes-base.supabase","nodeName":"💾 Supabase Storage","nodeId":"5decf8b0-d187-4260-9cad-7841d180e7bb"}}
{"__type":"$$EventMessageConfirm","confirm":"6ce0f46c-939d-4e85-85be-7b642c2e9be1","ts":"2025-12-06T18:42:59.589-05:00","source":{"id":"0","name":"eventBus"}}
{"__type":"$$EventMessageNode","id":"bb42da75-197b-4b1c-99de-9ff5dc13eecd","ts":"2025-12-06T18:42:59.624-05:00","eventName":"n8n.node.finished","message":"n8n.node.finished","payload":{"workflowId":"8y5ALZTU2BvkIrm4","workflowName":"General","executionId":"27","nodeType":"n8n-nodes-base.httpRequest","nodeName":"🗝️ Amadeus Auth Token","nodeId":"ddee2ef7-119f-4f23-8649-7285c81ad086"}}
{"__type":"$$EventMessageConfirm","confirm":"bb42da75-197b-4b1c-99de-9ff5dc13eecd","ts":"2025-12-06T18:42:59.624-05:00","source":{"id":"0","name":"eventBus"}}
{"__type":"$$EventMessageNode","id":"a67d0c07-511d-4a9d-aa5b-6eb975060c09","ts":"2025-12-06T18:42:59.625-05:00","eventName":"n8n.node.started","message":"n8n.node.started","payload":{"workflowId":"8y5ALZTU2BvkIrm4","workflowName":"General","executionId":"27","nodeType":"n8n-nodes-base.httpRequest","nodeName":"🏨 Amadeus Hotels Search","nodeId":"335375c3-b2c4-488a-a187-5db699984bb5"}}
{"__type":"$$EventMessageConfirm","confirm":"a67d0c07-511d-4a9d-aa5b-6eb975060c09","ts":"2025-12-06T18:42:59.625-05:00","source":{"id":"0","name":"eventBus"}}
{"__type":"$$EventMessageNode","id":"034b7531-1715-4dd9-a99e-84982c2a9f3b","ts":"2025-12-06T18:42:59.687-05:00","eventName":"n8n.node.finished","message":"n8n.node.finished","payload":{"workflowId":"8y5ALZTU2BvkIrm4","workflowName":"General","executionId":"22","nodeType":"n8n-nodes-base.httpRequest","nodeName":"🏨 Amadeus Hotels Search","nodeId":"335375c3-b2c4-488a-a187-5db699984bb5"}}
{"__type":"$$EventMessageConfirm","confirm":"034b7531-1715-4dd9-a99e-84982c2a9f3b","ts":"2025-12-06T18:42:59.687-05:00","source":{"id":"0","name":"eventBus"}}
{"__type":"$$EventMessageNode","id":"ebbf580b-67b2-4a16-a772-072f2a6de33d","ts":"2025-12-06T18:42:59.687-05:00","eventName":"n8n.node.started","message":"n8n.node.started","payload":{"workflowId":"8y5ALZTU2BvkIrm4","workflowName":"General","executionId":"22","nodeType":"n8n-nodes-base.code","nodeName":"🧩 Parse Amadeus Hotels","nodeId":"47677723-da63-41ea-8c58-4cff95258258"}}
{"__type":"$$EventMessageConfirm","confirm":"ebbf580b-67b2-4a16-a772-072f2a6de33d","ts":"2025-12-06T18:42:59.687-05:00","source":{"id":"0","name":"eventBus"}}
{"__type":"$$EventMessageNode","id":"09a4e4f9-5821-4fa0-9d67-3aa1c646498b","ts":"2025-12-06T18:42:59.717-05:00","eventName":"n8n.node.finished","message":"n8n.node.finished","payload":{"workflowId":"8y5ALZTU2BvkIrm4","workflowName":"General","executionId":"22","nodeType":"n8n-nodes-base.code","nodeName":"🧩 Parse Amadeus Hotels","nodeId":"47677723-da63-41ea-8c58-4cff95258258"}}
{"__type":"$$EventMessageConfirm","confirm":"09a4e4f9-5821-4fa0-9d67-3aa1c646498b","ts":"2025-12-06T18:42:59.718-05:00","source":{"id":"0","name":"eventBus"}}
{"__type":"$$EventMessageNode","id":"d32ec3d4-f695-404c-82d8-d6745f61559b","ts":"2025-12-06T18:42:59.719-05:00","eventName":"n8n.node.started","message":"n8n.node.started","payload":{"workflowId":"8y5ALZTU2BvkIrm4","workflowName":"General","executionId":"22","nodeType":"n8n-nodes-base.code","nodeName":"Code in JavaScript","nodeId":"9ad265ae-5dcc-402a-9191-c6e7792d671f"}}
{"__type":"$$EventMessageConfirm","confirm":"d32ec3d4-f695-404c-82d8-d6745f61559b","ts":"2025-12-06T18:42:59.720-05:00","source":{"id":"0","name":"eventBus"}}
{"__type":"$$EventMessageNode","id":"ad73d6b5-301b-4ebf-ab72-6d0d438983b8","ts":"2025-12-06T18:42:59.728-05:00","eventName":"n8n.node.finished","message":"n8n.node.finished","payload":{"workflowId":"8y5ALZTU2BvkIrm4","workflowName":"General","executionId":"22","nodeType":"n8n-nodes-base.code","nodeName":"Code in JavaScript","nodeId":"9ad265ae-5dcc-402a-9191-c6e7792d671f"}}
{"__type":"$$EventMessageConfirm","confirm":"ad73d6b5-301b-4ebf-ab72-6d0d438983b8","ts":"2025-12-06T18:42:59.728-05:00","source":{"id":"0","name":"eventBus"}}
{"__type":"$$EventMessageNode","id":"e9cad944-182b-4ccc-9dda-0df98a60e094","ts":"2025-12-06T18:42:59.728-05:00","eventName":"n8n.node.started","message":"n8n.node.started","payload":{"workflowId":"8y5ALZTU2BvkIrm4","workflowName":"General","executionId":"22","nodeType":"n8n-nodes-base.function","nodeName":"💡 Generate Travel Recommendations","nodeId":"300dd062-67fe-4694-b4db-81170145ca24"}}
{"__type":"$$EventMessageConfirm","confirm":"e9cad944-182b-4ccc-9dda-0df98a60e094","ts":"2025-12-06T18:42:59.729-05:00","source":{"id":"0","name":"eventBus"}}
{"__type":"$$EventMessageNode","id":"a623940b-ca59-4124-9087-5b2a96ef9aed","ts":"2025-12-06T18:42:59.740-05:00","eventName":"n8n.node.finished","message":"n8n.node.finished","payload":{"workflowId":"8y5ALZTU2BvkIrm4","workflowName":"General","executionId":"22","nodeType":"n8n-nodes-base.function","nodeName":"💡 Generate Travel Recommendations","nodeId":"300dd062-67fe-4694-b4db-81170145ca24"}}
{"__type":"$$EventMessageConfirm","confirm":"a623940b-ca59-4124-9087-5b2a96ef9aed","ts":"2025-12-06T18:42:59.741-05:00","source":{"id":"0","name":"eventBus"}}
{"__type":"$$EventMessageNode","id":"f05a3ef0-4b4c-4cec-bbd7-a59677e61968","ts":"2025-12-06T18:42:59.741-05:00","eventName":"n8n.node.started","message":"n8n.node.started","payload":{"workflowId":"8y5ALZTU2BvkIrm4","workflowName":"General","executionId":"22","nodeType":"n8n-nodes-base.supabase","nodeName":"💾 Supabase Storage","nodeId":"5decf8b0-d187-4260-9cad-7841d180e7bb"}}
{"__type":"$$EventMessageConfirm","confirm":"f05a3ef0-4b4c-4cec-bbd7-a59677e61968","ts":"2025-12-06T18:42:59.741-05:00","source":{"id":"0","name":"eventBus"}}
{"__type":"$$EventMessageNode","id":"ef35bb7c-1bd1-478e-90f6-9cf00f3de79b","ts":"2025-12-06T18:42:59.789-05:00","eventName":"n8n.node.finished","message":"n8n.node.finished","payload":{"workflowId":"8y5ALZTU2BvkIrm4","workflowName":"General","executionId":"17","nodeType":"n8n-nodes-base.httpRequest","nodeName":"🏨 Amadeus Hotels Search","nodeId":"335375c3-b2c4-488a-a187-5db699984bb5"}}
{"__type":"$$EventMessageConfirm","confirm":"ef35bb7c-1bd1-478e-90f6-9cf00f3de79b","ts":"2025-12-06T18:42:59.789-05:00","source":{"id":"0","name":"eventBus"}}
{"__type":"$$EventMessageWorkflow","id":"fbbd905c-6e82-457b-878c-d83eed78820c","ts":"2025-12-06T18:42:59.790-05:00","eventName":"n8n.workflow.failed","message":"n8n.workflow.failed","payload":{"executionId":"17","success":false,"isManual":false,"workflowId":"8y5ALZTU2BvkIrm4","workflowName":"General","lastNodeExecuted":"🏨 Amadeus Hotels Search","errorNodeType":"n8n-nodes-base.httpRequest","errorMessage":"Bad request - please check your parameters"}}
{"__type":"$$EventMessageConfirm","confirm":"fbbd905c-6e82-457b-878c-d83eed78820c","ts":"2025-12-06T18:42:59.790-05:00","source":{"id":"0","name":"eventBus"}}
{"__type":"$$EventMessageNode","id":"20d2d01c-38c9-4e4e-afa7-f24f3ce712c8","ts":"2025-12-06T18:42:59.796-05:00","eventName":"n8n.node.finished","message":"n8n.node.finished","payload":{"workflowId":"8y5ALZTU2BvkIrm4","workflowName":"General","executionId":"20","nodeType":"n8n-nodes-base.httpRequest","nodeName":"🏨 Amadeus Hotels Search","nodeId":"335375c3-b2c4-488a-a187-5db699984bb5"}}
{"__type":"$$EventMessageConfirm","confirm":"20d2d01c-38c9-4e4e-afa7-f24f3ce712c8","ts":"2025-12-06T18:42:59.796-05:00","source":{"id":"0","name":"eventBus"}}
{"__type":"$$EventMessageNode","id":"a4c2bba5-2949-4c0b-93e8-5e100f933c4d","ts":"2025-12-06T18:42:59.796-05:00","eventName":"n8n.node.started","message":"n8n.node.started","payload":{"workflowId":"8y5ALZTU2BvkIrm4","workflowName":"General","executionId":"20","nodeType":"n8n-nodes-base.code","nodeName":"🧩 Parse Amadeus Hotels","nodeId":"47677723-da63-41ea-8c58-4cff95258258"}}
{"__type":"$$EventMessageConfirm","confirm":"a4c2bba5-2949-4c0b-93e8-5e100f933c4d","ts":"2025-12-06T18:42:59.797-05:00","source":{"id":"0","name":"eventBus"}}
{"__type":"$$EventMessageNode","id":"7143e44c-8b05-4b78-bc8e-a2f8a309088e","ts":"2025-12-06T18:42:59.825-05:00","eventName":"n8n.node.finished","message":"n8n.node.finished","payload":{"workflowId":"8y5ALZTU2BvkIrm4","workflowName":"General","executionId":"20","nodeType":"n8n-nodes-base.code","nodeName":"🧩 Parse Amadeus Hotels","nodeId":"47677723-da63-41ea-8c58-4cff95258258"}}
{"__type":"$$EventMessageConfirm","confirm":"7143e44c-8b05-4b78-bc8e-a2f8a309088e","ts":"2025-12-06T18:42:59.825-05:00","source":{"id":"0","name":"eventBus"}}
{"__type":"$$EventMessageNode","id":"e4616f6f-99e5-442c-929a-b0cc8e59a320","ts":"2025-12-06T18:42:59.827-05:00","eventName":"n8n.node.started","message":"n8n.node.started","payload":{"workflowId":"8y5ALZTU2BvkIrm4","workflowName":"General","executionId":"20","nodeType":"n8n-nodes-base.code","nodeName":"Code in JavaScript","nodeId":"9ad265ae-5dcc-402a-9191-c6e7792d671f"}}
{"__type":"$$EventMessageConfirm","confirm":"e4616f6f-99e5-442c-929a-b0cc8e59a320","ts":"2025-12-06T18:42:59.827-05:00","source":{"id":"0","name":"eventBus"}}
{"__type":"$$EventMessageNode","id":"cbd31ff3-bee5-4939-9c67-c3ca2b39ba6c","ts":"2025-12-06T18:42:59.837-05:00","eventName":"n8n.node.finished","message":"n8n.node.finished","payload":{"workflowId":"8y5ALZTU2BvkIrm4","workflowName":"General","executionId":"20","nodeType":"n8n-nodes-base.code","nodeName":"Code in JavaScript","nodeId":"9ad265ae-5dcc-402a-9191-c6e7792d671f"}}
{"__type":"$$EventMessageConfirm","confirm":"cbd31ff3-bee5-4939-9c67-c3ca2b39ba6c","ts":"2025-12-06T18:42:59.837-05:00","source":{"id":"0","name":"eventBus"}}
{"__type":"$$EventMessageNode","id":"2330be14-d656-467c-81b8-4ea5cf2d6f6f","ts":"2025-12-06T18:42:59.838-05:00","eventName":"n8n.node.started","message":"n8n.node.started","payload":{"workflowId":"8y5ALZTU2BvkIrm4","workflowName":"General","executionId":"20","nodeType":"n8n-nodes-base.function","nodeName":"💡 Generate Travel Recommendations","nodeId":"300dd062-67fe-4694-b4db-81170145ca24"}}
{"__type":"$$EventMessageConfirm","confirm":"2330be14-d656-467c-81b8-4ea5cf2d6f6f","ts":"2025-12-06T18:42:59.838-05:00","source":{"id":"0","name":"eventBus"}}
{"__type":"$$EventMessageNode","id":"80b879d7-8b36-4966-a5a1-890aad03ccf9","ts":"2025-12-06T18:42:59.853-05:00","eventName":"n8n.node.finished","message":"n8n.node.finished","payload":{"workflowId":"8y5ALZTU2BvkIrm4","workflowName":"General","executionId":"20","nodeType":"n8n-nodes-base.function","nodeName":"💡 Generate Travel Recommendations","nodeId":"300dd062-67fe-4694-b4db-81170145ca24"}}
{"__type":"$$EventMessageConfirm","confirm":"80b879d7-8b36-4966-a5a1-890aad03ccf9","ts":"2025-12-06T18:42:59.853-05:00","source":{"id":"0","name":"eventBus"}}
{"__type":"$$EventMessageNode","id":"d1f522dd-4d28-4a39-8e0f-eb36b37f28ea","ts":"2025-12-06T18:42:59.854-05:00","eventName":"n8n.node.started","message":"n8n.node.started","payload":{"workflowId":"8y5ALZTU2BvkIrm4","workflowName":"General","executionId":"20","nodeType":"n8n-nodes-base.supabase","nodeName":"💾 Supabase Storage","nodeId":"5decf8b0-d187-4260-9cad-7841d180e7bb"}}
{"__type":"$$EventMessageConfirm","confirm":"d1f522dd-4d28-4a39-8e0f-eb36b37f28ea","ts":"2025-12-06T18:42:59.854-05:00","source":{"id":"0","name":"eventBus"}}
{"__type":"$$EventMessageNode","id":"a1e51681-8d45-4fa4-9fe3-f71d58cfe755","ts":"2025-12-06T18:42:59.875-05:00","eventName":"n8n.node.finished","message":"n8n.node.finished","payload":{"workflowId":"8y5ALZTU2BvkIrm4","workflowName":"General","executionId":"19","nodeType":"n8n-nodes-base.httpRequest","nodeName":"🏨 Amadeus Hotels Search","nodeId":"335375c3-b2c4-488a-a187-5db699984bb5"}}
{"__type":"$$EventMessageConfirm","confirm":"a1e51681-8d45-4fa4-9fe3-f71d58cfe755","ts":"2025-12-06T18:42:59.875-05:00","source":{"id":"0","name":"eventBus"}}
{"__type":"$$EventMessageNode","id":"079f9d3c-d59e-4621-8a29-13597b15b795","ts":"2025-12-06T18:42:59.875-05:00","eventName":"n8n.node.started","message":"n8n.node.started","payload":{"workflowId":"8y5ALZTU2BvkIrm4","workflowName":"General","executionId":"19","nodeType":"n8n-nodes-base.code","nodeName":"🧩 Parse Amadeus Hotels","nodeId":"47677723-da63-41ea-8c58-4cff95258258"}}
{"__type":"$$EventMessageConfirm","confirm":"079f9d3c-d59e-4621-8a29-13597b15b795","ts":"2025-12-06T18:42:59.875-05:00","source":{"id":"0","name":"eventBus"}}
{"__type":"$$EventMessageNode","id":"9d690ad8-0c9f-41f2-a6af-55c5beeba001","ts":"2025-12-06T18:42:59.942-05:00","eventName":"n8n.node.finished","message":"n8n.node.finished","payload":{"workflowId":"8y5ALZTU2BvkIrm4","workflowName":"General","executionId":"19","nodeType":"n8n-nodes-base.code","nodeName":"🧩 Parse Amadeus Hotels","nodeId":"47677723-da63-41ea-8c58-4cff95258258"}}
{"__type":"$$EventMessageConfirm","confirm":"9d690ad8-0c9f-41f2-a6af-55c5beeba001","ts":"2025-12-06T18:42:59.942-05:00","source":{"id":"0","name":"eventBus"}}
{"__type":"$$EventMessageNode","id":"0077368f-e4fb-4da2-95bd-6490b4b5d368","ts":"2025-12-06T18:42:59.945-05:00","eventName":"n8n.node.started","message":"n8n.node.started","payload":{"workflowId":"8y5ALZTU2BvkIrm4","workflowName":"General","executionId":"19","nodeType":"n8n-nodes-base.code","nodeName":"Code in JavaScript","nodeId":"9ad265ae-5dcc-402a-9191-c6e7792d671f"}}
{"__type":"$$EventMessageConfirm","confirm":"0077368f-e4fb-4da2-95bd-6490b4b5d368","ts":"2025-12-06T18:42:59.945-05:00","source":{"id":"0","name":"eventBus"}}
{"__type":"$$EventMessageNode","id":"4c08feb9-880f-45f6-9044-64318469690f","ts":"2025-12-06T18:42:59.960-05:00","eventName":"n8n.node.finished","message":"n8n.node.finished","payload":{"workflowId":"8y5ALZTU2BvkIrm4","workflowName":"General","executionId":"19","nodeType":"n8n-nodes-base.code","nodeName":"Code in JavaScript","nodeId":"9ad265ae-5dcc-402a-9191-c6e7792d671f"}}
{"__type":"$$EventMessageConfirm","confirm":"4c08feb9-880f-45f6-9044-64318469690f","ts":"2025-12-06T18:42:59.960-05:00","source":{"id":"0","name":"eventBus"}}
{"__type":"$$EventMessageNode","id":"244e253c-9738-42ae-ab06-000cf2e77daf","ts":"2025-12-06T18:42:59.961-05:00","eventName":"n8n.node.started","message":"n8n.node.started","payload":{"workflowId":"8y5ALZTU2BvkIrm4","workflowName":"General","executionId":"19","nodeType":"n8n-nodes-base.function","nodeName":"💡 Generate Travel Recommendations","nodeId":"300dd062-67fe-4694-b4db-81170145ca24"}}
{"__type":"$$EventMessageConfirm","confirm":"244e253c-9738-42ae-ab06-000cf2e77daf","ts":"2025-12-06T18:42:59.961-05:00","source":{"id":"0","name":"eventBus"}}
{"__type":"$$EventMessageNode","id":"09a7cd63-0300-4a86-9a12-6040e59aad05","ts":"2025-12-06T18:42:59.976-05:00","eventName":"n8n.node.finished","message":"n8n.node.finished","payload":{"workflowId":"8y5ALZTU2BvkIrm4","workflowName":"General","executionId":"19","nodeType":"n8n-nodes-base.function","nodeName":"💡 Generate Travel Recommendations","nodeId":"300dd062-67fe-4694-b4db-81170145ca24"}}
{"__type":"$$EventMessageConfirm","confirm":"09a7cd63-0300-4a86-9a12-6040e59aad05","ts":"2025-12-06T18:42:59.976-05:00","source":{"id":"0","name":"eventBus"}}
{"__type":"$$EventMessageNode","id":"31a44836-8e21-47f1-bd97-da7a0276c8d6","ts":"2025-12-06T18:42:59.977-05:00","eventName":"n8n.node.started","message":"n8n.node.started","payload":{"workflowId":"8y5ALZTU2BvkIrm4","workflowName":"General","executionId":"19","nodeType":"n8n-nodes-base.supabase","nodeName":"💾 Supabase Storage","nodeId":"5decf8b0-d187-4260-9cad-7841d180e7bb"}}
{"__type":"$$EventMessageConfirm","confirm":"31a44836-8e21-47f1-bd97-da7a0276c8d6","ts":"2025-12-06T18:42:59.977-05:00","source":{"id":"0","name":"eventBus"}}
{"__type":"$$EventMessageWorkflow","id":"2b92ceef-b1c7-4e03-91e9-66f31323d3cb","ts":"2025-12-06T18:43:00.252-05:00","eventName":"n8n.workflow.started","message":"n8n.workflow.started","payload":{"executionId":"28","workflowId":"8y5ALZTU2BvkIrm4","isManual":false,"workflowName":"General"}}
{"__type":"$$EventMessageConfirm","confirm":"2b92ceef-b1c7-4e03-91e9-66f31323d3cb","ts":"2025-12-06T18:43:00.252-05:00","source":{"id":"0","name":"eventBus"}}
{"__type":"$$EventMessageNode","id":"dfc97220-2a5c-46af-a5a7-182a4edc294d","ts":"2025-12-06T18:43:00.252-05:00","eventName":"n8n.node.started","message":"n8n.node.started","payload":{"workflowId":"8y5ALZTU2BvkIrm4","workflowName":"General","executionId":"28","nodeType":"n8n-nodes-base.webhook","nodeName":"📱 Streamlit Webhook","nodeId":"ae8059ee-5c26-4af5-83ea-0b147821a989"}}
{"__type":"$$EventMessageConfirm","confirm":"dfc97220-2a5c-46af-a5a7-182a4edc294d","ts":"2025-12-06T18:43:00.252-05:00","source":{"id":"0","name":"eventBus"}}
{"__type":"$$EventMessageNode","id":"303a60ed-6d58-4e78-839a-4de7864b76eb","ts":"2025-12-06T18:43:00.252-05:00","eventName":"n8n.node.finished","message":"n8n.node.finished","payload":{"workflowId":"8y5ALZTU2BvkIrm4","workflowName":"General","executionId":"28","nodeType":"n8n-nodes-base.webhook","nodeName":"📱 Streamlit Webhook","nodeId":"ae8059ee-5c26-4af5-83ea-0b147821a989"}}
{"__type":"$$EventMessageConfirm","confirm":"303a60ed-6d58-4e78-839a-4de7864b76eb","ts":"2025-12-06T18:43:00.252-05:00","source":{"id":"0","name":"eventBus"}}
{"__type":"$$EventMessageNode","id":"2486b0e5-e87b-42c4-b070-6d73ef74f0d0","ts":"2025-12-06T18:43:00.252-05:00","eventName":"n8n.node.started","message":"n8n.node.started","payload":{"workflowId":"8y5ALZTU2BvkIrm4","workflowName":"General","executionId":"28","nodeType":"n8n-nodes-base.function","nodeName":"Process Travel Data","nodeId":"02497c10-01cd-4448-8373-576a8cdff0cf"}}
{"__type":"$$EventMessageConfirm","confirm":"2486b0e5-e87b-42c4-b070-6d73ef74f0d0","ts":"2025-12-06T18:43:00.252-05:00","source":{"id":"0","name":"eventBus"}}
{"__type":"$$EventMessageNode","id":"c3d4ba1e-ba86-4a3b-9f18-29bd89d84482","ts":"2025-12-06T18:43:00.260-05:00","eventName":"n8n.node.finished","message":"n8n.node.finished","payload":{"workflowId":"8y5ALZTU2BvkIrm4","workflowName":"General","executionId":"28","nodeType":"n8n-nodes-base.function","nodeName":"Process Travel Data","nodeId":"02497c10-01cd-4448-8373-576a8cdff0cf"}}
{"__type":"$$EventMessageConfirm","confirm":"c3d4ba1e-ba86-4a3b-9f18-29bd89d84482","ts":"2025-12-06T18:43:00.260-05:00","source":{"id":"0","name":"eventBus"}}
{"__type":"$$EventMessageNode","id":"b43f99cd-a400-4750-9b9d-283cc19135ca","ts":"2025-12-06T18:43:00.261-05:00","eventName":"n8n.node.started","message":"n8n.node.started","payload":{"workflowId":"8y5ALZTU2BvkIrm4","workflowName":"General","executionId":"28","nodeType":"n8n-nodes-base.httpRequest","nodeName":"✈️ Skyscanner Flights","nodeId":"6d1d14dd-30a6-4993-a0b8-2e926b5e6f7d"}}
{"__type":"$$EventMessageConfirm","confirm":"b43f99cd-a400-4750-9b9d-283cc19135ca","ts":"2025-12-06T18:43:00.261-05:00","source":{"id":"0","name":"eventBus"}}
{"__type":"$$EventMessageNode","id":"259ad6e7-70e0-4338-afde-df2b717a4749","ts":"2025-12-06T18:43:00.625-05:00","eventName":"n8n.node.finished","message":"n8n.node.finished","payload":{"workflowId":"8y5ALZTU2BvkIrm4","workflowName":"General","executionId":"24","nodeType":"n8n-nodes-base.httpRequest","nodeName":"🏨 Amadeus Hotels Search","nodeId":"335375c3-b2c4-488a-a187-5db699984bb5"}}
{"__type":"$$EventMessageConfirm","confirm":"259ad6e7-70e0-4338-afde-df2b717a4749","ts":"2025-12-06T18:43:00.625-05:00","source":{"id":"0","name":"eventBus"}}
{"__type":"$$EventMessageNode","id":"9f25478a-70d4-47b3-80c7-668508485375","ts":"2025-12-06T18:43:00.626-05:00","eventName":"n8n.node.started","message":"n8n.node.started","payload":{"workflowId":"8y5ALZTU2BvkIrm4","workflowName":"General","executionId":"24","nodeType":"n8n-nodes-base.code","nodeName":"🧩 Parse Amadeus Hotels","nodeId":"47677723-da63-41ea-8c58-4cff95258258"}}
{"__type":"$$EventMessageConfirm","confirm":"9f25478a-70d4-47b3-80c7-668508485375","ts":"2025-12-06T18:43:00.626-05:00","source":{"id":"0","name":"eventBus"}}
{"__type":"$$EventMessageNode","id":"6615b04d-1719-4dfe-b9ce-1b3afe7aecfb","ts":"2025-12-06T18:43:00.665-05:00","eventName":"n8n.node.finished","message":"n8n.node.finished","payload":{"workflowId":"8y5ALZTU2BvkIrm4","workflowName":"General","executionId":"24","nodeType":"n8n-nodes-base.code","nodeName":"🧩 Parse Amadeus Hotels","nodeId":"47677723-da63-41ea-8c58-4cff95258258"}}
{"__type":"$$EventMessageConfirm","confirm":"6615b04d-1719-4dfe-b9ce-1b3afe7aecfb","ts":"2025-12-06T18:43:00.665-05:00","source":{"id":"0","name":"eventBus"}}
{"__type":"$$EventMessageNode","id":"5d4ceb00-9688-43ae-953f-23fc41863e6a","ts":"2025-12-06T18:43:00.668-05:00","eventName":"n8n.node.started","message":"n8n.node.started","payload":{"workflowId":"8y5ALZTU2BvkIrm4","workflowName":"General","executionId":"24","nodeType":"n8n-nodes-base.code","nodeName":"Code in JavaScript","nodeId":"9ad265ae-5dcc-402a-9191-c6e7792d671f"}}
{"__type":"$$EventMessageConfirm","confirm":"5d4ceb00-9688-43ae-953f-23fc41863e6a","ts":"2025-12-06T18:43:00.668-05:00","source":{"id":"0","name":"eventBus"}}
{"__type":"$$EventMessageNode","id":"dfe48a98-0b67-4b63-8cee-ad1aaf577c56","ts":"2025-12-06T18:43:00.681-05:00","eventName":"n8n.node.finished","message":"n8n.node.finished","payload":{"workflowId":"8y5ALZTU2BvkIrm4","workflowName":"General","executionId":"24","nodeType":"n8n-nodes-base.code","nodeName":"Code in JavaScript","nodeId":"9ad265ae-5dcc-402a-9191-c6e7792d671f"}}
{"__type":"$$EventMessageConfirm","confirm":"dfe48a98-0b67-4b63-8cee-ad1aaf577c56","ts":"2025-12-06T18:43:00.682-05:00","source":{"id":"0","name":"eventBus"}}
{"__type":"$$EventMessageNode","id":"85328220-2842-4944-bace-7913c3e50c9a","ts":"2025-12-06T18:43:00.682-05:00","eventName":"n8n.node.started","message":"n8n.node.started","payload":{"workflowId":"8y5ALZTU2BvkIrm4","workflowName":"General","executionId":"24","nodeType":"n8n-nodes-base.function","nodeName":"💡 Generate Travel Recommendations","nodeId":"300dd062-67fe-4694-b4db-81170145ca24"}}
{"__type":"$$EventMessageConfirm","confirm":"85328220-2842-4944-bace-7913c3e50c9a","ts":"2025-12-06T18:43:00.682-05:00","source":{"id":"0","name":"eventBus"}}
{"__type":"$$EventMessageNode","id":"d5c59d1c-6237-4c15-99db-4acde6cfcbff","ts":"2025-12-06T18:43:00.692-05:00","eventName":"n8n.node.finished","message":"n8n.node.finished","payload":{"workflowId":"8y5ALZTU2BvkIrm4","workflowName":"General","executionId":"24","nodeType":"n8n-nodes-base.function","nodeName":"💡 Generate Travel Recommendations","nodeId":"300dd062-67fe-4694-b4db-81170145ca24"}}
{"__type":"$$EventMessageConfirm","confirm":"d5c59d1c-6237-4c15-99db-4acde6cfcbff","ts":"2025-12-06T18:43:00.692-05:00","source":{"id":"0","name":"eventBus"}}
{"__type":"$$EventMessageNode","id":"e8aaac91-57bf-4b33-aadc-2c888d1e99da","ts":"2025-12-06T18:43:00.693-05:00","eventName":"n8n.node.started","message":"n8n.node.started","payload":{"workflowId":"8y5ALZTU2BvkIrm4","workflowName":"General","executionId":"24","nodeType":"n8n-nodes-base.supabase","nodeName":"💾 Supabase Storage","nodeId":"5decf8b0-d187-4260-9cad-7841d180e7bb"}}
{"__type":"$$EventMessageConfirm","confirm":"e8aaac91-57bf-4b33-aadc-2c888d1e99da","ts":"2025-12-06T18:43:00.693-05:00","source":{"id":"0","name":"eventBus"}}
{"__type":"$$EventMessageNode","id":"b32ed4de-2a1b-4244-b89f-4d4b14f86ec8","ts":"2025-12-06T18:43:01.069-05:00","eventName":"n8n.node.finished","message":"n8n.node.finished","payload":{"workflowId":"8y5ALZTU2BvkIrm4","workflowName":"General","executionId":"26","nodeType":"n8n-nodes-base.httpRequest","nodeName":"🏨 Amadeus Hotels Search","nodeId":"335375c3-b2c4-488a-a187-5db699984bb5"}}
{"__type":"$$EventMessageConfirm","confirm":"b32ed4de-2a1b-4244-b89f-4d4b14f86ec8","ts":"2025-12-06T18:43:01.069-05:00","source":{"id":"0","name":"eventBus"}}
{"__type":"$$EventMessageNode","id":"90566bad-c038-47cf-b45a-5466e878bda4","ts":"2025-12-06T18:43:01.069-05:00","eventName":"n8n.node.started","message":"n8n.node.started","payload":{"workflowId":"8y5ALZTU2BvkIrm4","workflowName":"General","executionId":"26","nodeType":"n8n-nodes-base.code","nodeName":"🧩 Parse Amadeus Hotels","nodeId":"47677723-da63-41ea-8c58-4cff95258258"}}
{"__type":"$$EventMessageConfirm","confirm":"90566bad-c038-47cf-b45a-5466e878bda4","ts":"2025-12-06T18:43:01.069-05:00","source":{"id":"0","name":"eventBus"}}
{"__type":"$$EventMessageNode","id":"7d14f06d-4b85-4967-b0fa-69771a8036ad","ts":"2025-12-06T18:43:01.111-05:00","eventName":"n8n.node.finished","message":"n8n.node.finished","payload":{"workflowId":"8y5ALZTU2BvkIrm4","workflowName":"General","executionId":"26","nodeType":"n8n-nodes-base.code","nodeName":"🧩 Parse Amadeus Hotels","nodeId":"47677723-da63-41ea-8c58-4cff95258258"}}
{"__type":"$$EventMessageConfirm","confirm":"7d14f06d-4b85-4967-b0fa-69771a8036ad","ts":"2025-12-06T18:43:01.111-05:00","source":{"id":"0","name":"eventBus"}}
{"__type":"$$EventMessageNode","id":"3fabe003-2dd5-4fa4-9925-40a1f709411a","ts":"2025-12-06T18:43:01.113-05:00","eventName":"n8n.node.started","message":"n8n.node.started","payload":{"workflowId":"8y5ALZTU2BvkIrm4","workflowName":"General","executionId":"26","nodeType":"n8n-nodes-base.code","nodeName":"Code in JavaScript","nodeId":"9ad265ae-5dcc-402a-9191-c6e7792d671f"}}
{"__type":"$$EventMessageConfirm","confirm":"3fabe003-2dd5-4fa4-9925-40a1f709411a","ts":"2025-12-06T18:43:01.113-05:00","source":{"id":"0","name":"eventBus"}}
{"__type":"$$EventMessageNode","id":"de97be3e-e5f9-47cb-9ccf-a786ccf0d159","ts":"2025-12-06T18:43:01.123-05:00","eventName":"n8n.node.finished","message":"n8n.node.finished","payload":{"workflowId":"8y5ALZTU2BvkIrm4","workflowName":"General","executionId":"26","nodeType":"n8n-nodes-base.code","nodeName":"Code in JavaScript","nodeId":"9ad265ae-5dcc-402a-9191-c6e7792d671f"}}
{"__type":"$$EventMessageConfirm","confirm":"de97be3e-e5f9-47cb-9ccf-a786ccf0d159","ts":"2025-12-06T18:43:01.124-05:00","source":{"id":"0","name":"eventBus"}}
{"__type":"$$EventMessageNode","id":"14914dca-0c8d-4c65-a1df-9a738a09021d","ts":"2025-12-06T18:43:01.124-05:00","eventName":"n8n.node.started","message":"n8n.node.started","payload":{"workflowId":"8y5ALZTU2BvkIrm4","workflowName":"General","executionId":"26","nodeType":"n8n-nodes-base.function","nodeName":"💡 Generate Travel Recommendations","nodeId":"300dd062-67fe-4694-b4db-81170145ca24"}}
{"__type":"$$EventMessageConfirm","confirm":"14914dca-0c8d-4c65-a1df-9a738a09021d","ts":"2025-12-06T18:43:01.124-05:00","source":{"id":"0","name":"eventBus"}}
{"__type":"$$EventMessageNode","id":"f07fbc00-c4ad-4d61-ad52-3dca4fe2c4ab","ts":"2025-12-06T18:43:01.135-05:00","eventName":"n8n.node.finished","message":"n8n.node.finished","payload":{"workflowId":"8y5ALZTU2BvkIrm4","workflowName":"General","executionId":"26","nodeType":"n8n-nodes-base.function","nodeName":"💡 Generate Travel Recommendations","nodeId":"300dd062-67fe-4694-b4db-81170145ca24"}}
{"__type":"$$EventMessageConfirm","confirm":"f07fbc00-c4ad-4d61-ad52-3dca4fe2c4ab","ts":"2025-12-06T18:43:01.135-05:00","source":{"id":"0","name":"eventBus"}}
{"__type":"$$EventMessageNode","id":"3f945309-d61f-48b3-badc-a9b78a1701db","ts":"2025-12-06T18:43:01.135-05:00","eventName":"n8n.node.started","message":"n8n.node.started","payload":{"workflowId":"8y5ALZTU2BvkIrm4","workflowName":"General","executionId":"26","nodeType":"n8n-nodes-base.supabase","nodeName":"💾 Supabase Storage","nodeId":"5decf8b0-d187-4260-9cad-7841d180e7bb"}}
{"__type":"$$EventMessageConfirm","confirm":"3f945309-d61f-48b3-badc-a9b78a1701db","ts":"2025-12-06T18:43:01.135-05:00","source":{"id":"0","name":"eventBus"}}
{"__type":"$$EventMessageNode","id":"78eb24bb-5aeb-4b0f-a545-06bf6bf6ea40","ts":"2025-12-06T18:43:01.248-05:00","eventName":"n8n.node.finished","message":"n8n.node.finished","payload":{"workflowId":"8y5ALZTU2BvkIrm4","workflowName":"General","executionId":"20","nodeType":"n8n-nodes-base.supabase","nodeName":"💾 Supabase Storage","nodeId":"5decf8b0-d187-4260-9cad-7841d180e7bb"}}
{"__type":"$$EventMessageConfirm","confirm":"78eb24bb-5aeb-4b0f-a545-06bf6bf6ea40","ts":"2025-12-06T18:43:01.248-05:00","source":{"id":"0","name":"eventBus"}}
{"__type":"$$EventMessageNode","id":"1ca98e83-a1bf-4f44-b67b-bbe6b2bb251c","ts":"2025-12-06T18:43:01.248-05:00","eventName":"n8n.node.started","message":"n8n.node.started","payload":{"workflowId":"8y5ALZTU2BvkIrm4","workflowName":"General","executionId":"20","nodeType":"n8n-nodes-base.code","nodeName":"Code in JavaScript1","nodeId":"fa6afa75-0195-4c00-9736-9fa0dfb030c1"}}
{"__type":"$$EventMessageConfirm","confirm":"1ca98e83-a1bf-4f44-b67b-bbe6b2bb251c","ts":"2025-12-06T18:43:01.249-05:00","source":{"id":"0","name":"eventBus"}}
{"__type":"$$EventMessageNode","id":"0b201a68-7026-443e-ba83-55081a5dbd67","ts":"2025-12-06T18:43:01.270-05:00","eventName":"n8n.node.finished","message":"n8n.node.finished","payload":{"workflowId":"8y5ALZTU2BvkIrm4","workflowName":"General","executionId":"20","nodeType":"n8n-nodes-base.code","nodeName":"Code in JavaScript1","nodeId":"fa6afa75-0195-4c00-9736-9fa0dfb030c1"}}
{"__type":"$$EventMessageConfirm","confirm":"0b201a68-7026-443e-ba83-55081a5dbd67","ts":"2025-12-06T18:43:01.270-05:00","source":{"id":"0","name":"eventBus"}}
{"__type":"$$EventMessageNode","id":"3cc56edb-ad0c-4db7-8371-26aae8a4ce1f","ts":"2025-12-06T18:43:01.271-05:00","eventName":"n8n.node.started","message":"n8n.node.started","payload":{"workflowId":"8y5ALZTU2BvkIrm4","workflowName":"General","executionId":"20","nodeType":"n8n-nodes-base.if","nodeName":"🎯 Check Great Deal","nodeId":"2d5f8692-815e-4325-a900-48f6502f5fc0"}}
{"__type":"$$EventMessageConfirm","confirm":"3cc56edb-ad0c-4db7-8371-26aae8a4ce1f","ts":"2025-12-06T18:43:01.271-05:00","source":{"id":"0","name":"eventBus"}}
{"__type":"$$EventMessageNode","id":"8d7cd9ca-cd03-4534-bc19-99a4fb2d2446","ts":"2025-12-06T18:43:01.273-05:00","eventName":"n8n.node.finished","message":"n8n.node.finished","payload":{"workflowId":"8y5ALZTU2BvkIrm4","workflowName":"General","executionId":"20","nodeType":"n8n-nodes-base.if","nodeName":"🎯 Check Great Deal","nodeId":"2d5f8692-815e-4325-a900-48f6502f5fc0"}}
{"__type":"$$EventMessageConfirm","confirm":"8d7cd9ca-cd03-4534-bc19-99a4fb2d2446","ts":"2025-12-06T18:43:01.273-05:00","source":{"id":"0","name":"eventBus"}}
{"__type":"$$EventMessageNode","id":"57c095a4-9eca-421a-ab79-ccbfb88d56ec","ts":"2025-12-06T18:43:01.274-05:00","eventName":"n8n.node.started","message":"n8n.node.started","payload":{"workflowId":"8y5ALZTU2BvkIrm4","workflowName":"General","executionId":"20","nodeType":"n8n-nodes-base.respondToWebhook","nodeName":"Respond to Webhook1","nodeId":"21d30c3a-21ce-476e-a3c4-2813894cc904"}}
{"__type":"$$EventMessageConfirm","confirm":"57c095a4-9eca-421a-ab79-ccbfb88d56ec","ts":"2025-12-06T18:43:01.274-05:00","source":{"id":"0","name":"eventBus"}}
{"__type":"$$EventMessageNode","id":"5c42b7c2-6123-4de2-a0f4-498f2e9a3f14","ts":"2025-12-06T18:43:01.279-05:00","eventName":"n8n.node.finished","message":"n8n.node.finished","payload":{"workflowId":"8y5ALZTU2BvkIrm4","workflowName":"General","executionId":"20","nodeType":"n8n-nodes-base.respondToWebhook","nodeName":"Respond to Webhook1","nodeId":"21d30c3a-21ce-476e-a3c4-2813894cc904"}}
{"__type":"$$EventMessageConfirm","confirm":"5c42b7c2-6123-4de2-a0f4-498f2e9a3f14","ts":"2025-12-06T18:43:01.279-05:00","source":{"id":"0","name":"eventBus"}}
{"__type":"$$EventMessageWorkflow","id":"f7396173-3245-4942-b54a-59bcf9decf35","ts":"2025-12-06T18:43:01.280-05:00","eventName":"n8n.workflow.success","message":"n8n.workflow.success","payload":{"executionId":"20","success":true,"isManual":false,"workflowId":"8y5ALZTU2BvkIrm4","workflowName":"General"}}
{"__type":"$$EventMessageConfirm","confirm":"f7396173-3245-4942-b54a-59bcf9decf35","ts":"2025-12-06T18:43:01.280-05:00","source":{"id":"0","name":"eventBus"}}
{"__type":"$$EventMessageNode","id":"b8a6374d-a334-43e3-86ba-aa8723557a0c","ts":"2025-12-06T18:43:01.311-05:00","eventName":"n8n.node.finished","message":"n8n.node.finished","payload":{"workflowId":"8y5ALZTU2BvkIrm4","workflowName":"General","executionId":"18","nodeType":"n8n-nodes-base.supabase","nodeName":"💾 Supabase Storage","nodeId":"5decf8b0-d187-4260-9cad-7841d180e7bb"}}
{"__type":"$$EventMessageConfirm","confirm":"b8a6374d-a334-43e3-86ba-aa8723557a0c","ts":"2025-12-06T18:43:01.311-05:00","source":{"id":"0","name":"eventBus"}}
{"__type":"$$EventMessageNode","id":"0882f430-23bf-401a-8067-0184f8699ae2","ts":"2025-12-06T18:43:01.311-05:00","eventName":"n8n.node.started","message":"n8n.node.started","payload":{"workflowId":"8y5ALZTU2BvkIrm4","workflowName":"General","executionId":"18","nodeType":"n8n-nodes-base.code","nodeName":"Code in JavaScript1","nodeId":"fa6afa75-0195-4c00-9736-9fa0dfb030c1"}}
{"__type":"$$EventMessageConfirm","confirm":"0882f430-23bf-401a-8067-0184f8699ae2","ts":"2025-12-06T18:43:01.312-05:00","source":{"id":"0","name":"eventBus"}}
{"__type":"$$EventMessageNode","id":"1ae59474-0420-4f50-99eb-ebbae33b2802","ts":"2025-12-06T18:43:01.317-05:00","eventName":"n8n.node.finished","message":"n8n.node.finished","payload":{"workflowId":"8y5ALZTU2BvkIrm4","workflowName":"General","executionId":"18","nodeType":"n8n-nodes-base.code","nodeName":"Code in JavaScript1","nodeId":"fa6afa75-0195-4c00-9736-9fa0dfb030c1"}}
{"__type":"$$EventMessageConfirm","confirm":"1ae59474-0420-4f50-99eb-ebbae33b2802","ts":"2025-12-06T18:43:01.317-05:00","source":{"id":"0","name":"eventBus"}}
{"__type":"$$EventMessageNode","id":"44202a9f-ee51-4823-bede-f63037a67adc","ts":"2025-12-06T18:43:01.318-05:00","eventName":"n8n.node.started","message":"n8n.node.started","payload":{"workflowId":"8y5ALZTU2BvkIrm4","workflowName":"General","executionId":"18","nodeType":"n8n-nodes-base.if","nodeName":"🎯 Check Great Deal","nodeId":"2d5f8692-815e-4325-a900-48f6502f5fc0"}}
{"__type":"$$EventMessageConfirm","confirm":"44202a9f-ee51-4823-bede-f63037a67adc","ts":"2025-12-06T18:43:01.318-05:00","source":{"id":"0","name":"eventBus"}}
{"__type":"$$EventMessageNode","id":"ac3b13aa-f04e-4f2e-8873-7b6233e7fc1e","ts":"2025-12-06T18:43:01.319-05:00","eventName":"n8n.node.finished","message":"n8n.node.finished","payload":{"workflowId":"8y5ALZTU2BvkIrm4","workflowName":"General","executionId":"18","nodeType":"n8n-nodes-base.if","nodeName":"🎯 Check Great Deal","nodeId":"2d5f8692-815e-4325-a900-48f6502f5fc0"}}
{"__type":"$$EventMessageConfirm","confirm":"ac3b13aa-f04e-4f2e-8873-7b6233e7fc1e","ts":"2025-12-06T18:43:01.319-05:00","source":{"id":"0","name":"eventBus"}}
{"__type":"$$EventMessageNode","id":"4e100476-db66-42f6-bf0b-1eaa52d8dfe0","ts":"2025-12-06T18:43:01.320-05:00","eventName":"n8n.node.started","message":"n8n.node.started","payload":{"workflowId":"8y5ALZTU2BvkIrm4","workflowName":"General","executionId":"18","nodeType":"n8n-nodes-base.respondToWebhook","nodeName":"Respond to Webhook1","nodeId":"21d30c3a-21ce-476e-a3c4-2813894cc904"}}
{"__type":"$$EventMessageConfirm","confirm":"4e100476-db66-42f6-bf0b-1eaa52d8dfe0","ts":"2025-12-06T18:43:01.320-05:00","source":{"id":"0","name":"eventBus"}}
{"__type":"$$EventMessageNode","id":"4a960d01-7d1b-4825-84a4-130dd5ef0472","ts":"2025-12-06T18:43:01.322-05:00","eventName":"n8n.node.finished","message":"n8n.node.finished","payload":{"workflowId":"8y5ALZTU2BvkIrm4","workflowName":"General","executionId":"18","nodeType":"n8n-nodes-base.respondToWebhook","nodeName":"Respond to Webhook1","nodeId":"21d30c3a-21ce-476e-a3c4-2813894cc904"}}
{"__type":"$$EventMessageConfirm","confirm":"4a960d01-7d1b-4825-84a4-130dd5ef0472","ts":"2025-12-06T18:43:01.322-05:00","source":{"id":"0","name":"eventBus"}}
{"__type":"$$EventMessageWorkflow","id":"f721b47b-523f-457e-be4d-154b87084ac0","ts":"2025-12-06T18:43:01.322-05:00","eventName":"n8n.workflow.success","message":"n8n.workflow.success","payload":{"executionId":"18","success":true,"isManual":false,"workflowId":"8y5ALZTU2BvkIrm4","workflowName":"General"}}
{"__type":"$$EventMessageConfirm","confirm":"f721b47b-523f-457e-be4d-154b87084ac0","ts":"2025-12-06T18:43:01.323-05:00","source":{"id":"0","name":"eventBus"}}
{"__type":"$$EventMessageNode","id":"9c8c3a6c-55e8-4c49-a24e-6d7620ce00fb","ts":"2025-12-06T18:43:01.350-05:00","eventName":"n8n.node.finished","message":"n8n.node.finished","payload":{"workflowId":"8y5ALZTU2BvkIrm4","workflowName":"General","executionId":"22","nodeType":"n8n-nodes-base.supabase","nodeName":"💾 Supabase Storage","nodeId":"5decf8b0-d187-4260-9cad-7841d180e7bb"}}
{"__type":"$$EventMessageConfirm","confirm":"9c8c3a6c-55e8-4c49-a24e-6d7620ce00fb","ts":"2025-12-06T18:43:01.350-05:00","source":{"id":"0","name":"eventBus"}}
{"__type":"$$EventMessageNode","id":"f325f94c-963d-49f7-b436-b70c518956d0","ts":"2025-12-06T18:43:01.351-05:00","eventName":"n8n.node.started","message":"n8n.node.started","payload":{"workflowId":"8y5ALZTU2BvkIrm4","workflowName":"General","executionId":"22","nodeType":"n8n-nodes-base.code","nodeName":"Code in JavaScript1","nodeId":"fa6afa75-0195-4c00-9736-9fa0dfb030c1"}}
{"__type":"$$EventMessageConfirm","confirm":"f325f94c-963d-49f7-b436-b70c518956d0","ts":"2025-12-06T18:43:01.351-05:00","source":{"id":"0","name":"eventBus"}}
{"__type":"$$EventMessageNode","id":"280b345a-6f6a-4dea-bd83-649292dd31a0","ts":"2025-12-06T18:43:01.359-05:00","eventName":"n8n.node.finished","message":"n8n.node.finished","payload":{"workflowId":"8y5ALZTU2BvkIrm4","workflowName":"General","executionId":"22","nodeType":"n8n-nodes-base.code","nodeName":"Code in JavaScript1","nodeId":"fa6afa75-0195-4c00-9736-9fa0dfb030c1"}}
{"__type":"$$EventMessageConfirm","confirm":"280b345a-6f6a-4dea-bd83-649292dd31a0","ts":"2025-12-06T18:43:01.359-05:00","source":{"id":"0","name":"eventBus"}}
{"__type":"$$EventMessageNode","id":"7cda346a-4b11-4e66-9f7e-fc1ef7eaa343","ts":"2025-12-06T18:43:01.360-05:00","eventName":"n8n.node.started","message":"n8n.node.started","payload":{"workflowId":"8y5ALZTU2BvkIrm4","workflowName":"General","executionId":"22","nodeType":"n8n-nodes-base.if","nodeName":"🎯 Check Great Deal","nodeId":"2d5f8692-815e-4325-a900-48f6502f5fc0"}}
{"__type":"$$EventMessageConfirm","confirm":"7cda346a-4b11-4e66-9f7e-fc1ef7eaa343","ts":"2025-12-06T18:43:01.360-05:00","source":{"id":"0","name":"eventBus"}}
{"__type":"$$EventMessageNode","id":"f924c92e-04be-4608-b040-3c95b102c109","ts":"2025-12-06T18:43:01.361-05:00","eventName":"n8n.node.finished","message":"n8n.node.finished","payload":{"workflowId":"8y5ALZTU2BvkIrm4","workflowName":"General","executionId":"22","nodeType":"n8n-nodes-base.if","nodeName":"🎯 Check Great Deal","nodeId":"2d5f8692-815e-4325-a900-48f6502f5fc0"}}
{"__type":"$$EventMessageConfirm","confirm":"f924c92e-04be-4608-b040-3c95b102c109","ts":"2025-12-06T18:43:01.361-05:00","source":{"id":"0","name":"eventBus"}}
{"__type":"$$EventMessageNode","id":"decfea31-23dc-4ab1-b8e0-575f8293a427","ts":"2025-12-06T18:43:01.361-05:00","eventName":"n8n.node.started","message":"n8n.node.started","payload":{"workflowId":"8y5ALZTU2BvkIrm4","workflowName":"General","executionId":"22","nodeType":"n8n-nodes-base.respondToWebhook","nodeName":"Respond to Webhook1","nodeId":"21d30c3a-21ce-476e-a3c4-2813894cc904"}}
{"__type":"$$EventMessageConfirm","confirm":"decfea31-23dc-4ab1-b8e0-575f8293a427","ts":"2025-12-06T18:43:01.361-05:00","source":{"id":"0","name":"eventBus"}}
{"__type":"$$EventMessageNode","id":"6c6d87e8-413e-4c27-84e4-ce8fd98f0587","ts":"2025-12-06T18:43:01.363-05:00","eventName":"n8n.node.finished","message":"n8n.node.finished","payload":{"workflowId":"8y5ALZTU2BvkIrm4","workflowName":"General","executionId":"22","nodeType":"n8n-nodes-base.respondToWebhook","nodeName":"Respond to Webhook1","nodeId":"21d30c3a-21ce-476e-a3c4-2813894cc904"}}
{"__type":"$$EventMessageConfirm","confirm":"6c6d87e8-413e-4c27-84e4-ce8fd98f0587","ts":"2025-12-06T18:43:01.363-05:00","source":{"id":"0","name":"eventBus"}}
{"__type":"$$EventMessageWorkflow","id":"2a45a065-1aac-4309-8cf3-2e4c32530781","ts":"2025-12-06T18:43:01.374-05:00","eventName":"n8n.workflow.success","message":"n8n.workflow.success","payload":{"executionId":"22","success":true,"isManual":false,"workflowId":"8y5ALZTU2BvkIrm4","workflowName":"General"}}
{"__type":"$$EventMessageConfirm","confirm":"2a45a065-1aac-4309-8cf3-2e4c32530781","ts":"2025-12-06T18:43:01.374-05:00","source":{"id":"0","name":"eventBus"}}
{"__type":"$$EventMessageNode","id":"dd32226c-abbd-4f5c-906a-2300f9f0cdaa","ts":"2025-12-06T18:43:01.403-05:00","eventName":"n8n.node.finished","message":"n8n.node.finished","payload":{"workflowId":"8y5ALZTU2BvkIrm4","workflowName":"General","executionId":"19","nodeType":"n8n-nodes-base.supabase","nodeName":"💾 Supabase Storage","nodeId":"5decf8b0-d187-4260-9cad-7841d180e7bb"}}
{"__type":"$$EventMessageConfirm","confirm":"dd32226c-abbd-4f5c-906a-2300f9f0cdaa","ts":"2025-12-06T18:43:01.404-05:00","source":{"id":"0","name":"eventBus"}}
{"__type":"$$EventMessageNode","id":"1adc31d4-3106-4c1d-ae81-6e7a4f5c279b","ts":"2025-12-06T18:43:01.404-05:00","eventName":"n8n.node.started","message":"n8n.node.started","payload":{"workflowId":"8y5ALZTU2BvkIrm4","workflowName":"General","executionId":"19","nodeType":"n8n-nodes-base.code","nodeName":"Code in JavaScript1","nodeId":"fa6afa75-0195-4c00-9736-9fa0dfb030c1"}}
{"__type":"$$EventMessageConfirm","confirm":"1adc31d4-3106-4c1d-ae81-6e7a4f5c279b","ts":"2025-12-06T18:43:01.404-05:00","source":{"id":"0","name":"eventBus"}}
{"__type":"$$EventMessageNode","id":"fb75d1ab-e938-436f-ac7f-215f77ecd3bc","ts":"2025-12-06T18:43:01.410-05:00","eventName":"n8n.node.finished","message":"n8n.node.finished","payload":{"workflowId":"8y5ALZTU2BvkIrm4","workflowName":"General","executionId":"19","nodeType":"n8n-nodes-base.code","nodeName":"Code in JavaScript1","nodeId":"fa6afa75-0195-4c00-9736-9fa0dfb030c1"}}
{"__type":"$$EventMessageConfirm","confirm":"fb75d1ab-e938-436f-ac7f-215f77ecd3bc","ts":"2025-12-06T18:43:01.410-05:00","source":{"id":"0","name":"eventBus"}}
{"__type":"$$EventMessageNode","id":"4e4e5dac-8b41-4bc8-920f-8cccb3c925eb","ts":"2025-12-06T18:43:01.410-05:00","eventName":"n8n.node.started","message":"n8n.node.started","payload":{"workflowId":"8y5ALZTU2BvkIrm4","workflowName":"General","executionId":"19","nodeType":"n8n-nodes-base.if","nodeName":"🎯 Check Great Deal","nodeId":"2d5f8692-815e-4325-a900-48f6502f5fc0"}}
{"__type":"$$EventMessageConfirm","confirm":"4e4e5dac-8b41-4bc8-920f-8cccb3c925eb","ts":"2025-12-06T18:43:01.410-05:00","source":{"id":"0","name":"eventBus"}}
{"__type":"$$EventMessageNode","id":"2c8eb647-8086-4a8e-be1d-55ceefbe1c54","ts":"2025-12-06T18:43:01.411-05:00","eventName":"n8n.node.finished","message":"n8n.node.finished","payload":{"workflowId":"8y5ALZTU2BvkIrm4","workflowName":"General","executionId":"19","nodeType":"n8n-nodes-base.if","nodeName":"🎯 Check Great Deal","nodeId":"2d5f8692-815e-4325-a900-48f6502f5fc0"}}
{"__type":"$$EventMessageConfirm","confirm":"2c8eb647-8086-4a8e-be1d-55ceefbe1c54","ts":"2025-12-06T18:43:01.411-05:00","source":{"id":"0","name":"eventBus"}}
{"__type":"$$EventMessageNode","id":"3e16fa31-dc89-440c-8115-56a21d2dab02","ts":"2025-12-06T18:43:01.411-05:00","eventName":"n8n.node.started","message":"n8n.node.started","payload":{"workflowId":"8y5ALZTU2BvkIrm4","workflowName":"General","executionId":"19","nodeType":"n8n-nodes-base.respondToWebhook","nodeName":"Respond to Webhook1","nodeId":"21d30c3a-21ce-476e-a3c4-2813894cc904"}}
{"__type":"$$EventMessageConfirm","confirm":"3e16fa31-dc89-440c-8115-56a21d2dab02","ts":"2025-12-06T18:43:01.411-05:00","source":{"id":"0","name":"eventBus"}}
{"__type":"$$EventMessageNode","id":"2ee2d21d-0c72-4cf1-a33f-d20dedfff885","ts":"2025-12-06T18:43:01.413-05:00","eventName":"n8n.node.finished","message":"n8n.node.finished","payload":{"workflowId":"8y5ALZTU2BvkIrm4","workflowName":"General","executionId":"19","nodeType":"n8n-nodes-base.respondToWebhook","nodeName":"Respond to Webhook1","nodeId":"21d30c3a-21ce-476e-a3c4-2813894cc904"}}
{"__type":"$$EventMessageConfirm","confirm":"2ee2d21d-0c72-4cf1-a33f-d20dedfff885","ts":"2025-12-06T18:43:01.413-05:00","source":{"id":"0","name":"eventBus"}}
{"__type":"$$EventMessageWorkflow","id":"d373a1b0-0302-424c-bdd0-4cb888892180","ts":"2025-12-06T18:43:01.413-05:00","eventName":"n8n.workflow.success","message":"n8n.workflow.success","payload":{"executionId":"19","success":true,"isManual":false,"workflowId":"8y5ALZTU2BvkIrm4","workflowName":"General"}}
{"__type":"$$EventMessageConfirm","confirm":"d373a1b0-0302-424c-bdd0-4cb888892180","ts":"2025-12-06T18:43:01.413-05:00","source":{"id":"0","name":"eventBus"}}
{"__type":"$$EventMessageNode","id":"b9d930c0-af38-490e-b4c3-11bf21003086","ts":"2025-12-06T18:43:01.443-05:00","eventName":"n8n.node.finished","message":"n8n.node.finished","payload":{"workflowId":"8y5ALZTU2BvkIrm4","workflowName":"General","executionId":"23","nodeType":"n8n-nodes-base.supabase","nodeName":"💾 Supabase Storage","nodeId":"5decf8b0-d187-4260-9cad-7841d180e7bb"}}
{"__type":"$$EventMessageConfirm","confirm":"b9d930c0-af38-490e-b4c3-11bf21003086","ts":"2025-12-06T18:43:01.444-05:00","source":{"id":"0","name":"eventBus"}}
{"__type":"$$EventMessageNode","id":"bb55ee8b-0678-49a0-9ece-da01772923b4","ts":"2025-12-06T18:43:01.445-05:00","eventName":"n8n.node.started","message":"n8n.node.started","payload":{"workflowId":"8y5ALZTU2BvkIrm4","workflowName":"General","executionId":"23","nodeType":"n8n-nodes-base.code","nodeName":"Code in JavaScript1","nodeId":"fa6afa75-0195-4c00-9736-9fa0dfb030c1"}}
{"__type":"$$EventMessageConfirm","confirm":"bb55ee8b-0678-49a0-9ece-da01772923b4","ts":"2025-12-06T18:43:01.445-05:00","source":{"id":"0","name":"eventBus"}}
{"__type":"$$EventMessageNode","id":"d6dc0034-c11d-4770-b2af-67711d8d9958","ts":"2025-12-06T18:43:01.453-05:00","eventName":"n8n.node.finished","message":"n8n.node.finished","payload":{"workflowId":"8y5ALZTU2BvkIrm4","workflowName":"General","executionId":"23","nodeType":"n8n-nodes-base.code","nodeName":"Code in JavaScript1","nodeId":"fa6afa75-0195-4c00-9736-9fa0dfb030c1"}}
{"__type":"$$EventMessageConfirm","confirm":"d6dc0034-c11d-4770-b2af-67711d8d9958","ts":"2025-12-06T18:43:01.453-05:00","source":{"id":"0","name":"eventBus"}}
{"__type":"$$EventMessageNode","id":"7e07d6d7-e223-43b7-acce-735097b0dc8f","ts":"2025-12-06T18:43:01.453-05:00","eventName":"n8n.node.started","message":"n8n.node.started","payload":{"workflowId":"8y5ALZTU2BvkIrm4","workflowName":"General","executionId":"23","nodeType":"n8n-nodes-base.if","nodeName":"🎯 Check Great Deal","nodeId":"2d5f8692-815e-4325-a900-48f6502f5fc0"}}
{"__type":"$$EventMessageConfirm","confirm":"7e07d6d7-e223-43b7-acce-735097b0dc8f","ts":"2025-12-06T18:43:01.454-05:00","source":{"id":"0","name":"eventBus"}}
{"__type":"$$EventMessageNode","id":"5d2460a3-9cab-4991-88cc-b8bcbfdb34ce","ts":"2025-12-06T18:43:01.458-05:00","eventName":"n8n.node.finished","message":"n8n.node.finished","payload":{"workflowId":"8y5ALZTU2BvkIrm4","workflowName":"General","executionId":"23","nodeType":"n8n-nodes-base.if","nodeName":"🎯 Check Great Deal","nodeId":"2d5f8692-815e-4325-a900-48f6502f5fc0"}}
{"__type":"$$EventMessageConfirm","confirm":"5d2460a3-9cab-4991-88cc-b8bcbfdb34ce","ts":"2025-12-06T18:43:01.458-05:00","source":{"id":"0","name":"eventBus"}}
{"__type":"$$EventMessageNode","id":"bda0481b-038d-438f-adc5-41e98ea57813","ts":"2025-12-06T18:43:01.458-05:00","eventName":"n8n.node.started","message":"n8n.node.started","payload":{"workflowId":"8y5ALZTU2BvkIrm4","workflowName":"General","executionId":"23","nodeType":"n8n-nodes-base.emailSend","nodeName":"Enviar Correo1","nodeId":"cae987c6-c9aa-4be8-abd1-aa4d4e16b230"}}
{"__type":"$$EventMessageConfirm","confirm":"bda0481b-038d-438f-adc5-41e98ea57813","ts":"2025-12-06T18:43:01.458-05:00","source":{"id":"0","name":"eventBus"}}
{"__type":"$$EventMessageNode","id":"f496d35d-9664-4e7f-b2ed-27ae3cf7ac81","ts":"2025-12-06T18:43:01.461-05:00","eventName":"n8n.node.finished","message":"n8n.node.finished","payload":{"workflowId":"8y5ALZTU2BvkIrm4","workflowName":"General","executionId":"21","nodeType":"n8n-nodes-base.supabase","nodeName":"💾 Supabase Storage","nodeId":"5decf8b0-d187-4260-9cad-7841d180e7bb"}}
{"__type":"$$EventMessageConfirm","confirm":"f496d35d-9664-4e7f-b2ed-27ae3cf7ac81","ts":"2025-12-06T18:43:01.461-05:00","source":{"id":"0","name":"eventBus"}}
{"__type":"$$EventMessageNode","id":"c8baeecc-9956-4da9-ae71-fa87b66835e5","ts":"2025-12-06T18:43:01.461-05:00","eventName":"n8n.node.started","message":"n8n.node.started","payload":{"workflowId":"8y5ALZTU2BvkIrm4","workflowName":"General","executionId":"21","nodeType":"n8n-nodes-base.code","nodeName":"Code in JavaScript1","nodeId":"fa6afa75-0195-4c00-9736-9fa0dfb030c1"}}
{"__type":"$$EventMessageConfirm","confirm":"c8baeecc-9956-4da9-ae71-fa87b66835e5","ts":"2025-12-06T18:43:01.461-05:00","source":{"id":"0","name":"eventBus"}}
{"__type":"$$EventMessageNode","id":"74c8f63c-fb96-4bce-aaa8-badc96689946","ts":"2025-12-06T18:43:01.467-05:00","eventName":"n8n.node.finished","message":"n8n.node.finished","payload":{"workflowId":"8y5ALZTU2BvkIrm4","workflowName":"General","executionId":"21","nodeType":"n8n-nodes-base.code","nodeName":"Code in JavaScript1","nodeId":"fa6afa75-0195-4c00-9736-9fa0dfb030c1"}}
{"__type":"$$EventMessageConfirm","confirm":"74c8f63c-fb96-4bce-aaa8-badc96689946","ts":"2025-12-06T18:43:01.467-05:00","source":{"id":"0","name":"eventBus"}}
{"__type":"$$EventMessageNode","id":"8ae3df61-5af4-4d8b-bd01-f59d014898d7","ts":"2025-12-06T18:43:01.467-05:00","eventName":"n8n.node.started","message":"n8n.node.started","payload":{"workflowId":"8y5ALZTU2BvkIrm4","workflowName":"General","executionId":"21","nodeType":"n8n-nodes-base.if","nodeName":"🎯 Check Great Deal","nodeId":"2d5f8692-815e-4325-a900-48f6502f5fc0"}}
{"__type":"$$EventMessageConfirm","confirm":"8ae3df61-5af4-4d8b-bd01-f59d014898d7","ts":"2025-12-06T18:43:01.467-05:00","source":{"id":"0","name":"eventBus"}}
{"__type":"$$EventMessageNode","id":"c0cb143e-b571-4216-add2-4cbf517d11a4","ts":"2025-12-06T18:43:01.469-05:00","eventName":"n8n.node.finished","message":"n8n.node.finished","payload":{"workflowId":"8y5ALZTU2BvkIrm4","workflowName":"General","executionId":"21","nodeType":"n8n-nodes-base.if","nodeName":"🎯 Check Great Deal","nodeId":"2d5f8692-815e-4325-a900-48f6502f5fc0"}}
{"__type":"$$EventMessageConfirm","confirm":"c0cb143e-b571-4216-add2-4cbf517d11a4","ts":"2025-12-06T18:43:01.469-05:00","source":{"id":"0","name":"eventBus"}}
{"__type":"$$EventMessageNode","id":"8b9cb33c-1642-4238-86db-fb4764e887b4","ts":"2025-12-06T18:43:01.470-05:00","eventName":"n8n.node.started","message":"n8n.node.started","payload":{"workflowId":"8y5ALZTU2BvkIrm4","workflowName":"General","executionId":"21","nodeType":"n8n-nodes-base.respondToWebhook","nodeName":"Respond to Webhook1","nodeId":"21d30c3a-21ce-476e-a3c4-2813894cc904"}}
{"__type":"$$EventMessageConfirm","confirm":"8b9cb33c-1642-4238-86db-fb4764e887b4","ts":"2025-12-06T18:43:01.470-05:00","source":{"id":"0","name":"eventBus"}}
{"__type":"$$EventMessageNode","id":"e2d81ea6-ae41-49d7-a355-327bac283c84","ts":"2025-12-06T18:43:01.471-05:00","eventName":"n8n.node.finished","message":"n8n.node.finished","payload":{"workflowId":"8y5ALZTU2BvkIrm4","workflowName":"General","executionId":"21","nodeType":"n8n-nodes-base.respondToWebhook","nodeName":"Respond to Webhook1","nodeId":"21d30c3a-21ce-476e-a3c4-2813894cc904"}}
{"__type":"$$EventMessageConfirm","confirm":"e2d81ea6-ae41-49d7-a355-327bac283c84","ts":"2025-12-06T18:43:01.472-05:00","source":{"id":"0","name":"eventBus"}}
{"__type":"$$EventMessageWorkflow","id":"d939448c-7caa-421f-a69e-1f9d3caa604a","ts":"2025-12-06T18:43:01.472-05:00","eventName":"n8n.workflow.success","message":"n8n.workflow.success","payload":{"executionId":"21","success":true,"isManual":false,"workflowId":"8y5ALZTU2BvkIrm4","workflowName":"General"}}
{"__type":"$$EventMessageConfirm","confirm":"d939448c-7caa-421f-a69e-1f9d3caa604a","ts":"2025-12-06T18:43:01.472-05:00","source":{"id":"0","name":"eventBus"}}
{"__type":"$$EventMessageNode","id":"e0f2a788-5e58-4b22-b89b-b884d2ad3e22","ts":"2025-12-06T18:43:02.058-05:00","eventName":"n8n.node.finished","message":"n8n.node.finished","payload":{"workflowId":"8y5ALZTU2BvkIrm4","workflowName":"General","executionId":"24","nodeType":"n8n-nodes-base.supabase","nodeName":"💾 Supabase Storage","nodeId":"5decf8b0-d187-4260-9cad-7841d180e7bb"}}
{"__type":"$$EventMessageConfirm","confirm":"e0f2a788-5e58-4b22-b89b-b884d2ad3e22","ts":"2025-12-06T18:43:02.058-05:00","source":{"id":"0","name":"eventBus"}}
{"__type":"$$EventMessageNode","id":"b5838b84-a5dc-4c6a-885d-fbaeafcced24","ts":"2025-12-06T18:43:02.058-05:00","eventName":"n8n.node.started","message":"n8n.node.started","payload":{"workflowId":"8y5ALZTU2BvkIrm4","workflowName":"General","executionId":"24","nodeType":"n8n-nodes-base.code","nodeName":"Code in JavaScript1","nodeId":"fa6afa75-0195-4c00-9736-9fa0dfb030c1"}}
{"__type":"$$EventMessageConfirm","confirm":"b5838b84-a5dc-4c6a-885d-fbaeafcced24","ts":"2025-12-06T18:43:02.058-05:00","source":{"id":"0","name":"eventBus"}}
{"__type":"$$EventMessageNode","id":"3e8c829d-304a-406a-b8ba-f43c3a7eaea6","ts":"2025-12-06T18:43:02.068-05:00","eventName":"n8n.node.finished","message":"n8n.node.finished","payload":{"workflowId":"8y5ALZTU2BvkIrm4","workflowName":"General","executionId":"24","nodeType":"n8n-nodes-base.code","nodeName":"Code in JavaScript1","nodeId":"fa6afa75-0195-4c00-9736-9fa0dfb030c1"}}
{"__type":"$$EventMessageConfirm","confirm":"3e8c829d-304a-406a-b8ba-f43c3a7eaea6","ts":"2025-12-06T18:43:02.068-05:00","source":{"id":"0","name":"eventBus"}}
{"__type":"$$EventMessageNode","id":"6f063730-9f11-4026-877d-70c40b717b1e","ts":"2025-12-06T18:43:02.068-05:00","eventName":"n8n.node.started","message":"n8n.node.started","payload":{"workflowId":"8y5ALZTU2BvkIrm4","workflowName":"General","executionId":"24","nodeType":"n8n-nodes-base.if","nodeName":"🎯 Check Great Deal","nodeId":"2d5f8692-815e-4325-a900-48f6502f5fc0"}}
{"__type":"$$EventMessageConfirm","confirm":"6f063730-9f11-4026-877d-70c40b717b1e","ts":"2025-12-06T18:43:02.068-05:00","source":{"id":"0","name":"eventBus"}}
{"__type":"$$EventMessageNode","id":"ecb7ec11-a159-4cd2-b30d-c21610116613","ts":"2025-12-06T18:43:02.069-05:00","eventName":"n8n.node.finished","message":"n8n.node.finished","payload":{"workflowId":"8y5ALZTU2BvkIrm4","workflowName":"General","executionId":"24","nodeType":"n8n-nodes-base.if","nodeName":"🎯 Check Great Deal","nodeId":"2d5f8692-815e-4325-a900-48f6502f5fc0"}}
{"__type":"$$EventMessageConfirm","confirm":"ecb7ec11-a159-4cd2-b30d-c21610116613","ts":"2025-12-06T18:43:02.070-05:00","source":{"id":"0","name":"eventBus"}}
{"__type":"$$EventMessageNode","id":"01ea3f3f-bfdc-4aca-8a51-44714c4855e0","ts":"2025-12-06T18:43:02.070-05:00","eventName":"n8n.node.started","message":"n8n.node.started","payload":{"workflowId":"8y5ALZTU2BvkIrm4","workflowName":"General","executionId":"24","nodeType":"n8n-nodes-base.emailSend","nodeName":"Enviar Correo1","nodeId":"cae987c6-c9aa-4be8-abd1-aa4d4e16b230"}}
{"__type":"$$EventMessageConfirm","confirm":"01ea3f3f-bfdc-4aca-8a51-44714c4855e0","ts":"2025-12-06T18:43:02.070-05:00","source":{"id":"0","name":"eventBus"}}
{"__type":"$$EventMessageNode","id":"a2fe8939-c950-46dd-8984-8af308ca654a","ts":"2025-12-06T18:43:02.279-05:00","eventName":"n8n.node.finished","message":"n8n.node.finished","payload":{"workflowId":"8y5ALZTU2BvkIrm4","workflowName":"General","executionId":"25","nodeType":"n8n-nodes-base.httpRequest","nodeName":"🏨 Amadeus Hotels Search","nodeId":"335375c3-b2c4-488a-a187-5db699984bb5"}}
{"__type":"$$EventMessageConfirm","confirm":"a2fe8939-c950-46dd-8984-8af308ca654a","ts":"2025-12-06T18:43:02.279-05:00","source":{"id":"0","name":"eventBus"}}
{"__type":"$$EventMessageNode","id":"c9a93d4f-5492-4e8c-a833-39988df59569","ts":"2025-12-06T18:43:02.279-05:00","eventName":"n8n.node.started","message":"n8n.node.started","payload":{"workflowId":"8y5ALZTU2BvkIrm4","workflowName":"General","executionId":"25","nodeType":"n8n-nodes-base.code","nodeName":"🧩 Parse Amadeus Hotels","nodeId":"47677723-da63-41ea-8c58-4cff95258258"}}
{"__type":"$$EventMessageConfirm","confirm":"c9a93d4f-5492-4e8c-a833-39988df59569","ts":"2025-12-06T18:43:02.279-05:00","source":{"id":"0","name":"eventBus"}}
{"__type":"$$EventMessageNode","id":"32dd87c8-964a-497f-aaf8-482f8e0c8296","ts":"2025-12-06T18:43:02.314-05:00","eventName":"n8n.node.finished","message":"n8n.node.finished","payload":{"workflowId":"8y5ALZTU2BvkIrm4","workflowName":"General","executionId":"25","nodeType":"n8n-nodes-base.code","nodeName":"🧩 Parse Amadeus Hotels","nodeId":"47677723-da63-41ea-8c58-4cff95258258"}}
{"__type":"$$EventMessageConfirm","confirm":"32dd87c8-964a-497f-aaf8-482f8e0c8296","ts":"2025-12-06T18:43:02.314-05:00","source":{"id":"0","name":"eventBus"}}
{"__type":"$$EventMessageNode","id":"52b9d943-cc2f-4d0d-8f49-2d409d972dc7","ts":"2025-12-06T18:43:02.316-05:00","eventName":"n8n.node.started","message":"n8n.node.started","payload":{"workflowId":"8y5ALZTU2BvkIrm4","workflowName":"General","executionId":"25","nodeType":"n8n-nodes-base.code","nodeName":"Code in JavaScript","nodeId":"9ad265ae-5dcc-402a-9191-c6e7792d671f"}}
{"__type":"$$EventMessageConfirm","confirm":"52b9d943-cc2f-4d0d-8f49-2d409d972dc7","ts":"2025-12-06T18:43:02.316-05:00","source":{"id":"0","name":"eventBus"}}
{"__type":"$$EventMessageNode","id":"f25d8633-2f76-445b-a1b1-8f695f98cd9c","ts":"2025-12-06T18:43:02.329-05:00","eventName":"n8n.node.finished","message":"n8n.node.finished","payload":{"workflowId":"8y5ALZTU2BvkIrm4","workflowName":"General","executionId":"25","nodeType":"n8n-nodes-base.code","nodeName":"Code in JavaScript","nodeId":"9ad265ae-5dcc-402a-9191-c6e7792d671f"}}
{"__type":"$$EventMessageConfirm","confirm":"f25d8633-2f76-445b-a1b1-8f695f98cd9c","ts":"2025-12-06T18:43:02.330-05:00","source":{"id":"0","name":"eventBus"}}
{"__type":"$$EventMessageNode","id":"c3ff1b39-52eb-4529-92d3-1a90d2521bd5","ts":"2025-12-06T18:43:02.330-05:00","eventName":"n8n.node.started","message":"n8n.node.started","payload":{"workflowId":"8y5ALZTU2BvkIrm4","workflowName":"General","executionId":"25","nodeType":"n8n-nodes-base.function","nodeName":"💡 Generate Travel Recommendations","nodeId":"300dd062-67fe-4694-b4db-81170145ca24"}}
{"__type":"$$EventMessageConfirm","confirm":"c3ff1b39-52eb-4529-92d3-1a90d2521bd5","ts":"2025-12-06T18:43:02.330-05:00","source":{"id":"0","name":"eventBus"}}
{"__type":"$$EventMessageNode","id":"94266075-ab53-4e1a-aa92-d0166e6012e1","ts":"2025-12-06T18:43:02.338-05:00","eventName":"n8n.node.finished","message":"n8n.node.finished","payload":{"workflowId":"8y5ALZTU2BvkIrm4","workflowName":"General","executionId":"25","nodeType":"n8n-nodes-base.function","nodeName":"💡 Generate Travel Recommendations","nodeId":"300dd062-67fe-4694-b4db-81170145ca24"}}
{"__type":"$$EventMessageConfirm","confirm":"94266075-ab53-4e1a-aa92-d0166e6012e1","ts":"2025-12-06T18:43:02.338-05:00","source":{"id":"0","name":"eventBus"}}
{"__type":"$$EventMessageNode","id":"abc7f13b-88a0-4bd9-bce2-9f0d3277e703","ts":"2025-12-06T18:43:02.338-05:00","eventName":"n8n.node.started","message":"n8n.node.started","payload":{"workflowId":"8y5ALZTU2BvkIrm4","workflowName":"General","executionId":"25","nodeType":"n8n-nodes-base.supabase","nodeName":"💾 Supabase Storage","nodeId":"5decf8b0-d187-4260-9cad-7841d180e7bb"}}
{"__type":"$$EventMessageConfirm","confirm":"abc7f13b-88a0-4bd9-bce2-9f0d3277e703","ts":"2025-12-06T18:43:02.338-05:00","source":{"id":"0","name":"eventBus"}}
{"__type":"$$EventMessageNode","id":"e92fef5d-4c80-4ca2-bbe9-47a8967693cb","ts":"2025-12-06T18:43:02.361-05:00","eventName":"n8n.node.finished","message":"n8n.node.finished","payload":{"workflowId":"8y5ALZTU2BvkIrm4","workflowName":"General","executionId":"27","nodeType":"n8n-nodes-base.httpRequest","nodeName":"🏨 Amadeus Hotels Search","nodeId":"335375c3-b2c4-488a-a187-5db699984bb5"}}
{"__type":"$$EventMessageConfirm","confirm":"e92fef5d-4c80-4ca2-bbe9-47a8967693cb","ts":"2025-12-06T18:43:02.362-05:00","source":{"id":"0","name":"eventBus"}}
{"__type":"$$EventMessageNode","id":"d2e234e3-f845-4caf-9158-04e345aec5f4","ts":"2025-12-06T18:43:02.362-05:00","eventName":"n8n.node.started","message":"n8n.node.started","payload":{"workflowId":"8y5ALZTU2BvkIrm4","workflowName":"General","executionId":"27","nodeType":"n8n-nodes-base.code","nodeName":"🧩 Parse Amadeus Hotels","nodeId":"47677723-da63-41ea-8c58-4cff95258258"}}
{"__type":"$$EventMessageConfirm","confirm":"d2e234e3-f845-4caf-9158-04e345aec5f4","ts":"2025-12-06T18:43:02.362-05:00","source":{"id":"0","name":"eventBus"}}
{"__type":"$$EventMessageNode","id":"fff04422-412e-4813-911a-8b3b4d9ac099","ts":"2025-12-06T18:43:02.417-05:00","eventName":"n8n.node.finished","message":"n8n.node.finished","payload":{"workflowId":"8y5ALZTU2BvkIrm4","workflowName":"General","executionId":"27","nodeType":"n8n-nodes-base.code","nodeName":"🧩 Parse Amadeus Hotels","nodeId":"47677723-da63-41ea-8c58-4cff95258258"}}
{"__type":"$$EventMessageConfirm","confirm":"fff04422-412e-4813-911a-8b3b4d9ac099","ts":"2025-12-06T18:43:02.418-05:00","source":{"id":"0","name":"eventBus"}}
{"__type":"$$EventMessageNode","id":"226d94a8-08f2-4854-83e0-a9a73610560a","ts":"2025-12-06T18:43:02.419-05:00","eventName":"n8n.node.started","message":"n8n.node.started","payload":{"workflowId":"8y5ALZTU2BvkIrm4","workflowName":"General","executionId":"27","nodeType":"n8n-nodes-base.code","nodeName":"Code in JavaScript","nodeId":"9ad265ae-5dcc-402a-9191-c6e7792d671f"}}
{"__type":"$$EventMessageConfirm","confirm":"226d94a8-08f2-4854-83e0-a9a73610560a","ts":"2025-12-06T18:43:02.419-05:00","source":{"id":"0","name":"eventBus"}}
{"__type":"$$EventMessageNode","id":"de31accb-206c-4997-affc-e0fe5803fc9b","ts":"2025-12-06T18:43:02.439-05:00","eventName":"n8n.node.finished","message":"n8n.node.finished","payload":{"workflowId":"8y5ALZTU2BvkIrm4","workflowName":"General","executionId":"27","nodeType":"n8n-nodes-base.code","nodeName":"Code in JavaScript","nodeId":"9ad265ae-5dcc-402a-9191-c6e7792d671f"}}
{"__type":"$$EventMessageConfirm","confirm":"de31accb-206c-4997-affc-e0fe5803fc9b","ts":"2025-12-06T18:43:02.439-05:00","source":{"id":"0","name":"eventBus"}}
{"__type":"$$EventMessageNode","id":"0bb9bceb-567f-45b8-b5b5-4704dfc4fc82","ts":"2025-12-06T18:43:02.441-05:00","eventName":"n8n.node.started","message":"n8n.node.started","payload":{"workflowId":"8y5ALZTU2BvkIrm4","workflowName":"General","executionId":"27","nodeType":"n8n-nodes-base.function","nodeName":"💡 Generate Travel Recommendations","nodeId":"300dd062-67fe-4694-b4db-81170145ca24"}}
{"__type":"$$EventMessageConfirm","confirm":"0bb9bceb-567f-45b8-b5b5-4704dfc4fc82","ts":"2025-12-06T18:43:02.441-05:00","source":{"id":"0","name":"eventBus"}}
{"__type":"$$EventMessageNode","id":"50408b8d-4970-4ef9-b378-f0d28ad612c6","ts":"2025-12-06T18:43:02.451-05:00","eventName":"n8n.node.finished","message":"n8n.node.finished","payload":{"workflowId":"8y5ALZTU2BvkIrm4","workflowName":"General","executionId":"27","nodeType":"n8n-nodes-base.function","nodeName":"💡 Generate Travel Recommendations","nodeId":"300dd062-67fe-4694-b4db-81170145ca24"}}
{"__type":"$$EventMessageConfirm","confirm":"50408b8d-4970-4ef9-b378-f0d28ad612c6","ts":"2025-12-06T18:43:02.451-05:00","source":{"id":"0","name":"eventBus"}}
{"__type":"$$EventMessageNode","id":"e5f36fbc-edbd-496b-a7c6-33fe66c9ee25","ts":"2025-12-06T18:43:02.452-05:00","eventName":"n8n.node.started","message":"n8n.node.started","payload":{"workflowId":"8y5ALZTU2BvkIrm4","workflowName":"General","executionId":"27","nodeType":"n8n-nodes-base.supabase","nodeName":"💾 Supabase Storage","nodeId":"5decf8b0-d187-4260-9cad-7841d180e7bb"}}
{"__type":"$$EventMessageConfirm","confirm":"e5f36fbc-edbd-496b-a7c6-33fe66c9ee25","ts":"2025-12-06T18:43:02.452-05:00","source":{"id":"0","name":"eventBus"}}
{"__type":"$$EventMessageNode","id":"3ba5aca1-f08b-4d20-93c9-79ed0245e331","ts":"2025-12-06T18:43:02.733-05:00","eventName":"n8n.node.finished","message":"n8n.node.finished","payload":{"workflowId":"8y5ALZTU2BvkIrm4","workflowName":"General","executionId":"26","nodeType":"n8n-nodes-base.supabase","nodeName":"💾 Supabase Storage","nodeId":"5decf8b0-d187-4260-9cad-7841d180e7bb"}}
{"__type":"$$EventMessageConfirm","confirm":"3ba5aca1-f08b-4d20-93c9-79ed0245e331","ts":"2025-12-06T18:43:02.734-05:00","source":{"id":"0","name":"eventBus"}}
{"__type":"$$EventMessageNode","id":"148a6593-af71-4e23-bae8-5ef0f240c70a","ts":"2025-12-06T18:43:02.734-05:00","eventName":"n8n.node.started","message":"n8n.node.started","payload":{"workflowId":"8y5ALZTU2BvkIrm4","workflowName":"General","executionId":"26","nodeType":"n8n-nodes-base.code","nodeName":"Code in JavaScript1","nodeId":"fa6afa75-0195-4c00-9736-9fa0dfb030c1"}}
{"__type":"$$EventMessageConfirm","confirm":"148a6593-af71-4e23-bae8-5ef0f240c70a","ts":"2025-12-06T18:43:02.734-05:00","source":{"id":"0","name":"eventBus"}}
{"__type":"$$EventMessageNode","id":"0edd5eae-6a2c-4a31-883f-a5b7a132212c","ts":"2025-12-06T18:43:02.741-05:00","eventName":"n8n.node.finished","message":"n8n.node.finished","payload":{"workflowId":"8y5ALZTU2BvkIrm4","workflowName":"General","executionId":"26","nodeType":"n8n-nodes-base.code","nodeName":"Code in JavaScript1","nodeId":"fa6afa75-0195-4c00-9736-9fa0dfb030c1"}}
{"__type":"$$EventMessageConfirm","confirm":"0edd5eae-6a2c-4a31-883f-a5b7a132212c","ts":"2025-12-06T18:43:02.741-05:00","source":{"id":"0","name":"eventBus"}}
{"__type":"$$EventMessageNode","id":"f5cea523-ae24-44f1-ab4d-aa04bff2d375","ts":"2025-12-06T18:43:02.741-05:00","eventName":"n8n.node.started","message":"n8n.node.started","payload":{"workflowId":"8y5ALZTU2BvkIrm4","workflowName":"General","executionId":"26","nodeType":"n8n-nodes-base.if","nodeName":"🎯 Check Great Deal","nodeId":"2d5f8692-815e-4325-a900-48f6502f5fc0"}}
{"__type":"$$EventMessageConfirm","confirm":"f5cea523-ae24-44f1-ab4d-aa04bff2d375","ts":"2025-12-06T18:43:02.741-05:00","source":{"id":"0","name":"eventBus"}}
{"__type":"$$EventMessageNode","id":"e6415b1c-78cf-4a59-998b-de73296e89c2","ts":"2025-12-06T18:43:02.743-05:00","eventName":"n8n.node.finished","message":"n8n.node.finished","payload":{"workflowId":"8y5ALZTU2BvkIrm4","workflowName":"General","executionId":"26","nodeType":"n8n-nodes-base.if","nodeName":"🎯 Check Great Deal","nodeId":"2d5f8692-815e-4325-a900-48f6502f5fc0"}}
{"__type":"$$EventMessageConfirm","confirm":"e6415b1c-78cf-4a59-998b-de73296e89c2","ts":"2025-12-06T18:43:02.743-05:00","source":{"id":"0","name":"eventBus"}}
{"__type":"$$EventMessageNode","id":"31836388-e7f3-43c6-990f-17932efd3f50","ts":"2025-12-06T18:43:02.743-05:00","eventName":"n8n.node.started","message":"n8n.node.started","payload":{"workflowId":"8y5ALZTU2BvkIrm4","workflowName":"General","executionId":"26","nodeType":"n8n-nodes-base.respondToWebhook","nodeName":"Respond to Webhook1","nodeId":"21d30c3a-21ce-476e-a3c4-2813894cc904"}}
{"__type":"$$EventMessageConfirm","confirm":"31836388-e7f3-43c6-990f-17932efd3f50","ts":"2025-12-06T18:43:02.743-05:00","source":{"id":"0","name":"eventBus"}}
{"__type":"$$EventMessageNode","id":"3b96ee19-5015-4ed8-9e01-32db781cb0a2","ts":"2025-12-06T18:43:02.745-05:00","eventName":"n8n.node.finished","message":"n8n.node.finished","payload":{"workflowId":"8y5ALZTU2BvkIrm4","workflowName":"General","executionId":"26","nodeType":"n8n-nodes-base.respondToWebhook","nodeName":"Respond to Webhook1","nodeId":"21d30c3a-21ce-476e-a3c4-2813894cc904"}}
{"__type":"$$EventMessageConfirm","confirm":"3b96ee19-5015-4ed8-9e01-32db781cb0a2","ts":"2025-12-06T18:43:02.745-05:00","source":{"id":"0","name":"eventBus"}}
{"__type":"$$EventMessageWorkflow","id":"55ca1696-3f63-49f1-b3e9-e79a62c6ae2e","ts":"2025-12-06T18:43:02.745-05:00","eventName":"n8n.workflow.success","message":"n8n.workflow.success","payload":{"executionId":"26","success":true,"isManual":false,"workflowId":"8y5ALZTU2BvkIrm4","workflowName":"General"}}
{"__type":"$$EventMessageConfirm","confirm":"55ca1696-3f63-49f1-b3e9-e79a62c6ae2e","ts":"2025-12-06T18:43:02.745-05:00","source":{"id":"0","name":"eventBus"}}
{"__type":"$$EventMessageWorkflow","id":"2efc93b6-1757-4ed0-b908-5e97286089eb","ts":"2025-12-06T18:43:02.911-05:00","eventName":"n8n.workflow.started","message":"n8n.workflow.started","payload":{"executionId":"32","workflowId":"8y5ALZTU2BvkIrm4","isManual":false,"workflowName":"General"}}
{"__type":"$$EventMessageConfirm","confirm":"2efc93b6-1757-4ed0-b908-5e97286089eb","ts":"2025-12-06T18:43:02.911-05:00","source":{"id":"0","name":"eventBus"}}
{"__type":"$$EventMessageNode","id":"aea9d6d2-504f-4225-8848-ef9083f768ad","ts":"2025-12-06T18:43:02.911-05:00","eventName":"n8n.node.started","message":"n8n.node.started","payload":{"workflowId":"8y5ALZTU2BvkIrm4","workflowName":"General","executionId":"32","nodeType":"n8n-nodes-base.webhook","nodeName":"📱 Streamlit Webhook","nodeId":"ae8059ee-5c26-4af5-83ea-0b147821a989"}}
{"__type":"$$EventMessageConfirm","confirm":"aea9d6d2-504f-4225-8848-ef9083f768ad","ts":"2025-12-06T18:43:02.911-05:00","source":{"id":"0","name":"eventBus"}}
{"__type":"$$EventMessageNode","id":"ebc351f3-c1bb-4431-bc6e-345ebdc14d25","ts":"2025-12-06T18:43:02.911-05:00","eventName":"n8n.node.finished","message":"n8n.node.finished","payload":{"workflowId":"8y5ALZTU2BvkIrm4","workflowName":"General","executionId":"32","nodeType":"n8n-nodes-base.webhook","nodeName":"📱 Streamlit Webhook","nodeId":"ae8059ee-5c26-4af5-83ea-0b147821a989"}}
{"__type":"$$EventMessageConfirm","confirm":"ebc351f3-c1bb-4431-bc6e-345ebdc14d25","ts":"2025-12-06T18:43:02.911-05:00","source":{"id":"0","name":"eventBus"}}
{"__type":"$$EventMessageNode","id":"920a7ce6-d7f7-46c1-9c25-11f090a8a5d8","ts":"2025-12-06T18:43:02.911-05:00","eventName":"n8n.node.started","message":"n8n.node.started","payload":{"workflowId":"8y5ALZTU2BvkIrm4","workflowName":"General","executionId":"32","nodeType":"n8n-nodes-base.function","nodeName":"Process Travel Data","nodeId":"02497c10-01cd-4448-8373-576a8cdff0cf"}}
{"__type":"$$EventMessageConfirm","confirm":"920a7ce6-d7f7-46c1-9c25-11f090a8a5d8","ts":"2025-12-06T18:43:02.911-05:00","source":{"id":"0","name":"eventBus"}}
{"__type":"$$EventMessageNode","id":"379b5217-bc3f-4406-a8b1-1245a0de3997","ts":"2025-12-06T18:43:02.922-05:00","eventName":"n8n.node.finished","message":"n8n.node.finished","payload":{"workflowId":"8y5ALZTU2BvkIrm4","workflowName":"General","executionId":"32","nodeType":"n8n-nodes-base.function","nodeName":"Process Travel Data","nodeId":"02497c10-01cd-4448-8373-576a8cdff0cf"}}
{"__type":"$$EventMessageConfirm","confirm":"379b5217-bc3f-4406-a8b1-1245a0de3997","ts":"2025-12-06T18:43:02.922-05:00","source":{"id":"0","name":"eventBus"}}
{"__type":"$$EventMessageNode","id":"20be3b17-8dd8-4392-916e-8e571db8a46a","ts":"2025-12-06T18:43:02.923-05:00","eventName":"n8n.node.started","message":"n8n.node.started","payload":{"workflowId":"8y5ALZTU2BvkIrm4","workflowName":"General","executionId":"32","nodeType":"n8n-nodes-base.httpRequest","nodeName":"✈️ Skyscanner Flights","nodeId":"6d1d14dd-30a6-4993-a0b8-2e926b5e6f7d"}}
{"__type":"$$EventMessageConfirm","confirm":"20be3b17-8dd8-4392-916e-8e571db8a46a","ts":"2025-12-06T18:43:02.923-05:00","source":{"id":"0","name":"eventBus"}}
{"__type":"$$EventMessageWorkflow","id":"140b3386-1d54-4a97-95a3-ec4540a99853","ts":"2025-12-06T18:43:02.936-05:00","eventName":"n8n.workflow.started","message":"n8n.workflow.started","payload":{"executionId":"30","workflowId":"8y5ALZTU2BvkIrm4","isManual":false,"workflowName":"General"}}
{"__type":"$$EventMessageConfirm","confirm":"140b3386-1d54-4a97-95a3-ec4540a99853","ts":"2025-12-06T18:43:02.936-05:00","source":{"id":"0","name":"eventBus"}}
{"__type":"$$EventMessageNode","id":"19f2007e-7e1d-4ff3-9957-278c1b8731d6","ts":"2025-12-06T18:43:02.937-05:00","eventName":"n8n.node.started","message":"n8n.node.started","payload":{"workflowId":"8y5ALZTU2BvkIrm4","workflowName":"General","executionId":"30","nodeType":"n8n-nodes-base.webhook","nodeName":"📱 Streamlit Webhook","nodeId":"ae8059ee-5c26-4af5-83ea-0b147821a989"}}
{"__type":"$$EventMessageConfirm","confirm":"19f2007e-7e1d-4ff3-9957-278c1b8731d6","ts":"2025-12-06T18:43:02.937-05:00","source":{"id":"0","name":"eventBus"}}
{"__type":"$$EventMessageNode","id":"64047ce5-9536-4a29-98be-e22f4eb4a774","ts":"2025-12-06T18:43:02.937-05:00","eventName":"n8n.node.finished","message":"n8n.node.finished","payload":{"workflowId":"8y5ALZTU2BvkIrm4","workflowName":"General","executionId":"30","nodeType":"n8n-nodes-base.webhook","nodeName":"📱 Streamlit Webhook","nodeId":"ae8059ee-5c26-4af5-83ea-0b147821a989"}}
{"__type":"$$EventMessageConfirm","confirm":"64047ce5-9536-4a29-98be-e22f4eb4a774","ts":"2025-12-06T18:43:02.937-05:00","source":{"id":"0","name":"eventBus"}}
{"__type":"$$EventMessageNode","id":"8e550d0a-015e-4e4b-bca9-cb3ef41b145b","ts":"2025-12-06T18:43:02.937-05:00","eventName":"n8n.node.started","message":"n8n.node.started","payload":{"workflowId":"8y5ALZTU2BvkIrm4","workflowName":"General","executionId":"30","nodeType":"n8n-nodes-base.function","nodeName":"Process Travel Data","nodeId":"02497c10-01cd-4448-8373-576a8cdff0cf"}}
{"__type":"$$EventMessageConfirm","confirm":"8e550d0a-015e-4e4b-bca9-cb3ef41b145b","ts":"2025-12-06T18:43:02.937-05:00","source":{"id":"0","name":"eventBus"}}
{"__type":"$$EventMessageNode","id":"4b762981-a33f-4c7f-ba93-3337acf31804","ts":"2025-12-06T18:43:02.945-05:00","eventName":"n8n.node.finished","message":"n8n.node.finished","payload":{"workflowId":"8y5ALZTU2BvkIrm4","workflowName":"General","executionId":"30","nodeType":"n8n-nodes-base.function","nodeName":"Process Travel Data","nodeId":"02497c10-01cd-4448-8373-576a8cdff0cf"}}
{"__type":"$$EventMessageConfirm","confirm":"4b762981-a33f-4c7f-ba93-3337acf31804","ts":"2025-12-06T18:43:02.945-05:00","source":{"id":"0","name":"eventBus"}}
{"__type":"$$EventMessageNode","id":"232b1197-a0fb-4067-960e-8b82bfd15146","ts":"2025-12-06T18:43:02.945-05:00","eventName":"n8n.node.started","message":"n8n.node.started","payload":{"workflowId":"8y5ALZTU2BvkIrm4","workflowName":"General","executionId":"30","nodeType":"n8n-nodes-base.httpRequest","nodeName":"✈️ Skyscanner Flights","nodeId":"6d1d14dd-30a6-4993-a0b8-2e926b5e6f7d"}}
{"__type":"$$EventMessageConfirm","confirm":"232b1197-a0fb-4067-960e-8b82bfd15146","ts":"2025-12-06T18:43:02.945-05:00","source":{"id":"0","name":"eventBus"}}
{"__type":"$$EventMessageWorkflow","id":"c4c7e64b-a5a4-46de-b5fd-a54b857f2831","ts":"2025-12-06T18:43:02.962-05:00","eventName":"n8n.workflow.started","message":"n8n.workflow.started","payload":{"executionId":"33","workflowId":"8y5ALZTU2BvkIrm4","isManual":false,"workflowName":"General"}}
{"__type":"$$EventMessageConfirm","confirm":"c4c7e64b-a5a4-46de-b5fd-a54b857f2831","ts":"2025-12-06T18:43:02.962-05:00","source":{"id":"0","name":"eventBus"}}
{"__type":"$$EventMessageNode","id":"67cef419-4c64-4380-8fba-c8e9273f1abf","ts":"2025-12-06T18:43:02.962-05:00","eventName":"n8n.node.started","message":"n8n.node.started","payload":{"workflowId":"8y5ALZTU2BvkIrm4","workflowName":"General","executionId":"33","nodeType":"n8n-nodes-base.webhook","nodeName":"📱 Streamlit Webhook","nodeId":"ae8059ee-5c26-4af5-83ea-0b147821a989"}}
{"__type":"$$EventMessageConfirm","confirm":"67cef419-4c64-4380-8fba-c8e9273f1abf","ts":"2025-12-06T18:43:02.962-05:00","source":{"id":"0","name":"eventBus"}}
{"__type":"$$EventMessageNode","id":"1f421bd3-fea9-4380-bfff-460558a5b27b","ts":"2025-12-06T18:43:02.962-05:00","eventName":"n8n.node.finished","message":"n8n.node.finished","payload":{"workflowId":"8y5ALZTU2BvkIrm4","workflowName":"General","executionId":"33","nodeType":"n8n-nodes-base.webhook","nodeName":"📱 Streamlit Webhook","nodeId":"ae8059ee-5c26-4af5-83ea-0b147821a989"}}
{"__type":"$$EventMessageConfirm","confirm":"1f421bd3-fea9-4380-bfff-460558a5b27b","ts":"2025-12-06T18:43:02.963-05:00","source":{"id":"0","name":"eventBus"}}
{"__type":"$$EventMessageNode","id":"da3c633a-e2ed-4c2a-b064-ac82cf4ff755","ts":"2025-12-06T18:43:02.963-05:00","eventName":"n8n.node.started","message":"n8n.node.started","payload":{"workflowId":"8y5ALZTU2BvkIrm4","workflowName":"General","executionId":"33","nodeType":"n8n-nodes-base.function","nodeName":"Process Travel Data","nodeId":"02497c10-01cd-4448-8373-576a8cdff0cf"}}
{"__type":"$$EventMessageConfirm","confirm":"da3c633a-e2ed-4c2a-b064-ac82cf4ff755","ts":"2025-12-06T18:43:02.963-05:00","source":{"id":"0","name":"eventBus"}}
{"__type":"$$EventMessageNode","id":"53e7e78a-134d-4caf-9cc5-0c99c78d2f6f","ts":"2025-12-06T18:43:02.968-05:00","eventName":"n8n.node.finished","message":"n8n.node.finished","payload":{"workflowId":"8y5ALZTU2BvkIrm4","workflowName":"General","executionId":"33","nodeType":"n8n-nodes-base.function","nodeName":"Process Travel Data","nodeId":"02497c10-01cd-4448-8373-576a8cdff0cf"}}
{"__type":"$$EventMessageConfirm","confirm":"53e7e78a-134d-4caf-9cc5-0c99c78d2f6f","ts":"2025-12-06T18:43:02.968-05:00","source":{"id":"0","name":"eventBus"}}
{"__type":"$$EventMessageNode","id":"8df4ba5b-c76f-452d-a15a-ff2586ac87a0","ts":"2025-12-06T18:43:02.968-05:00","eventName":"n8n.node.started","message":"n8n.node.started","payload":{"workflowId":"8y5ALZTU2BvkIrm4","workflowName":"General","executionId":"33","nodeType":"n8n-nodes-base.httpRequest","nodeName":"✈️ Skyscanner Flights","nodeId":"6d1d14dd-30a6-4993-a0b8-2e926b5e6f7d"}}
{"__type":"$$EventMessageConfirm","confirm":"8df4ba5b-c76f-452d-a15a-ff2586ac87a0","ts":"2025-12-06T18:43:02.968-05:00","source":{"id":"0","name":"eventBus"}}
{"__type":"$$EventMessageWorkflow","id":"b8379bd3-7122-47e6-87cc-458d055d7167","ts":"2025-12-06T18:43:02.976-05:00","eventName":"n8n.workflow.started","message":"n8n.workflow.started","payload":{"executionId":"31","workflowId":"8y5ALZTU2BvkIrm4","isManual":false,"workflowName":"General"}}
{"__type":"$$EventMessageConfirm","confirm":"b8379bd3-7122-47e6-87cc-458d055d7167","ts":"2025-12-06T18:43:02.976-05:00","source":{"id":"0","name":"eventBus"}}
{"__type":"$$EventMessageNode","id":"06eaf4d0-c990-4587-bcde-ea6f1c0c1601","ts":"2025-12-06T18:43:02.976-05:00","eventName":"n8n.node.started","message":"n8n.node.started","payload":{"workflowId":"8y5ALZTU2BvkIrm4","workflowName":"General","executionId":"31","nodeType":"n8n-nodes-base.webhook","nodeName":"📱 Streamlit Webhook","nodeId":"ae8059ee-5c26-4af5-83ea-0b147821a989"}}
{"__type":"$$EventMessageConfirm","confirm":"06eaf4d0-c990-4587-bcde-ea6f1c0c1601","ts":"2025-12-06T18:43:02.976-05:00","source":{"id":"0","name":"eventBus"}}
{"__type":"$$EventMessageNode","id":"03998b74-7a01-496c-8b5c-0c565bc5dba9","ts":"2025-12-06T18:43:02.976-05:00","eventName":"n8n.node.finished","message":"n8n.node.finished","payload":{"workflowId":"8y5ALZTU2BvkIrm4","workflowName":"General","executionId":"31","nodeType":"n8n-nodes-base.webhook","nodeName":"📱 Streamlit Webhook","nodeId":"ae8059ee-5c26-4af5-83ea-0b147821a989"}}
{"__type":"$$EventMessageConfirm","confirm":"03998b74-7a01-496c-8b5c-0c565bc5dba9","ts":"2025-12-06T18:43:02.976-05:00","source":{"id":"0","name":"eventBus"}}
{"__type":"$$EventMessageNode","id":"0d0380da-a642-44f9-ba37-96e6dceb2bf0","ts":"2025-12-06T18:43:02.976-05:00","eventName":"n8n.node.started","message":"n8n.node.started","payload":{"workflowId":"8y5ALZTU2BvkIrm4","workflowName":"General","executionId":"31","nodeType":"n8n-nodes-base.function","nodeName":"Process Travel Data","nodeId":"02497c10-01cd-4448-8373-576a8cdff0cf"}}
{"__type":"$$EventMessageConfirm","confirm":"0d0380da-a642-44f9-ba37-96e6dceb2bf0","ts":"2025-12-06T18:43:02.976-05:00","source":{"id":"0","name":"eventBus"}}
{"__type":"$$EventMessageNode","id":"c9207a42-acdb-43fa-b254-2d61b9d96667","ts":"2025-12-06T18:43:02.984-05:00","eventName":"n8n.node.finished","message":"n8n.node.finished","payload":{"workflowId":"8y5ALZTU2BvkIrm4","workflowName":"General","executionId":"31","nodeType":"n8n-nodes-base.function","nodeName":"Process Travel Data","nodeId":"02497c10-01cd-4448-8373-576a8cdff0cf"}}
{"__type":"$$EventMessageConfirm","confirm":"c9207a42-acdb-43fa-b254-2d61b9d96667","ts":"2025-12-06T18:43:02.984-05:00","source":{"id":"0","name":"eventBus"}}
{"__type":"$$EventMessageNode","id":"22902515-1517-4baf-895b-b7c8d64ac59e","ts":"2025-12-06T18:43:02.984-05:00","eventName":"n8n.node.started","message":"n8n.node.started","payload":{"workflowId":"8y5ALZTU2BvkIrm4","workflowName":"General","executionId":"31","nodeType":"n8n-nodes-base.httpRequest","nodeName":"✈️ Skyscanner Flights","nodeId":"6d1d14dd-30a6-4993-a0b8-2e926b5e6f7d"}}
{"__type":"$$EventMessageConfirm","confirm":"22902515-1517-4baf-895b-b7c8d64ac59e","ts":"2025-12-06T18:43:02.984-05:00","source":{"id":"0","name":"eventBus"}}
{"__type":"$$EventMessageNode","id":"e0da28ee-1fad-4aa6-b765-0d84cefe8ba8","ts":"2025-12-06T18:43:02.991-05:00","eventName":"n8n.node.finished","message":"n8n.node.finished","payload":{"workflowId":"8y5ALZTU2BvkIrm4","workflowName":"General","executionId":"28","nodeType":"n8n-nodes-base.httpRequest","nodeName":"✈️ Skyscanner Flights","nodeId":"6d1d14dd-30a6-4993-a0b8-2e926b5e6f7d"}}
{"__type":"$$EventMessageConfirm","confirm":"e0da28ee-1fad-4aa6-b765-0d84cefe8ba8","ts":"2025-12-06T18:43:02.992-05:00","source":{"id":"0","name":"eventBus"}}
{"__type":"$$EventMessageNode","id":"b8013fd2-a7fd-499e-934e-9f701360cb5e","ts":"2025-12-06T18:43:02.992-05:00","eventName":"n8n.node.started","message":"n8n.node.started","payload":{"workflowId":"8y5ALZTU2BvkIrm4","workflowName":"General","executionId":"28","nodeType":"n8n-nodes-base.httpRequest","nodeName":"🗝️ Amadeus Auth Token","nodeId":"ddee2ef7-119f-4f23-8649-7285c81ad086"}}
{"__type":"$$EventMessageConfirm","confirm":"b8013fd2-a7fd-499e-934e-9f701360cb5e","ts":"2025-12-06T18:43:02.992-05:00","source":{"id":"0","name":"eventBus"}}
{"__type":"$$EventMessageWorkflow","id":"d35e281e-a916-4665-b21e-54b9b513778c","ts":"2025-12-06T18:43:02.996-05:00","eventName":"n8n.workflow.started","message":"n8n.workflow.started","payload":{"executionId":"29","workflowId":"8y5ALZTU2BvkIrm4","isManual":false,"workflowName":"General"}}
{"__type":"$$EventMessageConfirm","confirm":"d35e281e-a916-4665-b21e-54b9b513778c","ts":"2025-12-06T18:43:02.996-05:00","source":{"id":"0","name":"eventBus"}}
{"__type":"$$EventMessageNode","id":"8ab77b7a-938e-45a3-9c96-4ebf18b39c80","ts":"2025-12-06T18:43:02.997-05:00","eventName":"n8n.node.started","message":"n8n.node.started","payload":{"workflowId":"8y5ALZTU2BvkIrm4","workflowName":"General","executionId":"29","nodeType":"n8n-nodes-base.webhook","nodeName":"📱 Streamlit Webhook","nodeId":"ae8059ee-5c26-4af5-83ea-0b147821a989"}}
{"__type":"$$EventMessageConfirm","confirm":"8ab77b7a-938e-45a3-9c96-4ebf18b39c80","ts":"2025-12-06T18:43:02.997-05:00","source":{"id":"0","name":"eventBus"}}
{"__type":"$$EventMessageNode","id":"3f4188a2-e00f-400b-b549-5a67d4e52e5f","ts":"2025-12-06T18:43:02.997-05:00","eventName":"n8n.node.finished","message":"n8n.node.finished","payload":{"workflowId":"8y5ALZTU2BvkIrm4","workflowName":"General","executionId":"29","nodeType":"n8n-nodes-base.webhook","nodeName":"📱 Streamlit Webhook","nodeId":"ae8059ee-5c26-4af5-83ea-0b147821a989"}}
{"__type":"$$EventMessageConfirm","confirm":"3f4188a2-e00f-400b-b549-5a67d4e52e5f","ts":"2025-12-06T18:43:02.997-05:00","source":{"id":"0","name":"eventBus"}}
{"__type":"$$EventMessageNode","id":"ebb2ea63-5702-4e9b-a742-186a31c1f1be","ts":"2025-12-06T18:43:02.998-05:00","eventName":"n8n.node.started","message":"n8n.node.started","payload":{"workflowId":"8y5ALZTU2BvkIrm4","workflowName":"General","executionId":"29","nodeType":"n8n-nodes-base.function","nodeName":"Process Travel Data","nodeId":"02497c10-01cd-4448-8373-576a8cdff0cf"}}
{"__type":"$$EventMessageConfirm","confirm":"ebb2ea63-5702-4e9b-a742-186a31c1f1be","ts":"2025-12-06T18:43:02.998-05:00","source":{"id":"0","name":"eventBus"}}
{"__type":"$$EventMessageNode","id":"4be353ec-1579-41a2-9b5d-2a474276468f","ts":"2025-12-06T18:43:03.004-05:00","eventName":"n8n.node.finished","message":"n8n.node.finished","payload":{"workflowId":"8y5ALZTU2BvkIrm4","workflowName":"General","executionId":"29","nodeType":"n8n-nodes-base.function","nodeName":"Process Travel Data","nodeId":"02497c10-01cd-4448-8373-576a8cdff0cf"}}
{"__type":"$$EventMessageConfirm","confirm":"4be353ec-1579-41a2-9b5d-2a474276468f","ts":"2025-12-06T18:43:03.004-05:00","source":{"id":"0","name":"eventBus"}}
{"__type":"$$EventMessageNode","id":"d868a266-1731-4d3e-82bf-790cf7cd5fc3","ts":"2025-12-06T18:43:03.004-05:00","eventName":"n8n.node.started","message":"n8n.node.started","payload":{"workflowId":"8y5ALZTU2BvkIrm4","workflowName":"General","executionId":"29","nodeType":"n8n-nodes-base.httpRequest","nodeName":"✈️ Skyscanner Flights","nodeId":"6d1d14dd-30a6-4993-a0b8-2e926b5e6f7d"}}
{"__type":"$$EventMessageConfirm","confirm":"d868a266-1731-4d3e-82bf-790cf7cd5fc3","ts":"2025-12-06T18:43:03.004-05:00","source":{"id":"0","name":"eventBus"}}
{"__type":"$$EventMessageWorkflow","id":"00d3f69e-fd31-49a9-8d70-9cdd5e42b149","ts":"2025-12-06T18:43:03.237-05:00","eventName":"n8n.workflow.started","message":"n8n.workflow.started","payload":{"executionId":"34","workflowId":"8y5ALZTU2BvkIrm4","isManual":false,"workflowName":"General"}}
{"__type":"$$EventMessageConfirm","confirm":"00d3f69e-fd31-49a9-8d70-9cdd5e42b149","ts":"2025-12-06T18:43:03.237-05:00","source":{"id":"0","name":"eventBus"}}
{"__type":"$$EventMessageNode","id":"0f570e86-2b77-47c0-8cbf-0ee673d56737","ts":"2025-12-06T18:43:03.237-05:00","eventName":"n8n.node.started","message":"n8n.node.started","payload":{"workflowId":"8y5ALZTU2BvkIrm4","workflowName":"General","executionId":"34","nodeType":"n8n-nodes-base.webhook","nodeName":"📱 Streamlit Webhook","nodeId":"ae8059ee-5c26-4af5-83ea-0b147821a989"}}
{"__type":"$$EventMessageConfirm","confirm":"0f570e86-2b77-47c0-8cbf-0ee673d56737","ts":"2025-12-06T18:43:03.237-05:00","source":{"id":"0","name":"eventBus"}}
{"__type":"$$EventMessageNode","id":"e9bbd1fb-5d2f-4098-820a-8fe5835c6a36","ts":"2025-12-06T18:43:03.238-05:00","eventName":"n8n.node.finished","message":"n8n.node.finished","payload":{"workflowId":"8y5ALZTU2BvkIrm4","workflowName":"General","executionId":"34","nodeType":"n8n-nodes-base.webhook","nodeName":"📱 Streamlit Webhook","nodeId":"ae8059ee-5c26-4af5-83ea-0b147821a989"}}
{"__type":"$$EventMessageConfirm","confirm":"e9bbd1fb-5d2f-4098-820a-8fe5835c6a36","ts":"2025-12-06T18:43:03.238-05:00","source":{"id":"0","name":"eventBus"}}
{"__type":"$$EventMessageNode","id":"030cdcc5-ccc3-45ad-bdb1-3c9061821e7a","ts":"2025-12-06T18:43:03.238-05:00","eventName":"n8n.node.started","message":"n8n.node.started","payload":{"workflowId":"8y5ALZTU2BvkIrm4","workflowName":"General","executionId":"34","nodeType":"n8n-nodes-base.function","nodeName":"Process Travel Data","nodeId":"02497c10-01cd-4448-8373-576a8cdff0cf"}}
{"__type":"$$EventMessageConfirm","confirm":"030cdcc5-ccc3-45ad-bdb1-3c9061821e7a","ts":"2025-12-06T18:43:03.238-05:00","source":{"id":"0","name":"eventBus"}}
{"__type":"$$EventMessageNode","id":"961e7352-55e7-4045-ae05-44c8735ea331","ts":"2025-12-06T18:43:03.246-05:00","eventName":"n8n.node.finished","message":"n8n.node.finished","payload":{"workflowId":"8y5ALZTU2BvkIrm4","workflowName":"General","executionId":"34","nodeType":"n8n-nodes-base.function","nodeName":"Process Travel Data","nodeId":"02497c10-01cd-4448-8373-576a8cdff0cf"}}
{"__type":"$$EventMessageConfirm","confirm":"961e7352-55e7-4045-ae05-44c8735ea331","ts":"2025-12-06T18:43:03.246-05:00","source":{"id":"0","name":"eventBus"}}
{"__type":"$$EventMessageNode","id":"37dab3e2-5624-4582-9e45-6bafcf1f256f","ts":"2025-12-06T18:43:03.246-05:00","eventName":"n8n.node.started","message":"n8n.node.started","payload":{"workflowId":"8y5ALZTU2BvkIrm4","workflowName":"General","executionId":"34","nodeType":"n8n-nodes-base.httpRequest","nodeName":"✈️ Skyscanner Flights","nodeId":"6d1d14dd-30a6-4993-a0b8-2e926b5e6f7d"}}
{"__type":"$$EventMessageConfirm","confirm":"37dab3e2-5624-4582-9e45-6bafcf1f256f","ts":"2025-12-06T18:43:03.246-05:00","source":{"id":"0","name":"eventBus"}}
{"__type":"$$EventMessageNode","id":"22841040-2243-4611-ab76-401e45576f41","ts":"2025-12-06T18:43:03.516-05:00","eventName":"n8n.node.finished","message":"n8n.node.finished","payload":{"workflowId":"8y5ALZTU2BvkIrm4","workflowName":"General","executionId":"25","nodeType":"n8n-nodes-base.supabase","nodeName":"💾 Supabase Storage","nodeId":"5decf8b0-d187-4260-9cad-7841d180e7bb"}}
{"__type":"$$EventMessageConfirm","confirm":"22841040-2243-4611-ab76-401e45576f41","ts":"2025-12-06T18:43:03.517-05:00","source":{"id":"0","name":"eventBus"}}
{"__type":"$$EventMessageNode","id":"425872b7-8aac-4bd7-8b00-5142e5b03892","ts":"2025-12-06T18:43:03.517-05:00","eventName":"n8n.node.started","message":"n8n.node.started","payload":{"workflowId":"8y5ALZTU2BvkIrm4","workflowName":"General","executionId":"25","nodeType":"n8n-nodes-base.code","nodeName":"Code in JavaScript1","nodeId":"fa6afa75-0195-4c00-9736-9fa0dfb030c1"}}
{"__type":"$$EventMessageConfirm","confirm":"425872b7-8aac-4bd7-8b00-5142e5b03892","ts":"2025-12-06T18:43:03.517-05:00","source":{"id":"0","name":"eventBus"}}
{"__type":"$$EventMessageNode","id":"e3f24103-50d6-4c25-bf72-6d6baebf46cd","ts":"2025-12-06T18:43:03.522-05:00","eventName":"n8n.node.finished","message":"n8n.node.finished","payload":{"workflowId":"8y5ALZTU2BvkIrm4","workflowName":"General","executionId":"25","nodeType":"n8n-nodes-base.code","nodeName":"Code in JavaScript1","nodeId":"fa6afa75-0195-4c00-9736-9fa0dfb030c1"}}
{"__type":"$$EventMessageConfirm","confirm":"e3f24103-50d6-4c25-bf72-6d6baebf46cd","ts":"2025-12-06T18:43:03.522-05:00","source":{"id":"0","name":"eventBus"}}
{"__type":"$$EventMessageNode","id":"1a614a2c-415d-4117-a8ef-67fc4ec68268","ts":"2025-12-06T18:43:03.522-05:00","eventName":"n8n.node.started","message":"n8n.node.started","payload":{"workflowId":"8y5ALZTU2BvkIrm4","workflowName":"General","executionId":"25","nodeType":"n8n-nodes-base.if","nodeName":"🎯 Check Great Deal","nodeId":"2d5f8692-815e-4325-a900-48f6502f5fc0"}}
{"__type":"$$EventMessageConfirm","confirm":"1a614a2c-415d-4117-a8ef-67fc4ec68268","ts":"2025-12-06T18:43:03.522-05:00","source":{"id":"0","name":"eventBus"}}
{"__type":"$$EventMessageNode","id":"2645360c-c4f4-41ce-adad-59db869809ac","ts":"2025-12-06T18:43:03.523-05:00","eventName":"n8n.node.finished","message":"n8n.node.finished","payload":{"workflowId":"8y5ALZTU2BvkIrm4","workflowName":"General","executionId":"25","nodeType":"n8n-nodes-base.if","nodeName":"🎯 Check Great Deal","nodeId":"2d5f8692-815e-4325-a900-48f6502f5fc0"}}
{"__type":"$$EventMessageConfirm","confirm":"2645360c-c4f4-41ce-adad-59db869809ac","ts":"2025-12-06T18:43:03.523-05:00","source":{"id":"0","name":"eventBus"}}
{"__type":"$$EventMessageNode","id":"70fd37aa-9fca-4a09-a6bc-fb30da617c60","ts":"2025-12-06T18:43:03.524-05:00","eventName":"n8n.node.started","message":"n8n.node.started","payload":{"workflowId":"8y5ALZTU2BvkIrm4","workflowName":"General","executionId":"25","nodeType":"n8n-nodes-base.emailSend","nodeName":"Enviar Correo1","nodeId":"cae987c6-c9aa-4be8-abd1-aa4d4e16b230"}}
{"__type":"$$EventMessageConfirm","confirm":"70fd37aa-9fca-4a09-a6bc-fb30da617c60","ts":"2025-12-06T18:43:03.524-05:00","source":{"id":"0","name":"eventBus"}}
{"__type":"$$EventMessageNode","id":"37952710-d7fa-4b5e-aecb-50058213a4fb","ts":"2025-12-06T18:43:03.528-05:00","eventName":"n8n.node.finished","message":"n8n.node.finished","payload":{"workflowId":"8y5ALZTU2BvkIrm4","workflowName":"General","executionId":"27","nodeType":"n8n-nodes-base.supabase","nodeName":"💾 Supabase Storage","nodeId":"5decf8b0-d187-4260-9cad-7841d180e7bb"}}
{"__type":"$$EventMessageConfirm","confirm":"37952710-d7fa-4b5e-aecb-50058213a4fb","ts":"2025-12-06T18:43:03.528-05:00","source":{"id":"0","name":"eventBus"}}
{"__type":"$$EventMessageNode","id":"a62ea250-4086-4366-ad15-af70c5f0c763","ts":"2025-12-06T18:43:03.528-05:00","eventName":"n8n.node.started","message":"n8n.node.started","payload":{"workflowId":"8y5ALZTU2BvkIrm4","workflowName":"General","executionId":"27","nodeType":"n8n-nodes-base.code","nodeName":"Code in JavaScript1","nodeId":"fa6afa75-0195-4c00-9736-9fa0dfb030c1"}}
{"__type":"$$EventMessageConfirm","confirm":"a62ea250-4086-4366-ad15-af70c5f0c763","ts":"2025-12-06T18:43:03.528-05:00","source":{"id":"0","name":"eventBus"}}
{"__type":"$$EventMessageNode","id":"173a3899-8ac9-4815-b700-3af062384c57","ts":"2025-12-06T18:43:03.538-05:00","eventName":"n8n.node.finished","message":"n8n.node.finished","payload":{"workflowId":"8y5ALZTU2BvkIrm4","workflowName":"General","executionId":"27","nodeType":"n8n-nodes-base.code","nodeName":"Code in JavaScript1","nodeId":"fa6afa75-0195-4c00-9736-9fa0dfb030c1"}}
{"__type":"$$EventMessageConfirm","confirm":"173a3899-8ac9-4815-b700-3af062384c57","ts":"2025-12-06T18:43:03.538-05:00","source":{"id":"0","name":"eventBus"}}
{"__type":"$$EventMessageNode","id":"2b3b4a9d-a921-4b55-9874-b2097497e35e","ts":"2025-12-06T18:43:03.539-05:00","eventName":"n8n.node.started","message":"n8n.node.started","payload":{"workflowId":"8y5ALZTU2BvkIrm4","workflowName":"General","executionId":"27","nodeType":"n8n-nodes-base.if","nodeName":"🎯 Check Great Deal","nodeId":"2d5f8692-815e-4325-a900-48f6502f5fc0"}}
{"__type":"$$EventMessageConfirm","confirm":"2b3b4a9d-a921-4b55-9874-b2097497e35e","ts":"2025-12-06T18:43:03.539-05:00","source":{"id":"0","name":"eventBus"}}
{"__type":"$$EventMessageNode","id":"3ece6805-53f8-40f2-8b29-4076b7bce270","ts":"2025-12-06T18:43:03.540-05:00","eventName":"n8n.node.finished","message":"n8n.node.finished","payload":{"workflowId":"8y5ALZTU2BvkIrm4","workflowName":"General","executionId":"27","nodeType":"n8n-nodes-base.if","nodeName":"🎯 Check Great Deal","nodeId":"2d5f8692-815e-4325-a900-48f6502f5fc0"}}
{"__type":"$$EventMessageConfirm","confirm":"3ece6805-53f8-40f2-8b29-4076b7bce270","ts":"2025-12-06T18:43:03.540-05:00","source":{"id":"0","name":"eventBus"}}
{"__type":"$$EventMessageNode","id":"67d37534-39b9-4f52-a59b-31eb9f6c947b","ts":"2025-12-06T18:43:03.540-05:00","eventName":"n8n.node.started","message":"n8n.node.started","payload":{"workflowId":"8y5ALZTU2BvkIrm4","workflowName":"General","executionId":"27","nodeType":"n8n-nodes-base.emailSend","nodeName":"Enviar Correo1","nodeId":"cae987c6-c9aa-4be8-abd1-aa4d4e16b230"}}
{"__type":"$$EventMessageConfirm","confirm":"67d37534-39b9-4f52-a59b-31eb9f6c947b","ts":"2025-12-06T18:43:03.540-05:00","source":{"id":"0","name":"eventBus"}}
{"__type":"$$EventMessageNode","id":"7a81c36b-28fe-44b0-bb9d-540112d21563","ts":"2025-12-06T18:43:04.061-05:00","eventName":"n8n.node.finished","message":"n8n.node.finished","payload":{"workflowId":"8y5ALZTU2BvkIrm4","workflowName":"General","executionId":"29","nodeType":"n8n-nodes-base.httpRequest","nodeName":"✈️ Skyscanner Flights","nodeId":"6d1d14dd-30a6-4993-a0b8-2e926b5e6f7d"}}
{"__type":"$$EventMessageConfirm","confirm":"7a81c36b-28fe-44b0-bb9d-540112d21563","ts":"2025-12-06T18:43:04.061-05:00","source":{"id":"0","name":"eventBus"}}
{"__type":"$$EventMessageNode","id":"14dbef97-162f-4e74-a960-4e5d6a402d86","ts":"2025-12-06T18:43:04.061-05:00","eventName":"n8n.node.started","message":"n8n.node.started","payload":{"workflowId":"8y5ALZTU2BvkIrm4","workflowName":"General","executionId":"29","nodeType":"n8n-nodes-base.httpRequest","nodeName":"🗝️ Amadeus Auth Token","nodeId":"ddee2ef7-119f-4f23-8649-7285c81ad086"}}
{"__type":"$$EventMessageConfirm","confirm":"14dbef97-162f-4e74-a960-4e5d6a402d86","ts":"2025-12-06T18:43:04.061-05:00","source":{"id":"0","name":"eventBus"}}
{"__type":"$$EventMessageNode","id":"14998033-70d2-4a7b-9d7f-b5ef21be500f","ts":"2025-12-06T18:43:04.132-05:00","eventName":"n8n.node.finished","message":"n8n.node.finished","payload":{"workflowId":"8y5ALZTU2BvkIrm4","workflowName":"General","executionId":"28","nodeType":"n8n-nodes-base.httpRequest","nodeName":"🗝️ Amadeus Auth Token","nodeId":"ddee2ef7-119f-4f23-8649-7285c81ad086"}}
{"__type":"$$EventMessageConfirm","confirm":"14998033-70d2-4a7b-9d7f-b5ef21be500f","ts":"2025-12-06T18:43:04.132-05:00","source":{"id":"0","name":"eventBus"}}
{"__type":"$$EventMessageNode","id":"30de4511-44a7-4532-853c-c0552b181aaf","ts":"2025-12-06T18:43:04.132-05:00","eventName":"n8n.node.started","message":"n8n.node.started","payload":{"workflowId":"8y5ALZTU2BvkIrm4","workflowName":"General","executionId":"28","nodeType":"n8n-nodes-base.httpRequest","nodeName":"🏨 Amadeus Hotels Search","nodeId":"335375c3-b2c4-488a-a187-5db699984bb5"}}
{"__type":"$$EventMessageConfirm","confirm":"30de4511-44a7-4532-853c-c0552b181aaf","ts":"2025-12-06T18:43:04.132-05:00","source":{"id":"0","name":"eventBus"}}
{"__type":"$$EventMessageNode","id":"b3a10308-6049-4882-a87f-9dde8984f064","ts":"2025-12-06T18:43:04.319-05:00","eventName":"n8n.node.finished","message":"n8n.node.finished","payload":{"workflowId":"8y5ALZTU2BvkIrm4","workflowName":"General","executionId":"32","nodeType":"n8n-nodes-base.httpRequest","nodeName":"✈️ Skyscanner Flights","nodeId":"6d1d14dd-30a6-4993-a0b8-2e926b5e6f7d"}}
{"__type":"$$EventMessageConfirm","confirm":"b3a10308-6049-4882-a87f-9dde8984f064","ts":"2025-12-06T18:43:04.320-05:00","source":{"id":"0","name":"eventBus"}}
{"__type":"$$EventMessageNode","id":"50c6d450-019f-4360-b43d-002e832d1d3e","ts":"2025-12-06T18:43:04.320-05:00","eventName":"n8n.node.started","message":"n8n.node.started","payload":{"workflowId":"8y5ALZTU2BvkIrm4","workflowName":"General","executionId":"32","nodeType":"n8n-nodes-base.httpRequest","nodeName":"🗝️ Amadeus Auth Token","nodeId":"ddee2ef7-119f-4f23-8649-7285c81ad086"}}
{"__type":"$$EventMessageConfirm","confirm":"50c6d450-019f-4360-b43d-002e832d1d3e","ts":"2025-12-06T18:43:04.320-05:00","source":{"id":"0","name":"eventBus"}}
{"__type":"$$EventMessageNode","id":"cb6a6dad-a2c4-4d84-986e-64bd9ed52bba","ts":"2025-12-06T18:43:04.368-05:00","eventName":"n8n.node.finished","message":"n8n.node.finished","payload":{"workflowId":"8y5ALZTU2BvkIrm4","workflowName":"General","executionId":"33","nodeType":"n8n-nodes-base.httpRequest","nodeName":"✈️ Skyscanner Flights","nodeId":"6d1d14dd-30a6-4993-a0b8-2e926b5e6f7d"}}
{"__type":"$$EventMessageConfirm","confirm":"cb6a6dad-a2c4-4d84-986e-64bd9ed52bba","ts":"2025-12-06T18:43:04.368-05:00","source":{"id":"0","name":"eventBus"}}
{"__type":"$$EventMessageNode","id":"4ce2c49f-4470-4c70-bcb0-c0ebf647f4e0","ts":"2025-12-06T18:43:04.368-05:00","eventName":"n8n.node.started","message":"n8n.node.started","payload":{"workflowId":"8y5ALZTU2BvkIrm4","workflowName":"General","executionId":"33","nodeType":"n8n-nodes-base.httpRequest","nodeName":"🗝️ Amadeus Auth Token","nodeId":"ddee2ef7-119f-4f23-8649-7285c81ad086"}}
{"__type":"$$EventMessageConfirm","confirm":"4ce2c49f-4470-4c70-bcb0-c0ebf647f4e0","ts":"2025-12-06T18:43:04.368-05:00","source":{"id":"0","name":"eventBus"}}
{"__type":"$$EventMessageNode","id":"66b2c5af-f28a-4f77-80d3-9fc644dad0a6","ts":"2025-12-06T18:43:04.427-05:00","eventName":"n8n.node.finished","message":"n8n.node.finished","payload":{"workflowId":"8y5ALZTU2BvkIrm4","workflowName":"General","executionId":"31","nodeType":"n8n-nodes-base.httpRequest","nodeName":"✈️ Skyscanner Flights","nodeId":"6d1d14dd-30a6-4993-a0b8-2e926b5e6f7d"}}
{"__type":"$$EventMessageConfirm","confirm":"66b2c5af-f28a-4f77-80d3-9fc644dad0a6","ts":"2025-12-06T18:43:04.427-05:00","source":{"id":"0","name":"eventBus"}}
{"__type":"$$EventMessageNode","id":"f2cb4fb1-f3ed-481a-9cdf-dad655816af4","ts":"2025-12-06T18:43:04.427-05:00","eventName":"n8n.node.started","message":"n8n.node.started","payload":{"workflowId":"8y5ALZTU2BvkIrm4","workflowName":"General","executionId":"31","nodeType":"n8n-nodes-base.httpRequest","nodeName":"🗝️ Amadeus Auth Token","nodeId":"ddee2ef7-119f-4f23-8649-7285c81ad086"}}
{"__type":"$$EventMessageConfirm","confirm":"f2cb4fb1-f3ed-481a-9cdf-dad655816af4","ts":"2025-12-06T18:43:04.427-05:00","source":{"id":"0","name":"eventBus"}}
{"__type":"$$EventMessageNode","id":"37ebf0c0-7308-40f8-b00a-86ab22a83d72","ts":"2025-12-06T18:43:04.453-05:00","eventName":"n8n.node.finished","message":"n8n.node.finished","payload":{"workflowId":"8y5ALZTU2BvkIrm4","workflowName":"General","executionId":"30","nodeType":"n8n-nodes-base.httpRequest","nodeName":"✈️ Skyscanner Flights","nodeId":"6d1d14dd-30a6-4993-a0b8-2e926b5e6f7d"}}
{"__type":"$$EventMessageConfirm","confirm":"37ebf0c0-7308-40f8-b00a-86ab22a83d72","ts":"2025-12-06T18:43:04.453-05:00","source":{"id":"0","name":"eventBus"}}
{"__type":"$$EventMessageNode","id":"b7e0e2a9-bf4c-4098-b923-1759055127fe","ts":"2025-12-06T18:43:04.453-05:00","eventName":"n8n.node.started","message":"n8n.node.started","payload":{"workflowId":"8y5ALZTU2BvkIrm4","workflowName":"General","executionId":"30","nodeType":"n8n-nodes-base.httpRequest","nodeName":"🗝️ Amadeus Auth Token","nodeId":"ddee2ef7-119f-4f23-8649-7285c81ad086"}}
{"__type":"$$EventMessageConfirm","confirm":"b7e0e2a9-bf4c-4098-b923-1759055127fe","ts":"2025-12-06T18:43:04.453-05:00","source":{"id":"0","name":"eventBus"}}
{"__type":"$$EventMessageNode","id":"83421628-5b0d-41b6-8264-7660941281e7","ts":"2025-12-06T18:43:04.476-05:00","eventName":"n8n.node.finished","message":"n8n.node.finished","payload":{"workflowId":"8y5ALZTU2BvkIrm4","workflowName":"General","executionId":"34","nodeType":"n8n-nodes-base.httpRequest","nodeName":"✈️ Skyscanner Flights","nodeId":"6d1d14dd-30a6-4993-a0b8-2e926b5e6f7d"}}
{"__type":"$$EventMessageConfirm","confirm":"83421628-5b0d-41b6-8264-7660941281e7","ts":"2025-12-06T18:43:04.476-05:00","source":{"id":"0","name":"eventBus"}}
{"__type":"$$EventMessageNode","id":"c1f404db-2032-45d5-bfff-79378a332e96","ts":"2025-12-06T18:43:04.476-05:00","eventName":"n8n.node.started","message":"n8n.node.started","payload":{"workflowId":"8y5ALZTU2BvkIrm4","workflowName":"General","executionId":"34","nodeType":"n8n-nodes-base.httpRequest","nodeName":"🗝️ Amadeus Auth Token","nodeId":"ddee2ef7-119f-4f23-8649-7285c81ad086"}}
{"__type":"$$EventMessageConfirm","confirm":"c1f404db-2032-45d5-bfff-79378a332e96","ts":"2025-12-06T18:43:04.476-05:00","source":{"id":"0","name":"eventBus"}}
{"__type":"$$EventMessageNode","id":"7a5b2652-6b04-4550-ab2f-95dc80b12467","ts":"2025-12-06T18:43:04.891-05:00","eventName":"n8n.node.finished","message":"n8n.node.finished","payload":{"workflowId":"8y5ALZTU2BvkIrm4","workflowName":"General","executionId":"24","nodeType":"n8n-nodes-base.emailSend","nodeName":"Enviar Correo1","nodeId":"cae987c6-c9aa-4be8-abd1-aa4d4e16b230"}}
{"__type":"$$EventMessageConfirm","confirm":"7a5b2652-6b04-4550-ab2f-95dc80b12467","ts":"2025-12-06T18:43:04.891-05:00","source":{"id":"0","name":"eventBus"}}
{"__type":"$$EventMessageNode","id":"a20df2af-739a-4110-a8c3-8036b8364018","ts":"2025-12-06T18:43:04.891-05:00","eventName":"n8n.node.started","message":"n8n.node.started","payload":{"workflowId":"8y5ALZTU2BvkIrm4","workflowName":"General","executionId":"24","nodeType":"n8n-nodes-base.respondToWebhook","nodeName":"Respond to Webhook1","nodeId":"21d30c3a-21ce-476e-a3c4-2813894cc904"}}
{"__type":"$$EventMessageConfirm","confirm":"a20df2af-739a-4110-a8c3-8036b8364018","ts":"2025-12-06T18:43:04.891-05:00","source":{"id":"0","name":"eventBus"}}
{"__type":"$$EventMessageNode","id":"3284b92a-e76e-4aad-9825-b638ca98df7f","ts":"2025-12-06T18:43:04.893-05:00","eventName":"n8n.node.finished","message":"n8n.node.finished","payload":{"workflowId":"8y5ALZTU2BvkIrm4","workflowName":"General","executionId":"24","nodeType":"n8n-nodes-base.respondToWebhook","nodeName":"Respond to Webhook1","nodeId":"21d30c3a-21ce-476e-a3c4-2813894cc904"}}
{"__type":"$$EventMessageConfirm","confirm":"3284b92a-e76e-4aad-9825-b638ca98df7f","ts":"2025-12-06T18:43:04.893-05:00","source":{"id":"0","name":"eventBus"}}
{"__type":"$$EventMessageWorkflow","id":"1545811c-e349-40b4-bd86-9276f5e095cf","ts":"2025-12-06T18:43:04.893-05:00","eventName":"n8n.workflow.success","message":"n8n.workflow.success","payload":{"executionId":"24","success":true,"isManual":false,"workflowId":"8y5ALZTU2BvkIrm4","workflowName":"General"}}
{"__type":"$$EventMessageConfirm","confirm":"1545811c-e349-40b4-bd86-9276f5e095cf","ts":"2025-12-06T18:43:04.893-05:00","source":{"id":"0","name":"eventBus"}}
{"__type":"$$EventMessageNode","id":"676a5265-8297-425e-a7a3-8518d48219f4","ts":"2025-12-06T18:43:05.048-05:00","eventName":"n8n.node.finished","message":"n8n.node.finished","payload":{"workflowId":"8y5ALZTU2BvkIrm4","workflowName":"General","executionId":"29","nodeType":"n8n-nodes-base.httpRequest","nodeName":"🗝️ Amadeus Auth Token","nodeId":"ddee2ef7-119f-4f23-8649-7285c81ad086"}}
{"__type":"$$EventMessageConfirm","confirm":"676a5265-8297-425e-a7a3-8518d48219f4","ts":"2025-12-06T18:43:05.048-05:00","source":{"id":"0","name":"eventBus"}}
{"__type":"$$EventMessageNode","id":"1b5b79af-a60c-4358-9007-311a9e46e78a","ts":"2025-12-06T18:43:05.049-05:00","eventName":"n8n.node.started","message":"n8n.node.started","payload":{"workflowId":"8y5ALZTU2BvkIrm4","workflowName":"General","executionId":"29","nodeType":"n8n-nodes-base.httpRequest","nodeName":"🏨 Amadeus Hotels Search","nodeId":"335375c3-b2c4-488a-a187-5db699984bb5"}}
{"__type":"$$EventMessageConfirm","confirm":"1b5b79af-a60c-4358-9007-311a9e46e78a","ts":"2025-12-06T18:43:05.049-05:00","source":{"id":"0","name":"eventBus"}}
{"__type":"$$EventMessageWorkflow","id":"446f80a1-308b-4f45-80b4-bf8274981187","ts":"2025-12-06T18:43:05.127-05:00","eventName":"n8n.workflow.started","message":"n8n.workflow.started","payload":{"executionId":"35","workflowId":"8y5ALZTU2BvkIrm4","isManual":false,"workflowName":"General"}}
{"__type":"$$EventMessageConfirm","confirm":"446f80a1-308b-4f45-80b4-bf8274981187","ts":"2025-12-06T18:43:05.128-05:00","source":{"id":"0","name":"eventBus"}}
{"__type":"$$EventMessageNode","id":"71d9d335-fe33-4127-9a1e-1eb33a9162f5","ts":"2025-12-06T18:43:05.128-05:00","eventName":"n8n.node.started","message":"n8n.node.started","payload":{"workflowId":"8y5ALZTU2BvkIrm4","workflowName":"General","executionId":"35","nodeType":"n8n-nodes-base.webhook","nodeName":"📱 Streamlit Webhook","nodeId":"ae8059ee-5c26-4af5-83ea-0b147821a989"}}
{"__type":"$$EventMessageConfirm","confirm":"71d9d335-fe33-4127-9a1e-1eb33a9162f5","ts":"2025-12-06T18:43:05.128-05:00","source":{"id":"0","name":"eventBus"}}
{"__type":"$$EventMessageNode","id":"1942c3a9-b487-40f2-afb2-34e2035f823a","ts":"2025-12-06T18:43:05.128-05:00","eventName":"n8n.node.finished","message":"n8n.node.finished","payload":{"workflowId":"8y5ALZTU2BvkIrm4","workflowName":"General","executionId":"35","nodeType":"n8n-nodes-base.webhook","nodeName":"📱 Streamlit Webhook","nodeId":"ae8059ee-5c26-4af5-83ea-0b147821a989"}}
{"__type":"$$EventMessageConfirm","confirm":"1942c3a9-b487-40f2-afb2-34e2035f823a","ts":"2025-12-06T18:43:05.128-05:00","source":{"id":"0","name":"eventBus"}}
{"__type":"$$EventMessageNode","id":"b6244e95-32a9-43b2-bee6-54dd9d4d2dcb","ts":"2025-12-06T18:43:05.128-05:00","eventName":"n8n.node.started","message":"n8n.node.started","payload":{"workflowId":"8y5ALZTU2BvkIrm4","workflowName":"General","executionId":"35","nodeType":"n8n-nodes-base.function","nodeName":"Process Travel Data","nodeId":"02497c10-01cd-4448-8373-576a8cdff0cf"}}
{"__type":"$$EventMessageConfirm","confirm":"b6244e95-32a9-43b2-bee6-54dd9d4d2dcb","ts":"2025-12-06T18:43:05.128-05:00","source":{"id":"0","name":"eventBus"}}
{"__type":"$$EventMessageNode","id":"c788f987-6f13-42fa-a585-b14808de4f82","ts":"2025-12-06T18:43:05.136-05:00","eventName":"n8n.node.finished","message":"n8n.node.finished","payload":{"workflowId":"8y5ALZTU2BvkIrm4","workflowName":"General","executionId":"35","nodeType":"n8n-nodes-base.function","nodeName":"Process Travel Data","nodeId":"02497c10-01cd-4448-8373-576a8cdff0cf"}}
{"__type":"$$EventMessageConfirm","confirm":"c788f987-6f13-42fa-a585-b14808de4f82","ts":"2025-12-06T18:43:05.136-05:00","source":{"id":"0","name":"eventBus"}}
{"__type":"$$EventMessageNode","id":"6639154f-c678-4b9c-9c2c-092e30575d2e","ts":"2025-12-06T18:43:05.136-05:00","eventName":"n8n.node.started","message":"n8n.node.started","payload":{"workflowId":"8y5ALZTU2BvkIrm4","workflowName":"General","executionId":"35","nodeType":"n8n-nodes-base.httpRequest","nodeName":"✈️ Skyscanner Flights","nodeId":"6d1d14dd-30a6-4993-a0b8-2e926b5e6f7d"}}
{"__type":"$$EventMessageConfirm","confirm":"6639154f-c678-4b9c-9c2c-092e30575d2e","ts":"2025-12-06T18:43:05.136-05:00","source":{"id":"0","name":"eventBus"}}
{"__type":"$$EventMessageNode","id":"a240b974-bb4d-4b71-adeb-77ff2e08bd6a","ts":"2025-12-06T18:43:05.398-05:00","eventName":"n8n.node.finished","message":"n8n.node.finished","payload":{"workflowId":"8y5ALZTU2BvkIrm4","workflowName":"General","executionId":"33","nodeType":"n8n-nodes-base.httpRequest","nodeName":"🗝️ Amadeus Auth Token","nodeId":"ddee2ef7-119f-4f23-8649-7285c81ad086"}}
{"__type":"$$EventMessageConfirm","confirm":"a240b974-bb4d-4b71-adeb-77ff2e08bd6a","ts":"2025-12-06T18:43:05.398-05:00","source":{"id":"0","name":"eventBus"}}
{"__type":"$$EventMessageNode","id":"fd91453d-e412-4b35-9a4f-2147f9ca6fe7","ts":"2025-12-06T18:43:05.398-05:00","eventName":"n8n.node.started","message":"n8n.node.started","payload":{"workflowId":"8y5ALZTU2BvkIrm4","workflowName":"General","executionId":"33","nodeType":"n8n-nodes-base.httpRequest","nodeName":"🏨 Amadeus Hotels Search","nodeId":"335375c3-b2c4-488a-a187-5db699984bb5"}}
{"__type":"$$EventMessageConfirm","confirm":"fd91453d-e412-4b35-9a4f-2147f9ca6fe7","ts":"2025-12-06T18:43:05.398-05:00","source":{"id":"0","name":"eventBus"}}
{"__type":"$$EventMessageNode","id":"f16816f3-b583-4e85-a603-6bd8ff25cb21","ts":"2025-12-06T18:43:05.406-05:00","eventName":"n8n.node.finished","message":"n8n.node.finished","payload":{"workflowId":"8y5ALZTU2BvkIrm4","workflowName":"General","executionId":"32","nodeType":"n8n-nodes-base.httpRequest","nodeName":"🗝️ Amadeus Auth Token","nodeId":"ddee2ef7-119f-4f23-8649-7285c81ad086"}}
{"__type":"$$EventMessageConfirm","confirm":"f16816f3-b583-4e85-a603-6bd8ff25cb21","ts":"2025-12-06T18:43:05.407-05:00","source":{"id":"0","name":"eventBus"}}
{"__type":"$$EventMessageNode","id":"f17f5790-1f28-4968-a894-d8aaf3723c3c","ts":"2025-12-06T18:43:05.407-05:00","eventName":"n8n.node.started","message":"n8n.node.started","payload":{"workflowId":"8y5ALZTU2BvkIrm4","workflowName":"General","executionId":"32","nodeType":"n8n-nodes-base.httpRequest","nodeName":"🏨 Amadeus Hotels Search","nodeId":"335375c3-b2c4-488a-a187-5db699984bb5"}}
{"__type":"$$EventMessageConfirm","confirm":"f17f5790-1f28-4968-a894-d8aaf3723c3c","ts":"2025-12-06T18:43:05.407-05:00","source":{"id":"0","name":"eventBus"}}
{"__type":"$$EventMessageNode","id":"97522f99-3c91-4a66-8014-2cd7809ba75a","ts":"2025-12-06T18:43:05.415-05:00","eventName":"n8n.node.finished","message":"n8n.node.finished","payload":{"workflowId":"8y5ALZTU2BvkIrm4","workflowName":"General","executionId":"31","nodeType":"n8n-nodes-base.httpRequest","nodeName":"🗝️ Amadeus Auth Token","nodeId":"ddee2ef7-119f-4f23-8649-7285c81ad086"}}
{"__type":"$$EventMessageConfirm","confirm":"97522f99-3c91-4a66-8014-2cd7809ba75a","ts":"2025-12-06T18:43:05.415-05:00","source":{"id":"0","name":"eventBus"}}
{"__type":"$$EventMessageNode","id":"8fdee1fb-8230-4164-83c6-96b80ec298d1","ts":"2025-12-06T18:43:05.415-05:00","eventName":"n8n.node.started","message":"n8n.node.started","payload":{"workflowId":"8y5ALZTU2BvkIrm4","workflowName":"General","executionId":"31","nodeType":"n8n-nodes-base.httpRequest","nodeName":"🏨 Amadeus Hotels Search","nodeId":"335375c3-b2c4-488a-a187-5db699984bb5"}}
{"__type":"$$EventMessageConfirm","confirm":"8fdee1fb-8230-4164-83c6-96b80ec298d1","ts":"2025-12-06T18:43:05.415-05:00","source":{"id":"0","name":"eventBus"}}
{"__type":"$$EventMessageNode","id":"da5754c8-9d1b-4ed2-a987-d4210eb42a61","ts":"2025-12-06T18:43:05.429-05:00","eventName":"n8n.node.finished","message":"n8n.node.finished","payload":{"workflowId":"8y5ALZTU2BvkIrm4","workflowName":"General","executionId":"28","nodeType":"n8n-nodes-base.httpRequest","nodeName":"🏨 Amadeus Hotels Search","nodeId":"335375c3-b2c4-488a-a187-5db699984bb5"}}
{"__type":"$$EventMessageConfirm","confirm":"da5754c8-9d1b-4ed2-a987-d4210eb42a61","ts":"2025-12-06T18:43:05.429-05:00","source":{"id":"0","name":"eventBus"}}
{"__type":"$$EventMessageWorkflow","id":"72e146fe-c31f-4a12-b0e7-cebfb2044ef5","ts":"2025-12-06T18:43:05.429-05:00","eventName":"n8n.workflow.failed","message":"n8n.workflow.failed","payload":{"executionId":"28","success":false,"isManual":false,"workflowId":"8y5ALZTU2BvkIrm4","workflowName":"General","lastNodeExecuted":"🏨 Amadeus Hotels Search","errorNodeType":"n8n-nodes-base.httpRequest","errorMessage":"Bad request - please check your parameters"}}
{"__type":"$$EventMessageConfirm","confirm":"72e146fe-c31f-4a12-b0e7-cebfb2044ef5","ts":"2025-12-06T18:43:05.429-05:00","source":{"id":"0","name":"eventBus"}}
{"__type":"$$EventMessageNode","id":"1f4ad92e-4e0c-4e03-a999-91df38e2431f","ts":"2025-12-06T18:43:05.468-05:00","eventName":"n8n.node.finished","message":"n8n.node.finished","payload":{"workflowId":"8y5ALZTU2BvkIrm4","workflowName":"General","executionId":"23","nodeType":"n8n-nodes-base.emailSend","nodeName":"Enviar Correo1","nodeId":"cae987c6-c9aa-4be8-abd1-aa4d4e16b230"}}
{"__type":"$$EventMessageConfirm","confirm":"1f4ad92e-4e0c-4e03-a999-91df38e2431f","ts":"2025-12-06T18:43:05.468-05:00","source":{"id":"0","name":"eventBus"}}
{"__type":"$$EventMessageNode","id":"559e9d6c-2061-43c5-9b2a-48d57649603b","ts":"2025-12-06T18:43:05.468-05:00","eventName":"n8n.node.started","message":"n8n.node.started","payload":{"workflowId":"8y5ALZTU2BvkIrm4","workflowName":"General","executionId":"23","nodeType":"n8n-nodes-base.respondToWebhook","nodeName":"Respond to Webhook1","nodeId":"21d30c3a-21ce-476e-a3c4-2813894cc904"}}
{"__type":"$$EventMessageConfirm","confirm":"559e9d6c-2061-43c5-9b2a-48d57649603b","ts":"2025-12-06T18:43:05.468-05:00","source":{"id":"0","name":"eventBus"}}
{"__type":"$$EventMessageNode","id":"21491572-d57b-457f-b366-6fd799deb0f2","ts":"2025-12-06T18:43:05.471-05:00","eventName":"n8n.node.finished","message":"n8n.node.finished","payload":{"workflowId":"8y5ALZTU2BvkIrm4","workflowName":"General","executionId":"23","nodeType":"n8n-nodes-base.respondToWebhook","nodeName":"Respond to Webhook1","nodeId":"21d30c3a-21ce-476e-a3c4-2813894cc904"}}
{"__type":"$$EventMessageConfirm","confirm":"21491572-d57b-457f-b366-6fd799deb0f2","ts":"2025-12-06T18:43:05.471-05:00","source":{"id":"0","name":"eventBus"}}
{"__type":"$$EventMessageWorkflow","id":"8535f171-149e-4343-87e5-05c12c89c1bc","ts":"2025-12-06T18:43:05.471-05:00","eventName":"n8n.workflow.success","message":"n8n.workflow.success","payload":{"executionId":"23","success":true,"isManual":false,"workflowId":"8y5ALZTU2BvkIrm4","workflowName":"General"}}
{"__type":"$$EventMessageConfirm","confirm":"8535f171-149e-4343-87e5-05c12c89c1bc","ts":"2025-12-06T18:43:05.471-05:00","source":{"id":"0","name":"eventBus"}}
{"__type":"$$EventMessageNode","id":"ae495f2a-4fb8-47cb-93c5-495ada94268d","ts":"2025-12-06T18:43:05.514-05:00","eventName":"n8n.node.finished","message":"n8n.node.finished","payload":{"workflowId":"8y5ALZTU2BvkIrm4","workflowName":"General","executionId":"30","nodeType":"n8n-nodes-base.httpRequest","nodeName":"🗝️ Amadeus Auth Token","nodeId":"ddee2ef7-119f-4f23-8649-7285c81ad086"}}
{"__type":"$$EventMessageConfirm","confirm":"ae495f2a-4fb8-47cb-93c5-495ada94268d","ts":"2025-12-06T18:43:05.514-05:00","source":{"id":"0","name":"eventBus"}}
{"__type":"$$EventMessageNode","id":"1dcd3b7e-cbe9-4b69-8ef3-e817f736488e","ts":"2025-12-06T18:43:05.514-05:00","eventName":"n8n.node.started","message":"n8n.node.started","payload":{"workflowId":"8y5ALZTU2BvkIrm4","workflowName":"General","executionId":"30","nodeType":"n8n-nodes-base.httpRequest","nodeName":"🏨 Amadeus Hotels Search","nodeId":"335375c3-b2c4-488a-a187-5db699984bb5"}}
{"__type":"$$EventMessageConfirm","confirm":"1dcd3b7e-cbe9-4b69-8ef3-e817f736488e","ts":"2025-12-06T18:43:05.514-05:00","source":{"id":"0","name":"eventBus"}}
{"__type":"$$EventMessageNode","id":"72f466a6-dcf5-4ed2-9546-0b6919e16ce1","ts":"2025-12-06T18:43:05.556-05:00","eventName":"n8n.node.finished","message":"n8n.node.finished","payload":{"workflowId":"8y5ALZTU2BvkIrm4","workflowName":"General","executionId":"34","nodeType":"n8n-nodes-base.httpRequest","nodeName":"🗝️ Amadeus Auth Token","nodeId":"ddee2ef7-119f-4f23-8649-7285c81ad086"}}
{"__type":"$$EventMessageConfirm","confirm":"72f466a6-dcf5-4ed2-9546-0b6919e16ce1","ts":"2025-12-06T18:43:05.556-05:00","source":{"id":"0","name":"eventBus"}}
{"__type":"$$EventMessageNode","id":"d16d1d2f-9acb-4281-b581-91c46990aaa2","ts":"2025-12-06T18:43:05.556-05:00","eventName":"n8n.node.started","message":"n8n.node.started","payload":{"workflowId":"8y5ALZTU2BvkIrm4","workflowName":"General","executionId":"34","nodeType":"n8n-nodes-base.httpRequest","nodeName":"🏨 Amadeus Hotels Search","nodeId":"335375c3-b2c4-488a-a187-5db699984bb5"}}
{"__type":"$$EventMessageConfirm","confirm":"d16d1d2f-9acb-4281-b581-91c46990aaa2","ts":"2025-12-06T18:43:05.557-05:00","source":{"id":"0","name":"eventBus"}}
{"__type":"$$EventMessageNode","id":"04fefd80-8e86-443b-bf46-7b70bc7d2498","ts":"2025-12-06T18:43:05.653-05:00","eventName":"n8n.node.finished","message":"n8n.node.finished","payload":{"workflowId":"8y5ALZTU2BvkIrm4","workflowName":"General","executionId":"25","nodeType":"n8n-nodes-base.emailSend","nodeName":"Enviar Correo1","nodeId":"cae987c6-c9aa-4be8-abd1-aa4d4e16b230"}}
{"__type":"$$EventMessageConfirm","confirm":"04fefd80-8e86-443b-bf46-7b70bc7d2498","ts":"2025-12-06T18:43:05.653-05:00","source":{"id":"0","name":"eventBus"}}
{"__type":"$$EventMessageNode","id":"d6581921-1ca8-43c6-bf9d-5decce47c953","ts":"2025-12-06T18:43:05.654-05:00","eventName":"n8n.node.started","message":"n8n.node.started","payload":{"workflowId":"8y5ALZTU2BvkIrm4","workflowName":"General","executionId":"25","nodeType":"n8n-nodes-base.respondToWebhook","nodeName":"Respond to Webhook1","nodeId":"21d30c3a-21ce-476e-a3c4-2813894cc904"}}
{"__type":"$$EventMessageConfirm","confirm":"d6581921-1ca8-43c6-bf9d-5decce47c953","ts":"2025-12-06T18:43:05.654-05:00","source":{"id":"0","name":"eventBus"}}
{"__type":"$$EventMessageNode","id":"784902d8-7765-4e0b-add3-3dc51bcff946","ts":"2025-12-06T18:43:05.657-05:00","eventName":"n8n.node.finished","message":"n8n.node.finished","payload":{"workflowId":"8y5ALZTU2BvkIrm4","workflowName":"General","executionId":"25","nodeType":"n8n-nodes-base.respondToWebhook","nodeName":"Respond to Webhook1","nodeId":"21d30c3a-21ce-476e-a3c4-2813894cc904"}}
{"__type":"$$EventMessageConfirm","confirm":"784902d8-7765-4e0b-add3-3dc51bcff946","ts":"2025-12-06T18:43:05.657-05:00","source":{"id":"0","name":"eventBus"}}
{"__type":"$$EventMessageWorkflow","id":"2d049cab-4f21-42a6-921b-45d2f40647ef","ts":"2025-12-06T18:43:05.657-05:00","eventName":"n8n.workflow.success","message":"n8n.workflow.success","payload":{"executionId":"25","success":true,"isManual":false,"workflowId":"8y5ALZTU2BvkIrm4","workflowName":"General"}}
{"__type":"$$EventMessageConfirm","confirm":"2d049cab-4f21-42a6-921b-45d2f40647ef","ts":"2025-12-06T18:43:05.657-05:00","source":{"id":"0","name":"eventBus"}}
{"__type":"$$EventMessageWorkflow","id":"2c462f8e-1c4c-49df-b495-f703d1683c64","ts":"2025-12-06T18:43:06.122-05:00","eventName":"n8n.workflow.started","message":"n8n.workflow.started","payload":{"executionId":"36","workflowId":"8y5ALZTU2BvkIrm4","isManual":false,"workflowName":"General"}}
{"__type":"$$EventMessageConfirm","confirm":"2c462f8e-1c4c-49df-b495-f703d1683c64","ts":"2025-12-06T18:43:06.122-05:00","source":{"id":"0","name":"eventBus"}}
{"__type":"$$EventMessageNode","id":"a2a60d01-c53e-4276-a128-55839ba9f93b","ts":"2025-12-06T18:43:06.122-05:00","eventName":"n8n.node.started","message":"n8n.node.started","payload":{"workflowId":"8y5ALZTU2BvkIrm4","workflowName":"General","executionId":"36","nodeType":"n8n-nodes-base.webhook","nodeName":"📱 Streamlit Webhook","nodeId":"ae8059ee-5c26-4af5-83ea-0b147821a989"}}
{"__type":"$$EventMessageConfirm","confirm":"a2a60d01-c53e-4276-a128-55839ba9f93b","ts":"2025-12-06T18:43:06.122-05:00","source":{"id":"0","name":"eventBus"}}
{"__type":"$$EventMessageNode","id":"136f867a-c081-421e-8b06-b517d568d4bc","ts":"2025-12-06T18:43:06.122-05:00","eventName":"n8n.node.finished","message":"n8n.node.finished","payload":{"workflowId":"8y5ALZTU2BvkIrm4","workflowName":"General","executionId":"36","nodeType":"n8n-nodes-base.webhook","nodeName":"📱 Streamlit Webhook","nodeId":"ae8059ee-5c26-4af5-83ea-0b147821a989"}}
{"__type":"$$EventMessageConfirm","confirm":"136f867a-c081-421e-8b06-b517d568d4bc","ts":"2025-12-06T18:43:06.122-05:00","source":{"id":"0","name":"eventBus"}}
{"__type":"$$EventMessageNode","id":"5a142596-9c8b-4463-ae6f-1e4add4eede9","ts":"2025-12-06T18:43:06.122-05:00","eventName":"n8n.node.started","message":"n8n.node.started","payload":{"workflowId":"8y5ALZTU2BvkIrm4","workflowName":"General","executionId":"36","nodeType":"n8n-nodes-base.function","nodeName":"Process Travel Data","nodeId":"02497c10-01cd-4448-8373-576a8cdff0cf"}}
{"__type":"$$EventMessageConfirm","confirm":"5a142596-9c8b-4463-ae6f-1e4add4eede9","ts":"2025-12-06T18:43:06.122-05:00","source":{"id":"0","name":"eventBus"}}
{"__type":"$$EventMessageNode","id":"342a820b-70a6-4ef4-9de7-ea889c26e814","ts":"2025-12-06T18:43:06.128-05:00","eventName":"n8n.node.finished","message":"n8n.node.finished","payload":{"workflowId":"8y5ALZTU2BvkIrm4","workflowName":"General","executionId":"36","nodeType":"n8n-nodes-base.function","nodeName":"Process Travel Data","nodeId":"02497c10-01cd-4448-8373-576a8cdff0cf"}}
{"__type":"$$EventMessageConfirm","confirm":"342a820b-70a6-4ef4-9de7-ea889c26e814","ts":"2025-12-06T18:43:06.128-05:00","source":{"id":"0","name":"eventBus"}}
{"__type":"$$EventMessageNode","id":"4fe028cf-edd1-4405-bb32-073efbb5ed6e","ts":"2025-12-06T18:43:06.128-05:00","eventName":"n8n.node.started","message":"n8n.node.started","payload":{"workflowId":"8y5ALZTU2BvkIrm4","workflowName":"General","executionId":"36","nodeType":"n8n-nodes-base.httpRequest","nodeName":"✈️ Skyscanner Flights","nodeId":"6d1d14dd-30a6-4993-a0b8-2e926b5e6f7d"}}
{"__type":"$$EventMessageConfirm","confirm":"4fe028cf-edd1-4405-bb32-073efbb5ed6e","ts":"2025-12-06T18:43:06.128-05:00","source":{"id":"0","name":"eventBus"}}
{"__type":"$$EventMessageNode","id":"26635e1d-2728-43ce-b068-6939a1492468","ts":"2025-12-06T18:43:06.156-05:00","eventName":"n8n.node.finished","message":"n8n.node.finished","payload":{"workflowId":"8y5ALZTU2BvkIrm4","workflowName":"General","executionId":"27","nodeType":"n8n-nodes-base.emailSend","nodeName":"Enviar Correo1","nodeId":"cae987c6-c9aa-4be8-abd1-aa4d4e16b230"}}
{"__type":"$$EventMessageConfirm","confirm":"26635e1d-2728-43ce-b068-6939a1492468","ts":"2025-12-06T18:43:06.156-05:00","source":{"id":"0","name":"eventBus"}}
{"__type":"$$EventMessageNode","id":"edc95cb1-bc7b-41af-bd09-9ca628f7bf9d","ts":"2025-12-06T18:43:06.157-05:00","eventName":"n8n.node.started","message":"n8n.node.started","payload":{"workflowId":"8y5ALZTU2BvkIrm4","workflowName":"General","executionId":"27","nodeType":"n8n-nodes-base.respondToWebhook","nodeName":"Respond to Webhook1","nodeId":"21d30c3a-21ce-476e-a3c4-2813894cc904"}}
{"__type":"$$EventMessageConfirm","confirm":"edc95cb1-bc7b-41af-bd09-9ca628f7bf9d","ts":"2025-12-06T18:43:06.157-05:00","source":{"id":"0","name":"eventBus"}}
{"__type":"$$EventMessageNode","id":"68619196-e6c9-43b0-87f1-bdf0f9b1ef45","ts":"2025-12-06T18:43:06.160-05:00","eventName":"n8n.node.finished","message":"n8n.node.finished","payload":{"workflowId":"8y5ALZTU2BvkIrm4","workflowName":"General","executionId":"27","nodeType":"n8n-nodes-base.respondToWebhook","nodeName":"Respond to Webhook1","nodeId":"21d30c3a-21ce-476e-a3c4-2813894cc904"}}
{"__type":"$$EventMessageConfirm","confirm":"68619196-e6c9-43b0-87f1-bdf0f9b1ef45","ts":"2025-12-06T18:43:06.160-05:00","source":{"id":"0","name":"eventBus"}}
{"__type":"$$EventMessageWorkflow","id":"8f7a1a78-a947-4353-8359-a612a11956a3","ts":"2025-12-06T18:43:06.160-05:00","eventName":"n8n.workflow.success","message":"n8n.workflow.success","payload":{"executionId":"27","success":true,"isManual":false,"workflowId":"8y5ALZTU2BvkIrm4","workflowName":"General"}}
{"__type":"$$EventMessageConfirm","confirm":"8f7a1a78-a947-4353-8359-a612a11956a3","ts":"2025-12-06T18:43:06.160-05:00","source":{"id":"0","name":"eventBus"}}
{"__type":"$$EventMessageWorkflow","id":"66aba288-b37f-44c9-bec7-d3018c21558c","ts":"2025-12-06T18:43:06.185-05:00","eventName":"n8n.workflow.started","message":"n8n.workflow.started","payload":{"executionId":"37","workflowId":"8y5ALZTU2BvkIrm4","isManual":false,"workflowName":"General"}}
{"__type":"$$EventMessageConfirm","confirm":"66aba288-b37f-44c9-bec7-d3018c21558c","ts":"2025-12-06T18:43:06.185-05:00","source":{"id":"0","name":"eventBus"}}
{"__type":"$$EventMessageNode","id":"83de33de-6991-49f0-b2a6-786b31632de4","ts":"2025-12-06T18:43:06.185-05:00","eventName":"n8n.node.started","message":"n8n.node.started","payload":{"workflowId":"8y5ALZTU2BvkIrm4","workflowName":"General","executionId":"37","nodeType":"n8n-nodes-base.webhook","nodeName":"📱 Streamlit Webhook","nodeId":"ae8059ee-5c26-4af5-83ea-0b147821a989"}}
{"__type":"$$EventMessageConfirm","confirm":"83de33de-6991-49f0-b2a6-786b31632de4","ts":"2025-12-06T18:43:06.185-05:00","source":{"id":"0","name":"eventBus"}}
{"__type":"$$EventMessageNode","id":"96202133-6379-42c4-8d6f-025554d793dc","ts":"2025-12-06T18:43:06.185-05:00","eventName":"n8n.node.finished","message":"n8n.node.finished","payload":{"workflowId":"8y5ALZTU2BvkIrm4","workflowName":"General","executionId":"37","nodeType":"n8n-nodes-base.webhook","nodeName":"📱 Streamlit Webhook","nodeId":"ae8059ee-5c26-4af5-83ea-0b147821a989"}}
{"__type":"$$EventMessageConfirm","confirm":"96202133-6379-42c4-8d6f-025554d793dc","ts":"2025-12-06T18:43:06.185-05:00","source":{"id":"0","name":"eventBus"}}
{"__type":"$$EventMessageNode","id":"71dca80c-0ff8-4d82-923d-bf51ded4011b","ts":"2025-12-06T18:43:06.185-05:00","eventName":"n8n.node.started","message":"n8n.node.started","payload":{"workflowId":"8y5ALZTU2BvkIrm4","workflowName":"General","executionId":"37","nodeType":"n8n-nodes-base.function","nodeName":"Process Travel Data","nodeId":"02497c10-01cd-4448-8373-576a8cdff0cf"}}
{"__type":"$$EventMessageConfirm","confirm":"71dca80c-0ff8-4d82-923d-bf51ded4011b","ts":"2025-12-06T18:43:06.185-05:00","source":{"id":"0","name":"eventBus"}}
{"__type":"$$EventMessageNode","id":"f34153fc-d6f8-411c-8a5d-e423530a488e","ts":"2025-12-06T18:43:06.192-05:00","eventName":"n8n.node.finished","message":"n8n.node.finished","payload":{"workflowId":"8y5ALZTU2BvkIrm4","workflowName":"General","executionId":"37","nodeType":"n8n-nodes-base.function","nodeName":"Process Travel Data","nodeId":"02497c10-01cd-4448-8373-576a8cdff0cf"}}
{"__type":"$$EventMessageConfirm","confirm":"f34153fc-d6f8-411c-8a5d-e423530a488e","ts":"2025-12-06T18:43:06.192-05:00","source":{"id":"0","name":"eventBus"}}
{"__type":"$$EventMessageNode","id":"4895fa59-07e8-4162-99e8-a20f1be044df","ts":"2025-12-06T18:43:06.192-05:00","eventName":"n8n.node.started","message":"n8n.node.started","payload":{"workflowId":"8y5ALZTU2BvkIrm4","workflowName":"General","executionId":"37","nodeType":"n8n-nodes-base.httpRequest","nodeName":"✈️ Skyscanner Flights","nodeId":"6d1d14dd-30a6-4993-a0b8-2e926b5e6f7d"}}
{"__type":"$$EventMessageConfirm","confirm":"4895fa59-07e8-4162-99e8-a20f1be044df","ts":"2025-12-06T18:43:06.192-05:00","source":{"id":"0","name":"eventBus"}}
{"__type":"$$EventMessageNode","id":"476fe263-9b60-4247-91d6-e977353210d1","ts":"2025-12-06T18:43:06.250-05:00","eventName":"n8n.node.finished","message":"n8n.node.finished","payload":{"workflowId":"8y5ALZTU2BvkIrm4","workflowName":"General","executionId":"35","nodeType":"n8n-nodes-base.httpRequest","nodeName":"✈️ Skyscanner Flights","nodeId":"6d1d14dd-30a6-4993-a0b8-2e926b5e6f7d"}}
{"__type":"$$EventMessageConfirm","confirm":"476fe263-9b60-4247-91d6-e977353210d1","ts":"2025-12-06T18:43:06.251-05:00","source":{"id":"0","name":"eventBus"}}
{"__type":"$$EventMessageNode","id":"4b1f6a63-f9ba-4ddc-b5b2-d42b8fe3fac8","ts":"2025-12-06T18:43:06.251-05:00","eventName":"n8n.node.started","message":"n8n.node.started","payload":{"workflowId":"8y5ALZTU2BvkIrm4","workflowName":"General","executionId":"35","nodeType":"n8n-nodes-base.httpRequest","nodeName":"🗝️ Amadeus Auth Token","nodeId":"ddee2ef7-119f-4f23-8649-7285c81ad086"}}
{"__type":"$$EventMessageConfirm","confirm":"4b1f6a63-f9ba-4ddc-b5b2-d42b8fe3fac8","ts":"2025-12-06T18:43:06.251-05:00","source":{"id":"0","name":"eventBus"}}
{"__type":"$$EventMessageWorkflow","id":"06613dcf-31a9-425f-beb1-5ba9333d7675","ts":"2025-12-06T18:43:06.329-05:00","eventName":"n8n.workflow.started","message":"n8n.workflow.started","payload":{"executionId":"38","workflowId":"8y5ALZTU2BvkIrm4","isManual":false,"workflowName":"General"}}
{"__type":"$$EventMessageConfirm","confirm":"06613dcf-31a9-425f-beb1-5ba9333d7675","ts":"2025-12-06T18:43:06.329-05:00","source":{"id":"0","name":"eventBus"}}
{"__type":"$$EventMessageNode","id":"abe346d5-d1cf-462e-ad7c-bdd2e36f74d8","ts":"2025-12-06T18:43:06.329-05:00","eventName":"n8n.node.started","message":"n8n.node.started","payload":{"workflowId":"8y5ALZTU2BvkIrm4","workflowName":"General","executionId":"38","nodeType":"n8n-nodes-base.webhook","nodeName":"📱 Streamlit Webhook","nodeId":"ae8059ee-5c26-4af5-83ea-0b147821a989"}}
{"__type":"$$EventMessageConfirm","confirm":"abe346d5-d1cf-462e-ad7c-bdd2e36f74d8","ts":"2025-12-06T18:43:06.329-05:00","source":{"id":"0","name":"eventBus"}}
{"__type":"$$EventMessageNode","id":"e8d90c39-2c1e-419e-a61a-894b55f19cf0","ts":"2025-12-06T18:43:06.330-05:00","eventName":"n8n.node.finished","message":"n8n.node.finished","payload":{"workflowId":"8y5ALZTU2BvkIrm4","workflowName":"General","executionId":"38","nodeType":"n8n-nodes-base.webhook","nodeName":"📱 Streamlit Webhook","nodeId":"ae8059ee-5c26-4af5-83ea-0b147821a989"}}
{"__type":"$$EventMessageConfirm","confirm":"e8d90c39-2c1e-419e-a61a-894b55f19cf0","ts":"2025-12-06T18:43:06.330-05:00","source":{"id":"0","name":"eventBus"}}
{"__type":"$$EventMessageNode","id":"47803b8e-445e-486c-b401-bd81b0c6202e","ts":"2025-12-06T18:43:06.330-05:00","eventName":"n8n.node.started","message":"n8n.node.started","payload":{"workflowId":"8y5ALZTU2BvkIrm4","workflowName":"General","executionId":"38","nodeType":"n8n-nodes-base.function","nodeName":"Process Travel Data","nodeId":"02497c10-01cd-4448-8373-576a8cdff0cf"}}
{"__type":"$$EventMessageConfirm","confirm":"47803b8e-445e-486c-b401-bd81b0c6202e","ts":"2025-12-06T18:43:06.330-05:00","source":{"id":"0","name":"eventBus"}}
{"__type":"$$EventMessageNode","id":"2158a766-917f-4fdd-8440-128cda1af4dd","ts":"2025-12-06T18:43:06.335-05:00","eventName":"n8n.node.finished","message":"n8n.node.finished","payload":{"workflowId":"8y5ALZTU2BvkIrm4","workflowName":"General","executionId":"38","nodeType":"n8n-nodes-base.function","nodeName":"Process Travel Data","nodeId":"02497c10-01cd-4448-8373-576a8cdff0cf"}}
{"__type":"$$EventMessageConfirm","confirm":"2158a766-917f-4fdd-8440-128cda1af4dd","ts":"2025-12-06T18:43:06.335-05:00","source":{"id":"0","name":"eventBus"}}
{"__type":"$$EventMessageNode","id":"d75d4c99-44dd-42bf-bf14-ce8d6275c37f","ts":"2025-12-06T18:43:06.335-05:00","eventName":"n8n.node.started","message":"n8n.node.started","payload":{"workflowId":"8y5ALZTU2BvkIrm4","workflowName":"General","executionId":"38","nodeType":"n8n-nodes-base.httpRequest","nodeName":"✈️ Skyscanner Flights","nodeId":"6d1d14dd-30a6-4993-a0b8-2e926b5e6f7d"}}
{"__type":"$$EventMessageConfirm","confirm":"d75d4c99-44dd-42bf-bf14-ce8d6275c37f","ts":"2025-12-06T18:43:06.335-05:00","source":{"id":"0","name":"eventBus"}}
{"__type":"$$EventMessageWorkflow","id":"3f624931-3a26-4309-aabd-c821e3098bcc","ts":"2025-12-06T18:43:06.450-05:00","eventName":"n8n.workflow.started","message":"n8n.workflow.started","payload":{"executionId":"39","workflowId":"8y5ALZTU2BvkIrm4","isManual":false,"workflowName":"General"}}
{"__type":"$$EventMessageConfirm","confirm":"3f624931-3a26-4309-aabd-c821e3098bcc","ts":"2025-12-06T18:43:06.450-05:00","source":{"id":"0","name":"eventBus"}}
{"__type":"$$EventMessageNode","id":"29aaf2e2-bee9-4cce-8b20-7aed7b94f184","ts":"2025-12-06T18:43:06.451-05:00","eventName":"n8n.node.started","message":"n8n.node.started","payload":{"workflowId":"8y5ALZTU2BvkIrm4","workflowName":"General","executionId":"39","nodeType":"n8n-nodes-base.webhook","nodeName":"📱 Streamlit Webhook","nodeId":"ae8059ee-5c26-4af5-83ea-0b147821a989"}}
{"__type":"$$EventMessageConfirm","confirm":"29aaf2e2-bee9-4cce-8b20-7aed7b94f184","ts":"2025-12-06T18:43:06.451-05:00","source":{"id":"0","name":"eventBus"}}
{"__type":"$$EventMessageNode","id":"05b770e7-6d1b-4833-8497-d9fb6b3644b1","ts":"2025-12-06T18:43:06.451-05:00","eventName":"n8n.node.finished","message":"n8n.node.finished","payload":{"workflowId":"8y5ALZTU2BvkIrm4","workflowName":"General","executionId":"39","nodeType":"n8n-nodes-base.webhook","nodeName":"📱 Streamlit Webhook","nodeId":"ae8059ee-5c26-4af5-83ea-0b147821a989"}}
{"__type":"$$EventMessageConfirm","confirm":"05b770e7-6d1b-4833-8497-d9fb6b3644b1","ts":"2025-12-06T18:43:06.451-05:00","source":{"id":"0","name":"eventBus"}}
{"__type":"$$EventMessageNode","id":"62e3b06c-0dd5-43dc-846c-958231ad18dc","ts":"2025-12-06T18:43:06.451-05:00","eventName":"n8n.node.started","message":"n8n.node.started","payload":{"workflowId":"8y5ALZTU2BvkIrm4","workflowName":"General","executionId":"39","nodeType":"n8n-nodes-base.function","nodeName":"Process Travel Data","nodeId":"02497c10-01cd-4448-8373-576a8cdff0cf"}}
{"__type":"$$EventMessageConfirm","confirm":"62e3b06c-0dd5-43dc-846c-958231ad18dc","ts":"2025-12-06T18:43:06.451-05:00","source":{"id":"0","name":"eventBus"}}
{"__type":"$$EventMessageNode","id":"3a690951-10a8-4881-a2fa-cd4430bfb200","ts":"2025-12-06T18:43:06.456-05:00","eventName":"n8n.node.finished","message":"n8n.node.finished","payload":{"workflowId":"8y5ALZTU2BvkIrm4","workflowName":"General","executionId":"39","nodeType":"n8n-nodes-base.function","nodeName":"Process Travel Data","nodeId":"02497c10-01cd-4448-8373-576a8cdff0cf"}}
{"__type":"$$EventMessageConfirm","confirm":"3a690951-10a8-4881-a2fa-cd4430bfb200","ts":"2025-12-06T18:43:06.456-05:00","source":{"id":"0","name":"eventBus"}}
{"__type":"$$EventMessageNode","id":"27ba23a2-04d5-4089-8a50-299d68b6a3fc","ts":"2025-12-06T18:43:06.456-05:00","eventName":"n8n.node.started","message":"n8n.node.started","payload":{"workflowId":"8y5ALZTU2BvkIrm4","workflowName":"General","executionId":"39","nodeType":"n8n-nodes-base.httpRequest","nodeName":"✈️ Skyscanner Flights","nodeId":"6d1d14dd-30a6-4993-a0b8-2e926b5e6f7d"}}
{"__type":"$$EventMessageConfirm","confirm":"27ba23a2-04d5-4089-8a50-299d68b6a3fc","ts":"2025-12-06T18:43:06.456-05:00","source":{"id":"0","name":"eventBus"}}
{"__type":"$$EventMessageNode","id":"ae585cd5-a313-4a81-812e-5e2e2537d9f0","ts":"2025-12-06T18:43:07.054-05:00","eventName":"n8n.node.finished","message":"n8n.node.finished","payload":{"workflowId":"8y5ALZTU2BvkIrm4","workflowName":"General","executionId":"29","nodeType":"n8n-nodes-base.httpRequest","nodeName":"🏨 Amadeus Hotels Search","nodeId":"335375c3-b2c4-488a-a187-5db699984bb5"}}
{"__type":"$$EventMessageConfirm","confirm":"ae585cd5-a313-4a81-812e-5e2e2537d9f0","ts":"2025-12-06T18:43:07.054-05:00","source":{"id":"0","name":"eventBus"}}
{"__type":"$$EventMessageNode","id":"1ed4885c-5fa7-4f13-8cf3-a6e65cc8e124","ts":"2025-12-06T18:43:07.054-05:00","eventName":"n8n.node.started","message":"n8n.node.started","payload":{"workflowId":"8y5ALZTU2BvkIrm4","workflowName":"General","executionId":"29","nodeType":"n8n-nodes-base.code","nodeName":"🧩 Parse Amadeus Hotels","nodeId":"47677723-da63-41ea-8c58-4cff95258258"}}
{"__type":"$$EventMessageConfirm","confirm":"1ed4885c-5fa7-4f13-8cf3-a6e65cc8e124","ts":"2025-12-06T18:43:07.054-05:00","source":{"id":"0","name":"eventBus"}}
{"__type":"$$EventMessageNode","id":"5ebafeaf-b6a0-4a4e-9aa7-dca24c0f40a1","ts":"2025-12-06T18:43:07.079-05:00","eventName":"n8n.node.finished","message":"n8n.node.finished","payload":{"workflowId":"8y5ALZTU2BvkIrm4","workflowName":"General","executionId":"29","nodeType":"n8n-nodes-base.code","nodeName":"🧩 Parse Amadeus Hotels","nodeId":"47677723-da63-41ea-8c58-4cff95258258"}}
{"__type":"$$EventMessageConfirm","confirm":"5ebafeaf-b6a0-4a4e-9aa7-dca24c0f40a1","ts":"2025-12-06T18:43:07.079-05:00","source":{"id":"0","name":"eventBus"}}
{"__type":"$$EventMessageNode","id":"dbe4a776-3f15-48f8-8178-ba82dd616f68","ts":"2025-12-06T18:43:07.081-05:00","eventName":"n8n.node.started","message":"n8n.node.started","payload":{"workflowId":"8y5ALZTU2BvkIrm4","workflowName":"General","executionId":"29","nodeType":"n8n-nodes-base.code","nodeName":"Code in JavaScript","nodeId":"9ad265ae-5dcc-402a-9191-c6e7792d671f"}}
{"__type":"$$EventMessageConfirm","confirm":"dbe4a776-3f15-48f8-8178-ba82dd616f68","ts":"2025-12-06T18:43:07.081-05:00","source":{"id":"0","name":"eventBus"}}
{"__type":"$$EventMessageNode","id":"e4ce38f5-6c00-4ac1-a7be-29acb0cf0bc0","ts":"2025-12-06T18:43:07.087-05:00","eventName":"n8n.node.finished","message":"n8n.node.finished","payload":{"workflowId":"8y5ALZTU2BvkIrm4","workflowName":"General","executionId":"29","nodeType":"n8n-nodes-base.code","nodeName":"Code in JavaScript","nodeId":"9ad265ae-5dcc-402a-9191-c6e7792d671f"}}
{"__type":"$$EventMessageConfirm","confirm":"e4ce38f5-6c00-4ac1-a7be-29acb0cf0bc0","ts":"2025-12-06T18:43:07.087-05:00","source":{"id":"0","name":"eventBus"}}
{"__type":"$$EventMessageNode","id":"1746ab1d-026a-48eb-947b-d27c9b748274","ts":"2025-12-06T18:43:07.088-05:00","eventName":"n8n.node.started","message":"n8n.node.started","payload":{"workflowId":"8y5ALZTU2BvkIrm4","workflowName":"General","executionId":"29","nodeType":"n8n-nodes-base.function","nodeName":"💡 Generate Travel Recommendations","nodeId":"300dd062-67fe-4694-b4db-81170145ca24"}}
{"__type":"$$EventMessageConfirm","confirm":"1746ab1d-026a-48eb-947b-d27c9b748274","ts":"2025-12-06T18:43:07.088-05:00","source":{"id":"0","name":"eventBus"}}
{"__type":"$$EventMessageNode","id":"ef0ac6ae-af3a-4354-b834-9857dc0f5601","ts":"2025-12-06T18:43:07.096-05:00","eventName":"n8n.node.finished","message":"n8n.node.finished","payload":{"workflowId":"8y5ALZTU2BvkIrm4","workflowName":"General","executionId":"29","nodeType":"n8n-nodes-base.function","nodeName":"💡 Generate Travel Recommendations","nodeId":"300dd062-67fe-4694-b4db-81170145ca24"}}
{"__type":"$$EventMessageConfirm","confirm":"ef0ac6ae-af3a-4354-b834-9857dc0f5601","ts":"2025-12-06T18:43:07.096-05:00","source":{"id":"0","name":"eventBus"}}
{"__type":"$$EventMessageNode","id":"180fb7b6-7a5a-4ba9-b3a5-417556dab394","ts":"2025-12-06T18:43:07.097-05:00","eventName":"n8n.node.started","message":"n8n.node.started","payload":{"workflowId":"8y5ALZTU2BvkIrm4","workflowName":"General","executionId":"29","nodeType":"n8n-nodes-base.supabase","nodeName":"💾 Supabase Storage","nodeId":"5decf8b0-d187-4260-9cad-7841d180e7bb"}}
{"__type":"$$EventMessageConfirm","confirm":"180fb7b6-7a5a-4ba9-b3a5-417556dab394","ts":"2025-12-06T18:43:07.097-05:00","source":{"id":"0","name":"eventBus"}}
{"__type":"$$EventMessageNode","id":"2b287776-d1f2-4353-a8da-1ad49a2e74cc","ts":"2025-12-06T18:43:07.155-05:00","eventName":"n8n.node.finished","message":"n8n.node.finished","payload":{"workflowId":"8y5ALZTU2BvkIrm4","workflowName":"General","executionId":"31","nodeType":"n8n-nodes-base.httpRequest","nodeName":"🏨 Amadeus Hotels Search","nodeId":"335375c3-b2c4-488a-a187-5db699984bb5"}}
{"__type":"$$EventMessageConfirm","confirm":"2b287776-d1f2-4353-a8da-1ad49a2e74cc","ts":"2025-12-06T18:43:07.155-05:00","source":{"id":"0","name":"eventBus"}}
{"__type":"$$EventMessageNode","id":"ab033399-d454-452d-9a6c-25f40ded9da5","ts":"2025-12-06T18:43:07.155-05:00","eventName":"n8n.node.started","message":"n8n.node.started","payload":{"workflowId":"8y5ALZTU2BvkIrm4","workflowName":"General","executionId":"31","nodeType":"n8n-nodes-base.code","nodeName":"🧩 Parse Amadeus Hotels","nodeId":"47677723-da63-41ea-8c58-4cff95258258"}}
{"__type":"$$EventMessageConfirm","confirm":"ab033399-d454-452d-9a6c-25f40ded9da5","ts":"2025-12-06T18:43:07.155-05:00","source":{"id":"0","name":"eventBus"}}
{"__type":"$$EventMessageNode","id":"52c1825c-4f45-45c8-ba26-bd1fda32e4fe","ts":"2025-12-06T18:43:07.194-05:00","eventName":"n8n.node.finished","message":"n8n.node.finished","payload":{"workflowId":"8y5ALZTU2BvkIrm4","workflowName":"General","executionId":"31","nodeType":"n8n-nodes-base.code","nodeName":"🧩 Parse Amadeus Hotels","nodeId":"47677723-da63-41ea-8c58-4cff95258258"}}
{"__type":"$$EventMessageConfirm","confirm":"52c1825c-4f45-45c8-ba26-bd1fda32e4fe","ts":"2025-12-06T18:43:07.194-05:00","source":{"id":"0","name":"eventBus"}}
{"__type":"$$EventMessageNode","id":"0ed9107b-4f1b-4acd-ba89-0fc9ba99f590","ts":"2025-12-06T18:43:07.196-05:00","eventName":"n8n.node.started","message":"n8n.node.started","payload":{"workflowId":"8y5ALZTU2BvkIrm4","workflowName":"General","executionId":"31","nodeType":"n8n-nodes-base.code","nodeName":"Code in JavaScript","nodeId":"9ad265ae-5dcc-402a-9191-c6e7792d671f"}}
{"__type":"$$EventMessageConfirm","confirm":"0ed9107b-4f1b-4acd-ba89-0fc9ba99f590","ts":"2025-12-06T18:43:07.196-05:00","source":{"id":"0","name":"eventBus"}}
{"__type":"$$EventMessageNode","id":"0aa13cca-e591-4e6a-b15b-205d1d80e070","ts":"2025-12-06T18:43:07.204-05:00","eventName":"n8n.node.finished","message":"n8n.node.finished","payload":{"workflowId":"8y5ALZTU2BvkIrm4","workflowName":"General","executionId":"31","nodeType":"n8n-nodes-base.code","nodeName":"Code in JavaScript","nodeId":"9ad265ae-5dcc-402a-9191-c6e7792d671f"}}
{"__type":"$$EventMessageConfirm","confirm":"0aa13cca-e591-4e6a-b15b-205d1d80e070","ts":"2025-12-06T18:43:07.204-05:00","source":{"id":"0","name":"eventBus"}}
{"__type":"$$EventMessageNode","id":"fb0c108b-2ee7-481b-aea0-daf126882942","ts":"2025-12-06T18:43:07.205-05:00","eventName":"n8n.node.started","message":"n8n.node.started","payload":{"workflowId":"8y5ALZTU2BvkIrm4","workflowName":"General","executionId":"31","nodeType":"n8n-nodes-base.function","nodeName":"💡 Generate Travel Recommendations","nodeId":"300dd062-67fe-4694-b4db-81170145ca24"}}
{"__type":"$$EventMessageConfirm","confirm":"fb0c108b-2ee7-481b-aea0-daf126882942","ts":"2025-12-06T18:43:07.205-05:00","source":{"id":"0","name":"eventBus"}}
{"__type":"$$EventMessageNode","id":"b66498c7-2b75-4cd0-ab59-0b5dbdc894e4","ts":"2025-12-06T18:43:07.215-05:00","eventName":"n8n.node.finished","message":"n8n.node.finished","payload":{"workflowId":"8y5ALZTU2BvkIrm4","workflowName":"General","executionId":"31","nodeType":"n8n-nodes-base.function","nodeName":"💡 Generate Travel Recommendations","nodeId":"300dd062-67fe-4694-b4db-81170145ca24"}}
{"__type":"$$EventMessageConfirm","confirm":"b66498c7-2b75-4cd0-ab59-0b5dbdc894e4","ts":"2025-12-06T18:43:07.216-05:00","source":{"id":"0","name":"eventBus"}}
{"__type":"$$EventMessageNode","id":"0ab96c7a-8569-4c32-80c7-c09b7cfe415b","ts":"2025-12-06T18:43:07.216-05:00","eventName":"n8n.node.started","message":"n8n.node.started","payload":{"workflowId":"8y5ALZTU2BvkIrm4","workflowName":"General","executionId":"31","nodeType":"n8n-nodes-base.supabase","nodeName":"💾 Supabase Storage","nodeId":"5decf8b0-d187-4260-9cad-7841d180e7bb"}}
{"__type":"$$EventMessageConfirm","confirm":"0ab96c7a-8569-4c32-80c7-c09b7cfe415b","ts":"2025-12-06T18:43:07.216-05:00","source":{"id":"0","name":"eventBus"}}
{"__type":"$$EventMessageNode","id":"1fa28e41-63b2-4b6a-88c6-dcb6155ac57f","ts":"2025-12-06T18:43:07.307-05:00","eventName":"n8n.node.finished","message":"n8n.node.finished","payload":{"workflowId":"8y5ALZTU2BvkIrm4","workflowName":"General","executionId":"32","nodeType":"n8n-nodes-base.httpRequest","nodeName":"🏨 Amadeus Hotels Search","nodeId":"335375c3-b2c4-488a-a187-5db699984bb5"}}
{"__type":"$$EventMessageConfirm","confirm":"1fa28e41-63b2-4b6a-88c6-dcb6155ac57f","ts":"2025-12-06T18:43:07.307-05:00","source":{"id":"0","name":"eventBus"}}
{"__type":"$$EventMessageNode","id":"9d49f198-baf4-479e-9080-15c9c62e9ff5","ts":"2025-12-06T18:43:07.307-05:00","eventName":"n8n.node.started","message":"n8n.node.started","payload":{"workflowId":"8y5ALZTU2BvkIrm4","workflowName":"General","executionId":"32","nodeType":"n8n-nodes-base.code","nodeName":"🧩 Parse Amadeus Hotels","nodeId":"47677723-da63-41ea-8c58-4cff95258258"}}
{"__type":"$$EventMessageConfirm","confirm":"9d49f198-baf4-479e-9080-15c9c62e9ff5","ts":"2025-12-06T18:43:07.307-05:00","source":{"id":"0","name":"eventBus"}}
{"__type":"$$EventMessageNode","id":"5b13e516-44af-407c-b763-acd59a404644","ts":"2025-12-06T18:43:07.332-05:00","eventName":"n8n.node.finished","message":"n8n.node.finished","payload":{"workflowId":"8y5ALZTU2BvkIrm4","workflowName":"General","executionId":"32","nodeType":"n8n-nodes-base.code","nodeName":"🧩 Parse Amadeus Hotels","nodeId":"47677723-da63-41ea-8c58-4cff95258258"}}
{"__type":"$$EventMessageConfirm","confirm":"5b13e516-44af-407c-b763-acd59a404644","ts":"2025-12-06T18:43:07.333-05:00","source":{"id":"0","name":"eventBus"}}
{"__type":"$$EventMessageNode","id":"a577c01c-e1fe-477e-9463-168efbd3dd80","ts":"2025-12-06T18:43:07.334-05:00","eventName":"n8n.node.started","message":"n8n.node.started","payload":{"workflowId":"8y5ALZTU2BvkIrm4","workflowName":"General","executionId":"32","nodeType":"n8n-nodes-base.code","nodeName":"Code in JavaScript","nodeId":"9ad265ae-5dcc-402a-9191-c6e7792d671f"}}
{"__type":"$$EventMessageConfirm","confirm":"a577c01c-e1fe-477e-9463-168efbd3dd80","ts":"2025-12-06T18:43:07.334-05:00","source":{"id":"0","name":"eventBus"}}
{"__type":"$$EventMessageNode","id":"8150df4f-0c9e-4350-a5b2-0cc7dbf16d7b","ts":"2025-12-06T18:43:07.365-05:00","eventName":"n8n.node.finished","message":"n8n.node.finished","payload":{"workflowId":"8y5ALZTU2BvkIrm4","workflowName":"General","executionId":"32","nodeType":"n8n-nodes-base.code","nodeName":"Code in JavaScript","nodeId":"9ad265ae-5dcc-402a-9191-c6e7792d671f"}}
{"__type":"$$EventMessageConfirm","confirm":"8150df4f-0c9e-4350-a5b2-0cc7dbf16d7b","ts":"2025-12-06T18:43:07.366-05:00","source":{"id":"0","name":"eventBus"}}
{"__type":"$$EventMessageNode","id":"320bbdfa-04bd-4480-97f1-5ca79932de98","ts":"2025-12-06T18:43:07.366-05:00","eventName":"n8n.node.started","message":"n8n.node.started","payload":{"workflowId":"8y5ALZTU2BvkIrm4","workflowName":"General","executionId":"32","nodeType":"n8n-nodes-base.function","nodeName":"💡 Generate Travel Recommendations","nodeId":"300dd062-67fe-4694-b4db-81170145ca24"}}
{"__type":"$$EventMessageConfirm","confirm":"320bbdfa-04bd-4480-97f1-5ca79932de98","ts":"2025-12-06T18:43:07.366-05:00","source":{"id":"0","name":"eventBus"}}
{"__type":"$$EventMessageNode","id":"e8b84099-1279-46e0-882a-212ab2b99bc3","ts":"2025-12-06T18:43:07.375-05:00","eventName":"n8n.node.finished","message":"n8n.node.finished","payload":{"workflowId":"8y5ALZTU2BvkIrm4","workflowName":"General","executionId":"32","nodeType":"n8n-nodes-base.function","nodeName":"💡 Generate Travel Recommendations","nodeId":"300dd062-67fe-4694-b4db-81170145ca24"}}
{"__type":"$$EventMessageConfirm","confirm":"e8b84099-1279-46e0-882a-212ab2b99bc3","ts":"2025-12-06T18:43:07.375-05:00","source":{"id":"0","name":"eventBus"}}
{"__type":"$$EventMessageNode","id":"167bc455-e659-457b-833a-bc4e4ba180b2","ts":"2025-12-06T18:43:07.376-05:00","eventName":"n8n.node.started","message":"n8n.node.started","payload":{"workflowId":"8y5ALZTU2BvkIrm4","workflowName":"General","executionId":"32","nodeType":"n8n-nodes-base.supabase","nodeName":"💾 Supabase Storage","nodeId":"5decf8b0-d187-4260-9cad-7841d180e7bb"}}
{"__type":"$$EventMessageConfirm","confirm":"167bc455-e659-457b-833a-bc4e4ba180b2","ts":"2025-12-06T18:43:07.376-05:00","source":{"id":"0","name":"eventBus"}}
{"__type":"$$EventMessageNode","id":"f709db3d-52d3-4194-88af-3cc8c13df37b","ts":"2025-12-06T18:43:07.398-05:00","eventName":"n8n.node.finished","message":"n8n.node.finished","payload":{"workflowId":"8y5ALZTU2BvkIrm4","workflowName":"General","executionId":"36","nodeType":"n8n-nodes-base.httpRequest","nodeName":"✈️ Skyscanner Flights","nodeId":"6d1d14dd-30a6-4993-a0b8-2e926b5e6f7d"}}
{"__type":"$$EventMessageConfirm","confirm":"f709db3d-52d3-4194-88af-3cc8c13df37b","ts":"2025-12-06T18:43:07.399-05:00","source":{"id":"0","name":"eventBus"}}
{"__type":"$$EventMessageNode","id":"3ccf4363-a70c-448e-938f-15b9c2b1edc0","ts":"2025-12-06T18:43:07.399-05:00","eventName":"n8n.node.started","message":"n8n.node.started","payload":{"workflowId":"8y5ALZTU2BvkIrm4","workflowName":"General","executionId":"36","nodeType":"n8n-nodes-base.httpRequest","nodeName":"🗝️ Amadeus Auth Token","nodeId":"ddee2ef7-119f-4f23-8649-7285c81ad086"}}
{"__type":"$$EventMessageConfirm","confirm":"3ccf4363-a70c-448e-938f-15b9c2b1edc0","ts":"2025-12-06T18:43:07.399-05:00","source":{"id":"0","name":"eventBus"}}
{"__type":"$$EventMessageNode","id":"09cc364e-64b8-4fa8-87fd-2633e43e8e52","ts":"2025-12-06T18:43:07.403-05:00","eventName":"n8n.node.finished","message":"n8n.node.finished","payload":{"workflowId":"8y5ALZTU2BvkIrm4","workflowName":"General","executionId":"38","nodeType":"n8n-nodes-base.httpRequest","nodeName":"✈️ Skyscanner Flights","nodeId":"6d1d14dd-30a6-4993-a0b8-2e926b5e6f7d"}}
{"__type":"$$EventMessageConfirm","confirm":"09cc364e-64b8-4fa8-87fd-2633e43e8e52","ts":"2025-12-06T18:43:07.404-05:00","source":{"id":"0","name":"eventBus"}}
{"__type":"$$EventMessageNode","id":"e67def6d-dec0-4946-a3e7-7433cbf1a46f","ts":"2025-12-06T18:43:07.404-05:00","eventName":"n8n.node.started","message":"n8n.node.started","payload":{"workflowId":"8y5ALZTU2BvkIrm4","workflowName":"General","executionId":"38","nodeType":"n8n-nodes-base.httpRequest","nodeName":"🗝️ Amadeus Auth Token","nodeId":"ddee2ef7-119f-4f23-8649-7285c81ad086"}}
{"__type":"$$EventMessageConfirm","confirm":"e67def6d-dec0-4946-a3e7-7433cbf1a46f","ts":"2025-12-06T18:43:07.404-05:00","source":{"id":"0","name":"eventBus"}}
{"__type":"$$EventMessageNode","id":"ad8e996c-61d7-40f6-b0d4-f933c2e12055","ts":"2025-12-06T18:43:07.413-05:00","eventName":"n8n.node.finished","message":"n8n.node.finished","payload":{"workflowId":"8y5ALZTU2BvkIrm4","workflowName":"General","executionId":"35","nodeType":"n8n-nodes-base.httpRequest","nodeName":"🗝️ Amadeus Auth Token","nodeId":"ddee2ef7-119f-4f23-8649-7285c81ad086"}}
{"__type":"$$EventMessageConfirm","confirm":"ad8e996c-61d7-40f6-b0d4-f933c2e12055","ts":"2025-12-06T18:43:07.414-05:00","source":{"id":"0","name":"eventBus"}}
{"__type":"$$EventMessageNode","id":"59b6b8c4-aa11-4dfd-b410-575733f61939","ts":"2025-12-06T18:43:07.414-05:00","eventName":"n8n.node.started","message":"n8n.node.started","payload":{"workflowId":"8y5ALZTU2BvkIrm4","workflowName":"General","executionId":"35","nodeType":"n8n-nodes-base.httpRequest","nodeName":"🏨 Amadeus Hotels Search","nodeId":"335375c3-b2c4-488a-a187-5db699984bb5"}}
{"__type":"$$EventMessageConfirm","confirm":"59b6b8c4-aa11-4dfd-b410-575733f61939","ts":"2025-12-06T18:43:07.414-05:00","source":{"id":"0","name":"eventBus"}}
{"__type":"$$EventMessageNode","id":"043be795-ac20-499a-9557-b6efe3c8fda3","ts":"2025-12-06T18:43:07.434-05:00","eventName":"n8n.node.finished","message":"n8n.node.finished","payload":{"workflowId":"8y5ALZTU2BvkIrm4","workflowName":"General","executionId":"34","nodeType":"n8n-nodes-base.httpRequest","nodeName":"🏨 Amadeus Hotels Search","nodeId":"335375c3-b2c4-488a-a187-5db699984bb5"}}
{"__type":"$$EventMessageConfirm","confirm":"043be795-ac20-499a-9557-b6efe3c8fda3","ts":"2025-12-06T18:43:07.434-05:00","source":{"id":"0","name":"eventBus"}}
{"__type":"$$EventMessageNode","id":"e1aed3d0-35ae-48a7-8702-5f43752e6dae","ts":"2025-12-06T18:43:07.434-05:00","eventName":"n8n.node.started","message":"n8n.node.started","payload":{"workflowId":"8y5ALZTU2BvkIrm4","workflowName":"General","executionId":"34","nodeType":"n8n-nodes-base.code","nodeName":"🧩 Parse Amadeus Hotels","nodeId":"47677723-da63-41ea-8c58-4cff95258258"}}
{"__type":"$$EventMessageConfirm","confirm":"e1aed3d0-35ae-48a7-8702-5f43752e6dae","ts":"2025-12-06T18:43:07.434-05:00","source":{"id":"0","name":"eventBus"}}
{"__type":"$$EventMessageNode","id":"6a4ef24f-cce0-4ea5-8533-a078c4ac1522","ts":"2025-12-06T18:43:07.459-05:00","eventName":"n8n.node.finished","message":"n8n.node.finished","payload":{"workflowId":"8y5ALZTU2BvkIrm4","workflowName":"General","executionId":"34","nodeType":"n8n-nodes-base.code","nodeName":"🧩 Parse Amadeus Hotels","nodeId":"47677723-da63-41ea-8c58-4cff95258258"}}
{"__type":"$$EventMessageConfirm","confirm":"6a4ef24f-cce0-4ea5-8533-a078c4ac1522","ts":"2025-12-06T18:43:07.459-05:00","source":{"id":"0","name":"eventBus"}}
{"__type":"$$EventMessageNode","id":"26800334-c2dd-4424-9ebb-66d32c6cc35e","ts":"2025-12-06T18:43:07.461-05:00","eventName":"n8n.node.started","message":"n8n.node.started","payload":{"workflowId":"8y5ALZTU2BvkIrm4","workflowName":"General","executionId":"34","nodeType":"n8n-nodes-base.code","nodeName":"Code in JavaScript","nodeId":"9ad265ae-5dcc-402a-9191-c6e7792d671f"}}
{"__type":"$$EventMessageConfirm","confirm":"26800334-c2dd-4424-9ebb-66d32c6cc35e","ts":"2025-12-06T18:43:07.461-05:00","source":{"id":"0","name":"eventBus"}}
{"__type":"$$EventMessageNode","id":"e8b16d75-eb93-4509-8582-964d409739e3","ts":"2025-12-06T18:43:07.471-05:00","eventName":"n8n.node.finished","message":"n8n.node.finished","payload":{"workflowId":"8y5ALZTU2BvkIrm4","workflowName":"General","executionId":"34","nodeType":"n8n-nodes-base.code","nodeName":"Code in JavaScript","nodeId":"9ad265ae-5dcc-402a-9191-c6e7792d671f"}}
{"__type":"$$EventMessageConfirm","confirm":"e8b16d75-eb93-4509-8582-964d409739e3","ts":"2025-12-06T18:43:07.471-05:00","source":{"id":"0","name":"eventBus"}}
{"__type":"$$EventMessageNode","id":"99c62237-1ed2-4961-b490-8908e6140e60","ts":"2025-12-06T18:43:07.472-05:00","eventName":"n8n.node.started","message":"n8n.node.started","payload":{"workflowId":"8y5ALZTU2BvkIrm4","workflowName":"General","executionId":"34","nodeType":"n8n-nodes-base.function","nodeName":"💡 Generate Travel Recommendations","nodeId":"300dd062-67fe-4694-b4db-81170145ca24"}}
{"__type":"$$EventMessageConfirm","confirm":"99c62237-1ed2-4961-b490-8908e6140e60","ts":"2025-12-06T18:43:07.472-05:00","source":{"id":"0","name":"eventBus"}}
{"__type":"$$EventMessageNode","id":"d4607bab-49e8-45f4-9467-e9c78774ff87","ts":"2025-12-06T18:43:07.481-05:00","eventName":"n8n.node.finished","message":"n8n.node.finished","payload":{"workflowId":"8y5ALZTU2BvkIrm4","workflowName":"General","executionId":"34","nodeType":"n8n-nodes-base.function","nodeName":"💡 Generate Travel Recommendations","nodeId":"300dd062-67fe-4694-b4db-81170145ca24"}}
{"__type":"$$EventMessageConfirm","confirm":"d4607bab-49e8-45f4-9467-e9c78774ff87","ts":"2025-12-06T18:43:07.481-05:00","source":{"id":"0","name":"eventBus"}}
{"__type":"$$EventMessageNode","id":"bc66b0ea-48f0-4fec-9e08-58a5ec68ea16","ts":"2025-12-06T18:43:07.482-05:00","eventName":"n8n.node.started","message":"n8n.node.started","payload":{"workflowId":"8y5ALZTU2BvkIrm4","workflowName":"General","executionId":"34","nodeType":"n8n-nodes-base.supabase","nodeName":"💾 Supabase Storage","nodeId":"5decf8b0-d187-4260-9cad-7841d180e7bb"}}
{"__type":"$$EventMessageConfirm","confirm":"bc66b0ea-48f0-4fec-9e08-58a5ec68ea16","ts":"2025-12-06T18:43:07.482-05:00","source":{"id":"0","name":"eventBus"}}
{"__type":"$$EventMessageNode","id":"27e24078-c1be-4987-b202-b3fa95d53112","ts":"2025-12-06T18:43:07.511-05:00","eventName":"n8n.node.finished","message":"n8n.node.finished","payload":{"workflowId":"8y5ALZTU2BvkIrm4","workflowName":"General","executionId":"33","nodeType":"n8n-nodes-base.httpRequest","nodeName":"🏨 Amadeus Hotels Search","nodeId":"335375c3-b2c4-488a-a187-5db699984bb5"}}
{"__type":"$$EventMessageConfirm","confirm":"27e24078-c1be-4987-b202-b3fa95d53112","ts":"2025-12-06T18:43:07.511-05:00","source":{"id":"0","name":"eventBus"}}
{"__type":"$$EventMessageNode","id":"4c335229-cf51-4667-a814-df5d9e9ce110","ts":"2025-12-06T18:43:07.511-05:00","eventName":"n8n.node.started","message":"n8n.node.started","payload":{"workflowId":"8y5ALZTU2BvkIrm4","workflowName":"General","executionId":"33","nodeType":"n8n-nodes-base.code","nodeName":"🧩 Parse Amadeus Hotels","nodeId":"47677723-da63-41ea-8c58-4cff95258258"}}
{"__type":"$$EventMessageConfirm","confirm":"4c335229-cf51-4667-a814-df5d9e9ce110","ts":"2025-12-06T18:43:07.512-05:00","source":{"id":"0","name":"eventBus"}}
{"__type":"$$EventMessageNode","id":"5179ab08-b961-43c1-afd2-f5eaef17360d","ts":"2025-12-06T18:43:07.538-05:00","eventName":"n8n.node.finished","message":"n8n.node.finished","payload":{"workflowId":"8y5ALZTU2BvkIrm4","workflowName":"General","executionId":"33","nodeType":"n8n-nodes-base.code","nodeName":"🧩 Parse Amadeus Hotels","nodeId":"47677723-da63-41ea-8c58-4cff95258258"}}
{"__type":"$$EventMessageConfirm","confirm":"5179ab08-b961-43c1-afd2-f5eaef17360d","ts":"2025-12-06T18:43:07.538-05:00","source":{"id":"0","name":"eventBus"}}
{"__type":"$$EventMessageNode","id":"ec7646ee-5f66-4c82-a010-a25610cc6f4f","ts":"2025-12-06T18:43:07.539-05:00","eventName":"n8n.node.started","message":"n8n.node.started","payload":{"workflowId":"8y5ALZTU2BvkIrm4","workflowName":"General","executionId":"33","nodeType":"n8n-nodes-base.code","nodeName":"Code in JavaScript","nodeId":"9ad265ae-5dcc-402a-9191-c6e7792d671f"}}
{"__type":"$$EventMessageConfirm","confirm":"ec7646ee-5f66-4c82-a010-a25610cc6f4f","ts":"2025-12-06T18:43:07.539-05:00","source":{"id":"0","name":"eventBus"}}
{"__type":"$$EventMessageNode","id":"32ec3b8e-3f3f-4ca2-9de7-f18165ca7aec","ts":"2025-12-06T18:43:07.546-05:00","eventName":"n8n.node.finished","message":"n8n.node.finished","payload":{"workflowId":"8y5ALZTU2BvkIrm4","workflowName":"General","executionId":"33","nodeType":"n8n-nodes-base.code","nodeName":"Code in JavaScript","nodeId":"9ad265ae-5dcc-402a-9191-c6e7792d671f"}}
{"__type":"$$EventMessageConfirm","confirm":"32ec3b8e-3f3f-4ca2-9de7-f18165ca7aec","ts":"2025-12-06T18:43:07.546-05:00","source":{"id":"0","name":"eventBus"}}
{"__type":"$$EventMessageNode","id":"5b57fab6-e749-41ef-8ded-930d3f842485","ts":"2025-12-06T18:43:07.546-05:00","eventName":"n8n.node.started","message":"n8n.node.started","payload":{"workflowId":"8y5ALZTU2BvkIrm4","workflowName":"General","executionId":"33","nodeType":"n8n-nodes-base.function","nodeName":"💡 Generate Travel Recommendations","nodeId":"300dd062-67fe-4694-b4db-81170145ca24"}}
{"__type":"$$EventMessageConfirm","confirm":"5b57fab6-e749-41ef-8ded-930d3f842485","ts":"2025-12-06T18:43:07.546-05:00","source":{"id":"0","name":"eventBus"}}
{"__type":"$$EventMessageNode","id":"3d27c462-7d9a-4642-ae2f-1f4ffe3f964e","ts":"2025-12-06T18:43:07.557-05:00","eventName":"n8n.node.finished","message":"n8n.node.finished","payload":{"workflowId":"8y5ALZTU2BvkIrm4","workflowName":"General","executionId":"33","nodeType":"n8n-nodes-base.function","nodeName":"💡 Generate Travel Recommendations","nodeId":"300dd062-67fe-4694-b4db-81170145ca24"}}
{"__type":"$$EventMessageConfirm","confirm":"3d27c462-7d9a-4642-ae2f-1f4ffe3f964e","ts":"2025-12-06T18:43:07.557-05:00","source":{"id":"0","name":"eventBus"}}
{"__type":"$$EventMessageNode","id":"c3dfaa2f-e51b-48d5-bbb5-1f442d469178","ts":"2025-12-06T18:43:07.557-05:00","eventName":"n8n.node.started","message":"n8n.node.started","payload":{"workflowId":"8y5ALZTU2BvkIrm4","workflowName":"General","executionId":"33","nodeType":"n8n-nodes-base.supabase","nodeName":"💾 Supabase Storage","nodeId":"5decf8b0-d187-4260-9cad-7841d180e7bb"}}
{"__type":"$$EventMessageConfirm","confirm":"c3dfaa2f-e51b-48d5-bbb5-1f442d469178","ts":"2025-12-06T18:43:07.558-05:00","source":{"id":"0","name":"eventBus"}}
{"__type":"$$EventMessageNode","id":"9226fc71-6015-49fb-8051-ed4909281a7a","ts":"2025-12-06T18:43:07.585-05:00","eventName":"n8n.node.finished","message":"n8n.node.finished","payload":{"workflowId":"8y5ALZTU2BvkIrm4","workflowName":"General","executionId":"37","nodeType":"n8n-nodes-base.httpRequest","nodeName":"✈️ Skyscanner Flights","nodeId":"6d1d14dd-30a6-4993-a0b8-2e926b5e6f7d"}}
{"__type":"$$EventMessageConfirm","confirm":"9226fc71-6015-49fb-8051-ed4909281a7a","ts":"2025-12-06T18:43:07.585-05:00","source":{"id":"0","name":"eventBus"}}
{"__type":"$$EventMessageNode","id":"2414c509-f0ce-4c92-9066-2ff58620d73a","ts":"2025-12-06T18:43:07.585-05:00","eventName":"n8n.node.started","message":"n8n.node.started","payload":{"workflowId":"8y5ALZTU2BvkIrm4","workflowName":"General","executionId":"37","nodeType":"n8n-nodes-base.httpRequest","nodeName":"🗝️ Amadeus Auth Token","nodeId":"ddee2ef7-119f-4f23-8649-7285c81ad086"}}
{"__type":"$$EventMessageConfirm","confirm":"2414c509-f0ce-4c92-9066-2ff58620d73a","ts":"2025-12-06T18:43:07.585-05:00","source":{"id":"0","name":"eventBus"}}
{"__type":"$$EventMessageNode","id":"304be30d-eb2d-4843-94b7-5a23d08204a3","ts":"2025-12-06T18:43:07.686-05:00","eventName":"n8n.node.finished","message":"n8n.node.finished","payload":{"workflowId":"8y5ALZTU2BvkIrm4","workflowName":"General","executionId":"39","nodeType":"n8n-nodes-base.httpRequest","nodeName":"✈️ Skyscanner Flights","nodeId":"6d1d14dd-30a6-4993-a0b8-2e926b5e6f7d"}}
{"__type":"$$EventMessageConfirm","confirm":"304be30d-eb2d-4843-94b7-5a23d08204a3","ts":"2025-12-06T18:43:07.687-05:00","source":{"id":"0","name":"eventBus"}}
{"__type":"$$EventMessageNode","id":"057939f5-5e94-4845-a1be-263da794782e","ts":"2025-12-06T18:43:07.687-05:00","eventName":"n8n.node.started","message":"n8n.node.started","payload":{"workflowId":"8y5ALZTU2BvkIrm4","workflowName":"General","executionId":"39","nodeType":"n8n-nodes-base.httpRequest","nodeName":"🗝️ Amadeus Auth Token","nodeId":"ddee2ef7-119f-4f23-8649-7285c81ad086"}}
{"__type":"$$EventMessageConfirm","confirm":"057939f5-5e94-4845-a1be-263da794782e","ts":"2025-12-06T18:43:07.687-05:00","source":{"id":"0","name":"eventBus"}}
{"__type":"$$EventMessageNode","id":"0833f661-0ba1-49ce-82ef-eff48cdcc638","ts":"2025-12-06T18:43:07.719-05:00","eventName":"n8n.node.finished","message":"n8n.node.finished","payload":{"workflowId":"8y5ALZTU2BvkIrm4","workflowName":"General","executionId":"29","nodeType":"n8n-nodes-base.supabase","nodeName":"💾 Supabase Storage","nodeId":"5decf8b0-d187-4260-9cad-7841d180e7bb"}}
{"__type":"$$EventMessageConfirm","confirm":"0833f661-0ba1-49ce-82ef-eff48cdcc638","ts":"2025-12-06T18:43:07.719-05:00","source":{"id":"0","name":"eventBus"}}
{"__type":"$$EventMessageNode","id":"312ac95b-b2ff-4bfd-afe4-ef07b85cf0b7","ts":"2025-12-06T18:43:07.719-05:00","eventName":"n8n.node.started","message":"n8n.node.started","payload":{"workflowId":"8y5ALZTU2BvkIrm4","workflowName":"General","executionId":"29","nodeType":"n8n-nodes-base.code","nodeName":"Code in JavaScript1","nodeId":"fa6afa75-0195-4c00-9736-9fa0dfb030c1"}}
{"__type":"$$EventMessageConfirm","confirm":"312ac95b-b2ff-4bfd-afe4-ef07b85cf0b7","ts":"2025-12-06T18:43:07.720-05:00","source":{"id":"0","name":"eventBus"}}
{"__type":"$$EventMessageNode","id":"09282d7b-a532-4a87-8ae8-7d237ee7ae52","ts":"2025-12-06T18:43:07.724-05:00","eventName":"n8n.node.finished","message":"n8n.node.finished","payload":{"workflowId":"8y5ALZTU2BvkIrm4","workflowName":"General","executionId":"29","nodeType":"n8n-nodes-base.code","nodeName":"Code in JavaScript1","nodeId":"fa6afa75-0195-4c00-9736-9fa0dfb030c1"}}
{"__type":"$$EventMessageConfirm","confirm":"09282d7b-a532-4a87-8ae8-7d237ee7ae52","ts":"2025-12-06T18:43:07.725-05:00","source":{"id":"0","name":"eventBus"}}
{"__type":"$$EventMessageNode","id":"a1f19194-908f-4746-9d17-0eadb4d65698","ts":"2025-12-06T18:43:07.725-05:00","eventName":"n8n.node.started","message":"n8n.node.started","payload":{"workflowId":"8y5ALZTU2BvkIrm4","workflowName":"General","executionId":"29","nodeType":"n8n-nodes-base.if","nodeName":"🎯 Check Great Deal","nodeId":"2d5f8692-815e-4325-a900-48f6502f5fc0"}}
{"__type":"$$EventMessageConfirm","confirm":"a1f19194-908f-4746-9d17-0eadb4d65698","ts":"2025-12-06T18:43:07.725-05:00","source":{"id":"0","name":"eventBus"}}
{"__type":"$$EventMessageNode","id":"6ded9751-0f27-42f4-8dd6-0d44ac4d9775","ts":"2025-12-06T18:43:07.726-05:00","eventName":"n8n.node.finished","message":"n8n.node.finished","payload":{"workflowId":"8y5ALZTU2BvkIrm4","workflowName":"General","executionId":"29","nodeType":"n8n-nodes-base.if","nodeName":"🎯 Check Great Deal","nodeId":"2d5f8692-815e-4325-a900-48f6502f5fc0"}}
{"__type":"$$EventMessageConfirm","confirm":"6ded9751-0f27-42f4-8dd6-0d44ac4d9775","ts":"2025-12-06T18:43:07.726-05:00","source":{"id":"0","name":"eventBus"}}
{"__type":"$$EventMessageNode","id":"4dbe6e4b-a563-47cd-a8b8-31962fc30788","ts":"2025-12-06T18:43:07.726-05:00","eventName":"n8n.node.started","message":"n8n.node.started","payload":{"workflowId":"8y5ALZTU2BvkIrm4","workflowName":"General","executionId":"29","nodeType":"n8n-nodes-base.emailSend","nodeName":"Enviar Correo1","nodeId":"cae987c6-c9aa-4be8-abd1-aa4d4e16b230"}}
{"__type":"$$EventMessageConfirm","confirm":"4dbe6e4b-a563-47cd-a8b8-31962fc30788","ts":"2025-12-06T18:43:07.726-05:00","source":{"id":"0","name":"eventBus"}}
{"__type":"$$EventMessageNode","id":"6ecc0772-8a59-4293-9553-03756b54fff6","ts":"2025-12-06T18:43:07.813-05:00","eventName":"n8n.node.finished","message":"n8n.node.finished","payload":{"workflowId":"8y5ALZTU2BvkIrm4","workflowName":"General","executionId":"31","nodeType":"n8n-nodes-base.supabase","nodeName":"💾 Supabase Storage","nodeId":"5decf8b0-d187-4260-9cad-7841d180e7bb"}}
{"__type":"$$EventMessageConfirm","confirm":"6ecc0772-8a59-4293-9553-03756b54fff6","ts":"2025-12-06T18:43:07.813-05:00","source":{"id":"0","name":"eventBus"}}
{"__type":"$$EventMessageNode","id":"87ed1fe8-5448-49b1-8ae4-853878a470ad","ts":"2025-12-06T18:43:07.813-05:00","eventName":"n8n.node.started","message":"n8n.node.started","payload":{"workflowId":"8y5ALZTU2BvkIrm4","workflowName":"General","executionId":"31","nodeType":"n8n-nodes-base.code","nodeName":"Code in JavaScript1","nodeId":"fa6afa75-0195-4c00-9736-9fa0dfb030c1"}}
{"__type":"$$EventMessageConfirm","confirm":"87ed1fe8-5448-49b1-8ae4-853878a470ad","ts":"2025-12-06T18:43:07.814-05:00","source":{"id":"0","name":"eventBus"}}
{"__type":"$$EventMessageNode","id":"18f56535-2d9c-4a0b-b3ab-1bb8f4bac770","ts":"2025-12-06T18:43:07.819-05:00","eventName":"n8n.node.finished","message":"n8n.node.finished","payload":{"workflowId":"8y5ALZTU2BvkIrm4","workflowName":"General","executionId":"31","nodeType":"n8n-nodes-base.code","nodeName":"Code in JavaScript1","nodeId":"fa6afa75-0195-4c00-9736-9fa0dfb030c1"}}
{"__type":"$$EventMessageConfirm","confirm":"18f56535-2d9c-4a0b-b3ab-1bb8f4bac770","ts":"2025-12-06T18:43:07.819-05:00","source":{"id":"0","name":"eventBus"}}
{"__type":"$$EventMessageNode","id":"999b88c8-bbe7-41a2-b7af-893308de7ee3","ts":"2025-12-06T18:43:07.819-05:00","eventName":"n8n.node.started","message":"n8n.node.started","payload":{"workflowId":"8y5ALZTU2BvkIrm4","workflowName":"General","executionId":"31","nodeType":"n8n-nodes-base.if","nodeName":"🎯 Check Great Deal","nodeId":"2d5f8692-815e-4325-a900-48f6502f5fc0"}}
{"__type":"$$EventMessageConfirm","confirm":"999b88c8-bbe7-41a2-b7af-893308de7ee3","ts":"2025-12-06T18:43:07.819-05:00","source":{"id":"0","name":"eventBus"}}
{"__type":"$$EventMessageNode","id":"51fc7ee1-96d2-473f-82bc-75468a7d6938","ts":"2025-12-06T18:43:07.820-05:00","eventName":"n8n.node.finished","message":"n8n.node.finished","payload":{"workflowId":"8y5ALZTU2BvkIrm4","workflowName":"General","executionId":"31","nodeType":"n8n-nodes-base.if","nodeName":"🎯 Check Great Deal","nodeId":"2d5f8692-815e-4325-a900-48f6502f5fc0"}}
{"__type":"$$EventMessageConfirm","confirm":"51fc7ee1-96d2-473f-82bc-75468a7d6938","ts":"2025-12-06T18:43:07.820-05:00","source":{"id":"0","name":"eventBus"}}
{"__type":"$$EventMessageNode","id":"41f97dbc-2da6-4572-88eb-43afcba14ad2","ts":"2025-12-06T18:43:07.820-05:00","eventName":"n8n.node.started","message":"n8n.node.started","payload":{"workflowId":"8y5ALZTU2BvkIrm4","workflowName":"General","executionId":"31","nodeType":"n8n-nodes-base.emailSend","nodeName":"Enviar Correo1","nodeId":"cae987c6-c9aa-4be8-abd1-aa4d4e16b230"}}
{"__type":"$$EventMessageConfirm","confirm":"41f97dbc-2da6-4572-88eb-43afcba14ad2","ts":"2025-12-06T18:43:07.820-05:00","source":{"id":"0","name":"eventBus"}}
{"__type":"$$EventMessageNode","id":"ab39e964-7d15-41fc-ad32-e5563105d218","ts":"2025-12-06T18:43:07.838-05:00","eventName":"n8n.node.finished","message":"n8n.node.finished","payload":{"workflowId":"8y5ALZTU2BvkIrm4","workflowName":"General","executionId":"30","nodeType":"n8n-nodes-base.httpRequest","nodeName":"🏨 Amadeus Hotels Search","nodeId":"335375c3-b2c4-488a-a187-5db699984bb5"}}
{"__type":"$$EventMessageConfirm","confirm":"ab39e964-7d15-41fc-ad32-e5563105d218","ts":"2025-12-06T18:43:07.838-05:00","source":{"id":"0","name":"eventBus"}}
{"__type":"$$EventMessageNode","id":"718fa27a-b028-4ce9-8872-9e78b61904a5","ts":"2025-12-06T18:43:07.838-05:00","eventName":"n8n.node.started","message":"n8n.node.started","payload":{"workflowId":"8y5ALZTU2BvkIrm4","workflowName":"General","executionId":"30","nodeType":"n8n-nodes-base.code","nodeName":"🧩 Parse Amadeus Hotels","nodeId":"47677723-da63-41ea-8c58-4cff95258258"}}
{"__type":"$$EventMessageConfirm","confirm":"718fa27a-b028-4ce9-8872-9e78b61904a5","ts":"2025-12-06T18:43:07.838-05:00","source":{"id":"0","name":"eventBus"}}
{"__type":"$$EventMessageNode","id":"aa00b27f-a2cf-47e1-8514-9f77e08186a9","ts":"2025-12-06T18:43:07.871-05:00","eventName":"n8n.node.finished","message":"n8n.node.finished","payload":{"workflowId":"8y5ALZTU2BvkIrm4","workflowName":"General","executionId":"30","nodeType":"n8n-nodes-base.code","nodeName":"🧩 Parse Amadeus Hotels","nodeId":"47677723-da63-41ea-8c58-4cff95258258"}}
{"__type":"$$EventMessageConfirm","confirm":"aa00b27f-a2cf-47e1-8514-9f77e08186a9","ts":"2025-12-06T18:43:07.871-05:00","source":{"id":"0","name":"eventBus"}}
{"__type":"$$EventMessageNode","id":"684aed44-12a6-49af-b60c-e8bc8997255a","ts":"2025-12-06T18:43:07.872-05:00","eventName":"n8n.node.started","message":"n8n.node.started","payload":{"workflowId":"8y5ALZTU2BvkIrm4","workflowName":"General","executionId":"30","nodeType":"n8n-nodes-base.code","nodeName":"Code in JavaScript","nodeId":"9ad265ae-5dcc-402a-9191-c6e7792d671f"}}
{"__type":"$$EventMessageConfirm","confirm":"684aed44-12a6-49af-b60c-e8bc8997255a","ts":"2025-12-06T18:43:07.872-05:00","source":{"id":"0","name":"eventBus"}}
{"__type":"$$EventMessageNode","id":"b4a2c7ee-a249-4821-8f04-c135214c1231","ts":"2025-12-06T18:43:07.880-05:00","eventName":"n8n.node.finished","message":"n8n.node.finished","payload":{"workflowId":"8y5ALZTU2BvkIrm4","workflowName":"General","executionId":"30","nodeType":"n8n-nodes-base.code","nodeName":"Code in JavaScript","nodeId":"9ad265ae-5dcc-402a-9191-c6e7792d671f"}}
{"__type":"$$EventMessageConfirm","confirm":"b4a2c7ee-a249-4821-8f04-c135214c1231","ts":"2025-12-06T18:43:07.880-05:00","source":{"id":"0","name":"eventBus"}}
{"__type":"$$EventMessageNode","id":"0d196263-da98-4fa3-937d-6a9cd899e409","ts":"2025-12-06T18:43:07.880-05:00","eventName":"n8n.node.started","message":"n8n.node.started","payload":{"workflowId":"8y5ALZTU2BvkIrm4","workflowName":"General","executionId":"30","nodeType":"n8n-nodes-base.function","nodeName":"💡 Generate Travel Recommendations","nodeId":"300dd062-67fe-4694-b4db-81170145ca24"}}
{"__type":"$$EventMessageConfirm","confirm":"0d196263-da98-4fa3-937d-6a9cd899e409","ts":"2025-12-06T18:43:07.880-05:00","source":{"id":"0","name":"eventBus"}}
{"__type":"$$EventMessageNode","id":"8b76c856-1318-4417-93e8-2472121e6ad4","ts":"2025-12-06T18:43:07.888-05:00","eventName":"n8n.node.finished","message":"n8n.node.finished","payload":{"workflowId":"8y5ALZTU2BvkIrm4","workflowName":"General","executionId":"30","nodeType":"n8n-nodes-base.function","nodeName":"💡 Generate Travel Recommendations","nodeId":"300dd062-67fe-4694-b4db-81170145ca24"}}
{"__type":"$$EventMessageConfirm","confirm":"8b76c856-1318-4417-93e8-2472121e6ad4","ts":"2025-12-06T18:43:07.888-05:00","source":{"id":"0","name":"eventBus"}}
{"__type":"$$EventMessageNode","id":"f7f01144-5ad8-421b-a6f2-cba88ef5bfb9","ts":"2025-12-06T18:43:07.888-05:00","eventName":"n8n.node.started","message":"n8n.node.started","payload":{"workflowId":"8y5ALZTU2BvkIrm4","workflowName":"General","executionId":"30","nodeType":"n8n-nodes-base.supabase","nodeName":"💾 Supabase Storage","nodeId":"5decf8b0-d187-4260-9cad-7841d180e7bb"}}
{"__type":"$$EventMessageConfirm","confirm":"f7f01144-5ad8-421b-a6f2-cba88ef5bfb9","ts":"2025-12-06T18:43:07.888-05:00","source":{"id":"0","name":"eventBus"}}
{"__type":"$$EventMessageNode","id":"6981c3b2-7921-40df-83ef-0ed84558cfb8","ts":"2025-12-06T18:43:08.180-05:00","eventName":"n8n.node.finished","message":"n8n.node.finished","payload":{"workflowId":"8y5ALZTU2BvkIrm4","workflowName":"General","executionId":"32","nodeType":"n8n-nodes-base.supabase","nodeName":"💾 Supabase Storage","nodeId":"5decf8b0-d187-4260-9cad-7841d180e7bb"}}
{"__type":"$$EventMessageConfirm","confirm":"6981c3b2-7921-40df-83ef-0ed84558cfb8","ts":"2025-12-06T18:43:08.180-05:00","source":{"id":"0","name":"eventBus"}}
{"__type":"$$EventMessageNode","id":"e6fec796-0c54-457f-abb1-30e602231f10","ts":"2025-12-06T18:43:08.181-05:00","eventName":"n8n.node.started","message":"n8n.node.started","payload":{"workflowId":"8y5ALZTU2BvkIrm4","workflowName":"General","executionId":"32","nodeType":"n8n-nodes-base.code","nodeName":"Code in JavaScript1","nodeId":"fa6afa75-0195-4c00-9736-9fa0dfb030c1"}}
{"__type":"$$EventMessageConfirm","confirm":"e6fec796-0c54-457f-abb1-30e602231f10","ts":"2025-12-06T18:43:08.181-05:00","source":{"id":"0","name":"eventBus"}}
{"__type":"$$EventMessageNode","id":"5ae88d26-3cbc-4060-ad2f-1683317bff41","ts":"2025-12-06T18:43:08.188-05:00","eventName":"n8n.node.finished","message":"n8n.node.finished","payload":{"workflowId":"8y5ALZTU2BvkIrm4","workflowName":"General","executionId":"32","nodeType":"n8n-nodes-base.code","nodeName":"Code in JavaScript1","nodeId":"fa6afa75-0195-4c00-9736-9fa0dfb030c1"}}
{"__type":"$$EventMessageConfirm","confirm":"5ae88d26-3cbc-4060-ad2f-1683317bff41","ts":"2025-12-06T18:43:08.188-05:00","source":{"id":"0","name":"eventBus"}}
{"__type":"$$EventMessageNode","id":"9a94860e-779b-42cd-aadc-3e1f7f214e98","ts":"2025-12-06T18:43:08.189-05:00","eventName":"n8n.node.started","message":"n8n.node.started","payload":{"workflowId":"8y5ALZTU2BvkIrm4","workflowName":"General","executionId":"32","nodeType":"n8n-nodes-base.if","nodeName":"🎯 Check Great Deal","nodeId":"2d5f8692-815e-4325-a900-48f6502f5fc0"}}
{"__type":"$$EventMessageConfirm","confirm":"9a94860e-779b-42cd-aadc-3e1f7f214e98","ts":"2025-12-06T18:43:08.189-05:00","source":{"id":"0","name":"eventBus"}}
{"__type":"$$EventMessageNode","id":"8591bd9d-275e-4ba9-8cf3-fd1941fb90b1","ts":"2025-12-06T18:43:08.191-05:00","eventName":"n8n.node.finished","message":"n8n.node.finished","payload":{"workflowId":"8y5ALZTU2BvkIrm4","workflowName":"General","executionId":"32","nodeType":"n8n-nodes-base.if","nodeName":"🎯 Check Great Deal","nodeId":"2d5f8692-815e-4325-a900-48f6502f5fc0"}}
{"__type":"$$EventMessageConfirm","confirm":"8591bd9d-275e-4ba9-8cf3-fd1941fb90b1","ts":"2025-12-06T18:43:08.191-05:00","source":{"id":"0","name":"eventBus"}}
{"__type":"$$EventMessageNode","id":"151e841f-300d-4cff-8fa0-4447aadb2549","ts":"2025-12-06T18:43:08.192-05:00","eventName":"n8n.node.started","message":"n8n.node.started","payload":{"workflowId":"8y5ALZTU2BvkIrm4","workflowName":"General","executionId":"32","nodeType":"n8n-nodes-base.respondToWebhook","nodeName":"Respond to Webhook1","nodeId":"21d30c3a-21ce-476e-a3c4-2813894cc904"}}
{"__type":"$$EventMessageConfirm","confirm":"151e841f-300d-4cff-8fa0-4447aadb2549","ts":"2025-12-06T18:43:08.192-05:00","source":{"id":"0","name":"eventBus"}}
{"__type":"$$EventMessageNode","id":"91d6b815-3585-4709-b414-ee58fc2584e8","ts":"2025-12-06T18:43:08.195-05:00","eventName":"n8n.node.finished","message":"n8n.node.finished","payload":{"workflowId":"8y5ALZTU2BvkIrm4","workflowName":"General","executionId":"32","nodeType":"n8n-nodes-base.respondToWebhook","nodeName":"Respond to Webhook1","nodeId":"21d30c3a-21ce-476e-a3c4-2813894cc904"}}
{"__type":"$$EventMessageConfirm","confirm":"91d6b815-3585-4709-b414-ee58fc2584e8","ts":"2025-12-06T18:43:08.195-05:00","source":{"id":"0","name":"eventBus"}}
{"__type":"$$EventMessageWorkflow","id":"d249568f-f033-4b94-9130-559917a83a98","ts":"2025-12-06T18:43:08.195-05:00","eventName":"n8n.workflow.success","message":"n8n.workflow.success","payload":{"executionId":"32","success":true,"isManual":false,"workflowId":"8y5ALZTU2BvkIrm4","workflowName":"General"}}
{"__type":"$$EventMessageConfirm","confirm":"d249568f-f033-4b94-9130-559917a83a98","ts":"2025-12-06T18:43:08.195-05:00","source":{"id":"0","name":"eventBus"}}
{"__type":"$$EventMessageWorkflow","id":"9cf88567-c38c-4bf8-843f-4e90f04926b7","ts":"2025-12-06T18:43:08.411-05:00","eventName":"n8n.workflow.started","message":"n8n.workflow.started","payload":{"executionId":"40","workflowId":"8y5ALZTU2BvkIrm4","isManual":false,"workflowName":"General"}}
{"__type":"$$EventMessageConfirm","confirm":"9cf88567-c38c-4bf8-843f-4e90f04926b7","ts":"2025-12-06T18:43:08.411-05:00","source":{"id":"0","name":"eventBus"}}
{"__type":"$$EventMessageNode","id":"54af223d-6e38-40e9-8b71-6465bc3ff3ab","ts":"2025-12-06T18:43:08.411-05:00","eventName":"n8n.node.started","message":"n8n.node.started","payload":{"workflowId":"8y5ALZTU2BvkIrm4","workflowName":"General","executionId":"40","nodeType":"n8n-nodes-base.webhook","nodeName":"📱 Streamlit Webhook","nodeId":"ae8059ee-5c26-4af5-83ea-0b147821a989"}}
{"__type":"$$EventMessageConfirm","confirm":"54af223d-6e38-40e9-8b71-6465bc3ff3ab","ts":"2025-12-06T18:43:08.411-05:00","source":{"id":"0","name":"eventBus"}}
{"__type":"$$EventMessageNode","id":"73dfdea6-175c-4112-8a45-2dab28c09a50","ts":"2025-12-06T18:43:08.411-05:00","eventName":"n8n.node.finished","message":"n8n.node.finished","payload":{"workflowId":"8y5ALZTU2BvkIrm4","workflowName":"General","executionId":"40","nodeType":"n8n-nodes-base.webhook","nodeName":"📱 Streamlit Webhook","nodeId":"ae8059ee-5c26-4af5-83ea-0b147821a989"}}
{"__type":"$$EventMessageConfirm","confirm":"73dfdea6-175c-4112-8a45-2dab28c09a50","ts":"2025-12-06T18:43:08.411-05:00","source":{"id":"0","name":"eventBus"}}
{"__type":"$$EventMessageNode","id":"933f389a-8300-4aa2-8fd2-d099a6134814","ts":"2025-12-06T18:43:08.411-05:00","eventName":"n8n.node.started","message":"n8n.node.started","payload":{"workflowId":"8y5ALZTU2BvkIrm4","workflowName":"General","executionId":"40","nodeType":"n8n-nodes-base.function","nodeName":"Process Travel Data","nodeId":"02497c10-01cd-4448-8373-576a8cdff0cf"}}
{"__type":"$$EventMessageConfirm","confirm":"933f389a-8300-4aa2-8fd2-d099a6134814","ts":"2025-12-06T18:43:08.411-05:00","source":{"id":"0","name":"eventBus"}}
{"__type":"$$EventMessageNode","id":"25957272-fac3-4b63-a456-aa4671fe465d","ts":"2025-12-06T18:43:08.419-05:00","eventName":"n8n.node.finished","message":"n8n.node.finished","payload":{"workflowId":"8y5ALZTU2BvkIrm4","workflowName":"General","executionId":"40","nodeType":"n8n-nodes-base.function","nodeName":"Process Travel Data","nodeId":"02497c10-01cd-4448-8373-576a8cdff0cf"}}
{"__type":"$$EventMessageConfirm","confirm":"25957272-fac3-4b63-a456-aa4671fe465d","ts":"2025-12-06T18:43:08.419-05:00","source":{"id":"0","name":"eventBus"}}
{"__type":"$$EventMessageNode","id":"c2d7cc77-dc6b-409c-a5c7-e496553c9112","ts":"2025-12-06T18:43:08.419-05:00","eventName":"n8n.node.started","message":"n8n.node.started","payload":{"workflowId":"8y5ALZTU2BvkIrm4","workflowName":"General","executionId":"40","nodeType":"n8n-nodes-base.httpRequest","nodeName":"✈️ Skyscanner Flights","nodeId":"6d1d14dd-30a6-4993-a0b8-2e926b5e6f7d"}}
{"__type":"$$EventMessageConfirm","confirm":"c2d7cc77-dc6b-409c-a5c7-e496553c9112","ts":"2025-12-06T18:43:08.419-05:00","source":{"id":"0","name":"eventBus"}}
{"__type":"$$EventMessageNode","id":"f2da280d-0162-4934-943d-a54b2af97b96","ts":"2025-12-06T18:43:08.444-05:00","eventName":"n8n.node.finished","message":"n8n.node.finished","payload":{"workflowId":"8y5ALZTU2BvkIrm4","workflowName":"General","executionId":"33","nodeType":"n8n-nodes-base.supabase","nodeName":"💾 Supabase Storage","nodeId":"5decf8b0-d187-4260-9cad-7841d180e7bb"}}
{"__type":"$$EventMessageConfirm","confirm":"f2da280d-0162-4934-943d-a54b2af97b96","ts":"2025-12-06T18:43:08.444-05:00","source":{"id":"0","name":"eventBus"}}
{"__type":"$$EventMessageNode","id":"02a528c5-11a0-4373-9252-4e5b344e19be","ts":"2025-12-06T18:43:08.444-05:00","eventName":"n8n.node.started","message":"n8n.node.started","payload":{"workflowId":"8y5ALZTU2BvkIrm4","workflowName":"General","executionId":"33","nodeType":"n8n-nodes-base.code","nodeName":"Code in JavaScript1","nodeId":"fa6afa75-0195-4c00-9736-9fa0dfb030c1"}}
{"__type":"$$EventMessageConfirm","confirm":"02a528c5-11a0-4373-9252-4e5b344e19be","ts":"2025-12-06T18:43:08.444-05:00","source":{"id":"0","name":"eventBus"}}
{"__type":"$$EventMessageNode","id":"6ccbb6b2-b704-4cd3-8cbd-cc28715cfc48","ts":"2025-12-06T18:43:08.450-05:00","eventName":"n8n.node.finished","message":"n8n.node.finished","payload":{"workflowId":"8y5ALZTU2BvkIrm4","workflowName":"General","executionId":"33","nodeType":"n8n-nodes-base.code","nodeName":"Code in JavaScript1","nodeId":"fa6afa75-0195-4c00-9736-9fa0dfb030c1"}}
{"__type":"$$EventMessageConfirm","confirm":"6ccbb6b2-b704-4cd3-8cbd-cc28715cfc48","ts":"2025-12-06T18:43:08.450-05:00","source":{"id":"0","name":"eventBus"}}
{"__type":"$$EventMessageNode","id":"a763e620-d0b1-4ec6-a048-cf6d6c289d84","ts":"2025-12-06T18:43:08.451-05:00","eventName":"n8n.node.started","message":"n8n.node.started","payload":{"workflowId":"8y5ALZTU2BvkIrm4","workflowName":"General","executionId":"33","nodeType":"n8n-nodes-base.if","nodeName":"🎯 Check Great Deal","nodeId":"2d5f8692-815e-4325-a900-48f6502f5fc0"}}
{"__type":"$$EventMessageConfirm","confirm":"a763e620-d0b1-4ec6-a048-cf6d6c289d84","ts":"2025-12-06T18:43:08.451-05:00","source":{"id":"0","name":"eventBus"}}
{"__type":"$$EventMessageNode","id":"fad22f32-51c5-4665-8d9f-dd7c2d758d5b","ts":"2025-12-06T18:43:08.451-05:00","eventName":"n8n.node.finished","message":"n8n.node.finished","payload":{"workflowId":"8y5ALZTU2BvkIrm4","workflowName":"General","executionId":"33","nodeType":"n8n-nodes-base.if","nodeName":"🎯 Check Great Deal","nodeId":"2d5f8692-815e-4325-a900-48f6502f5fc0"}}
{"__type":"$$EventMessageConfirm","confirm":"fad22f32-51c5-4665-8d9f-dd7c2d758d5b","ts":"2025-12-06T18:43:08.452-05:00","source":{"id":"0","name":"eventBus"}}
{"__type":"$$EventMessageNode","id":"f4c9f3dd-7595-4f1f-bae6-07baedb18f56","ts":"2025-12-06T18:43:08.452-05:00","eventName":"n8n.node.started","message":"n8n.node.started","payload":{"workflowId":"8y5ALZTU2BvkIrm4","workflowName":"General","executionId":"33","nodeType":"n8n-nodes-base.respondToWebhook","nodeName":"Respond to Webhook1","nodeId":"21d30c3a-21ce-476e-a3c4-2813894cc904"}}
{"__type":"$$EventMessageConfirm","confirm":"f4c9f3dd-7595-4f1f-bae6-07baedb18f56","ts":"2025-12-06T18:43:08.452-05:00","source":{"id":"0","name":"eventBus"}}
{"__type":"$$EventMessageNode","id":"c30dbb82-a318-40ce-aac5-d66af11265c2","ts":"2025-12-06T18:43:08.453-05:00","eventName":"n8n.node.finished","message":"n8n.node.finished","payload":{"workflowId":"8y5ALZTU2BvkIrm4","workflowName":"General","executionId":"33","nodeType":"n8n-nodes-base.respondToWebhook","nodeName":"Respond to Webhook1","nodeId":"21d30c3a-21ce-476e-a3c4-2813894cc904"}}
{"__type":"$$EventMessageConfirm","confirm":"c30dbb82-a318-40ce-aac5-d66af11265c2","ts":"2025-12-06T18:43:08.453-05:00","source":{"id":"0","name":"eventBus"}}
{"__type":"$$EventMessageWorkflow","id":"5e692856-bb29-49a9-ad84-9d3617e95994","ts":"2025-12-06T18:43:08.454-05:00","eventName":"n8n.workflow.success","message":"n8n.workflow.success","payload":{"executionId":"33","success":true,"isManual":false,"workflowId":"8y5ALZTU2BvkIrm4","workflowName":"General"}}
{"__type":"$$EventMessageConfirm","confirm":"5e692856-bb29-49a9-ad84-9d3617e95994","ts":"2025-12-06T18:43:08.454-05:00","source":{"id":"0","name":"eventBus"}}
{"__type":"$$EventMessageNode","id":"29fd2ce7-e853-4a30-8678-369033859b32","ts":"2025-12-06T18:43:08.481-05:00","eventName":"n8n.node.finished","message":"n8n.node.finished","payload":{"workflowId":"8y5ALZTU2BvkIrm4","workflowName":"General","executionId":"34","nodeType":"n8n-nodes-base.supabase","nodeName":"💾 Supabase Storage","nodeId":"5decf8b0-d187-4260-9cad-7841d180e7bb"}}
{"__type":"$$EventMessageConfirm","confirm":"29fd2ce7-e853-4a30-8678-369033859b32","ts":"2025-12-06T18:43:08.481-05:00","source":{"id":"0","name":"eventBus"}}
{"__type":"$$EventMessageNode","id":"61aee482-7eb4-405e-aadc-189568ef3b42","ts":"2025-12-06T18:43:08.481-05:00","eventName":"n8n.node.started","message":"n8n.node.started","payload":{"workflowId":"8y5ALZTU2BvkIrm4","workflowName":"General","executionId":"34","nodeType":"n8n-nodes-base.code","nodeName":"Code in JavaScript1","nodeId":"fa6afa75-0195-4c00-9736-9fa0dfb030c1"}}
{"__type":"$$EventMessageConfirm","confirm":"61aee482-7eb4-405e-aadc-189568ef3b42","ts":"2025-12-06T18:43:08.481-05:00","source":{"id":"0","name":"eventBus"}}
{"__type":"$$EventMessageNode","id":"1edda21c-2b5d-4c3f-afc9-dc001499c880","ts":"2025-12-06T18:43:08.488-05:00","eventName":"n8n.node.finished","message":"n8n.node.finished","payload":{"workflowId":"8y5ALZTU2BvkIrm4","workflowName":"General","executionId":"34","nodeType":"n8n-nodes-base.code","nodeName":"Code in JavaScript1","nodeId":"fa6afa75-0195-4c00-9736-9fa0dfb030c1"}}
{"__type":"$$EventMessageConfirm","confirm":"1edda21c-2b5d-4c3f-afc9-dc001499c880","ts":"2025-12-06T18:43:08.488-05:00","source":{"id":"0","name":"eventBus"}}
{"__type":"$$EventMessageNode","id":"184c1518-246f-46ec-81b8-142f12bfb260","ts":"2025-12-06T18:43:08.489-05:00","eventName":"n8n.node.started","message":"n8n.node.started","payload":{"workflowId":"8y5ALZTU2BvkIrm4","workflowName":"General","executionId":"34","nodeType":"n8n-nodes-base.if","nodeName":"🎯 Check Great Deal","nodeId":"2d5f8692-815e-4325-a900-48f6502f5fc0"}}
{"__type":"$$EventMessageConfirm","confirm":"184c1518-246f-46ec-81b8-142f12bfb260","ts":"2025-12-06T18:43:08.489-05:00","source":{"id":"0","name":"eventBus"}}
{"__type":"$$EventMessageNode","id":"4360d380-270c-4810-b9c0-746660529764","ts":"2025-12-06T18:43:08.490-05:00","eventName":"n8n.node.finished","message":"n8n.node.finished","payload":{"workflowId":"8y5ALZTU2BvkIrm4","workflowName":"General","executionId":"34","nodeType":"n8n-nodes-base.if","nodeName":"🎯 Check Great Deal","nodeId":"2d5f8692-815e-4325-a900-48f6502f5fc0"}}
{"__type":"$$EventMessageConfirm","confirm":"4360d380-270c-4810-b9c0-746660529764","ts":"2025-12-06T18:43:08.490-05:00","source":{"id":"0","name":"eventBus"}}
{"__type":"$$EventMessageNode","id":"80a5a4b9-5d0d-4344-9254-ea8beea2519a","ts":"2025-12-06T18:43:08.491-05:00","eventName":"n8n.node.started","message":"n8n.node.started","payload":{"workflowId":"8y5ALZTU2BvkIrm4","workflowName":"General","executionId":"34","nodeType":"n8n-nodes-base.emailSend","nodeName":"Enviar Correo1","nodeId":"cae987c6-c9aa-4be8-abd1-aa4d4e16b230"}}
{"__type":"$$EventMessageConfirm","confirm":"80a5a4b9-5d0d-4344-9254-ea8beea2519a","ts":"2025-12-06T18:43:08.491-05:00","source":{"id":"0","name":"eventBus"}}
{"__type":"$$EventMessageNode","id":"68032c63-1060-40c2-90b8-158c4c39a264","ts":"2025-12-06T18:43:08.560-05:00","eventName":"n8n.node.finished","message":"n8n.node.finished","payload":{"workflowId":"8y5ALZTU2BvkIrm4","workflowName":"General","executionId":"30","nodeType":"n8n-nodes-base.supabase","nodeName":"💾 Supabase Storage","nodeId":"5decf8b0-d187-4260-9cad-7841d180e7bb"}}
{"__type":"$$EventMessageConfirm","confirm":"68032c63-1060-40c2-90b8-158c4c39a264","ts":"2025-12-06T18:43:08.560-05:00","source":{"id":"0","name":"eventBus"}}
{"__type":"$$EventMessageNode","id":"1b9b158a-15c5-4818-9606-7c3c265a62b6","ts":"2025-12-06T18:43:08.560-05:00","eventName":"n8n.node.started","message":"n8n.node.started","payload":{"workflowId":"8y5ALZTU2BvkIrm4","workflowName":"General","executionId":"30","nodeType":"n8n-nodes-base.code","nodeName":"Code in JavaScript1","nodeId":"fa6afa75-0195-4c00-9736-9fa0dfb030c1"}}
{"__type":"$$EventMessageConfirm","confirm":"1b9b158a-15c5-4818-9606-7c3c265a62b6","ts":"2025-12-06T18:43:08.560-05:00","source":{"id":"0","name":"eventBus"}}
{"__type":"$$EventMessageNode","id":"3440bf25-44e5-4d43-8d5d-edc4f0738f58","ts":"2025-12-06T18:43:08.569-05:00","eventName":"n8n.node.finished","message":"n8n.node.finished","payload":{"workflowId":"8y5ALZTU2BvkIrm4","workflowName":"General","executionId":"30","nodeType":"n8n-nodes-base.code","nodeName":"Code in JavaScript1","nodeId":"fa6afa75-0195-4c00-9736-9fa0dfb030c1"}}
{"__type":"$$EventMessageConfirm","confirm":"3440bf25-44e5-4d43-8d5d-edc4f0738f58","ts":"2025-12-06T18:43:08.569-05:00","source":{"id":"0","name":"eventBus"}}
{"__type":"$$EventMessageNode","id":"a7f00189-b6d4-4125-a7ee-445b172732e5","ts":"2025-12-06T18:43:08.570-05:00","eventName":"n8n.node.started","message":"n8n.node.started","payload":{"workflowId":"8y5ALZTU2BvkIrm4","workflowName":"General","executionId":"30","nodeType":"n8n-nodes-base.if","nodeName":"🎯 Check Great Deal","nodeId":"2d5f8692-815e-4325-a900-48f6502f5fc0"}}
{"__type":"$$EventMessageConfirm","confirm":"a7f00189-b6d4-4125-a7ee-445b172732e5","ts":"2025-12-06T18:43:08.570-05:00","source":{"id":"0","name":"eventBus"}}
{"__type":"$$EventMessageNode","id":"d09170e5-e778-4999-94be-24b7289cfd10","ts":"2025-12-06T18:43:08.571-05:00","eventName":"n8n.node.finished","message":"n8n.node.finished","payload":{"workflowId":"8y5ALZTU2BvkIrm4","workflowName":"General","executionId":"30","nodeType":"n8n-nodes-base.if","nodeName":"🎯 Check Great Deal","nodeId":"2d5f8692-815e-4325-a900-48f6502f5fc0"}}
{"__type":"$$EventMessageConfirm","confirm":"d09170e5-e778-4999-94be-24b7289cfd10","ts":"2025-12-06T18:43:08.571-05:00","source":{"id":"0","name":"eventBus"}}
{"__type":"$$EventMessageNode","id":"fd1f2ab1-cd38-4c0f-97f0-d4ab5c2f1c6c","ts":"2025-12-06T18:43:08.572-05:00","eventName":"n8n.node.started","message":"n8n.node.started","payload":{"workflowId":"8y5ALZTU2BvkIrm4","workflowName":"General","executionId":"30","nodeType":"n8n-nodes-base.respondToWebhook","nodeName":"Respond to Webhook1","nodeId":"21d30c3a-21ce-476e-a3c4-2813894cc904"}}
{"__type":"$$EventMessageConfirm","confirm":"fd1f2ab1-cd38-4c0f-97f0-d4ab5c2f1c6c","ts":"2025-12-06T18:43:08.572-05:00","source":{"id":"0","name":"eventBus"}}
{"__type":"$$EventMessageNode","id":"d22a4829-c7ef-4374-9946-513f9f672329","ts":"2025-12-06T18:43:08.575-05:00","eventName":"n8n.node.finished","message":"n8n.node.finished","payload":{"workflowId":"8y5ALZTU2BvkIrm4","workflowName":"General","executionId":"30","nodeType":"n8n-nodes-base.respondToWebhook","nodeName":"Respond to Webhook1","nodeId":"21d30c3a-21ce-476e-a3c4-2813894cc904"}}
{"__type":"$$EventMessageConfirm","confirm":"d22a4829-c7ef-4374-9946-513f9f672329","ts":"2025-12-06T18:43:08.575-05:00","source":{"id":"0","name":"eventBus"}}
{"__type":"$$EventMessageWorkflow","id":"4ac24e1b-bc2a-4108-be26-efc028d000cb","ts":"2025-12-06T18:43:08.576-05:00","eventName":"n8n.workflow.success","message":"n8n.workflow.success","payload":{"executionId":"30","success":true,"isManual":false,"workflowId":"8y5ALZTU2BvkIrm4","workflowName":"General"}}
{"__type":"$$EventMessageConfirm","confirm":"4ac24e1b-bc2a-4108-be26-efc028d000cb","ts":"2025-12-06T18:43:08.576-05:00","source":{"id":"0","name":"eventBus"}}
{"__type":"$$EventMessageNode","id":"82924eba-552e-44e2-8c74-a4db174bfaea","ts":"2025-12-06T18:43:08.705-05:00","eventName":"n8n.node.finished","message":"n8n.node.finished","payload":{"workflowId":"8y5ALZTU2BvkIrm4","workflowName":"General","executionId":"36","nodeType":"n8n-nodes-base.httpRequest","nodeName":"🗝️ Amadeus Auth Token","nodeId":"ddee2ef7-119f-4f23-8649-7285c81ad086"}}
{"__type":"$$EventMessageConfirm","confirm":"82924eba-552e-44e2-8c74-a4db174bfaea","ts":"2025-12-06T18:43:08.705-05:00","source":{"id":"0","name":"eventBus"}}
{"__type":"$$EventMessageNode","id":"f90e4a57-fd9b-4818-a053-78f6281a59c9","ts":"2025-12-06T18:43:08.705-05:00","eventName":"n8n.node.started","message":"n8n.node.started","payload":{"workflowId":"8y5ALZTU2BvkIrm4","workflowName":"General","executionId":"36","nodeType":"n8n-nodes-base.httpRequest","nodeName":"🏨 Amadeus Hotels Search","nodeId":"335375c3-b2c4-488a-a187-5db699984bb5"}}
{"__type":"$$EventMessageConfirm","confirm":"f90e4a57-fd9b-4818-a053-78f6281a59c9","ts":"2025-12-06T18:43:08.705-05:00","source":{"id":"0","name":"eventBus"}}
{"__type":"$$EventMessageNode","id":"1da62196-915a-44ed-b57f-9717f14e475b","ts":"2025-12-06T18:43:08.750-05:00","eventName":"n8n.node.finished","message":"n8n.node.finished","payload":{"workflowId":"8y5ALZTU2BvkIrm4","workflowName":"General","executionId":"38","nodeType":"n8n-nodes-base.httpRequest","nodeName":"🗝️ Amadeus Auth Token","nodeId":"ddee2ef7-119f-4f23-8649-7285c81ad086"}}
{"__type":"$$EventMessageConfirm","confirm":"1da62196-915a-44ed-b57f-9717f14e475b","ts":"2025-12-06T18:43:08.750-05:00","source":{"id":"0","name":"eventBus"}}
{"__type":"$$EventMessageNode","id":"4e7d2950-573c-4dfd-8bac-fad888f820f1","ts":"2025-12-06T18:43:08.751-05:00","eventName":"n8n.node.started","message":"n8n.node.started","payload":{"workflowId":"8y5ALZTU2BvkIrm4","workflowName":"General","executionId":"38","nodeType":"n8n-nodes-base.httpRequest","nodeName":"🏨 Amadeus Hotels Search","nodeId":"335375c3-b2c4-488a-a187-5db699984bb5"}}
{"__type":"$$EventMessageConfirm","confirm":"4e7d2950-573c-4dfd-8bac-fad888f820f1","ts":"2025-12-06T18:43:08.751-05:00","source":{"id":"0","name":"eventBus"}}
{"__type":"$$EventMessageNode","id":"bcc1cffc-f423-4310-8d94-2c9db141fb9b","ts":"2025-12-06T18:43:08.895-05:00","eventName":"n8n.node.finished","message":"n8n.node.finished","payload":{"workflowId":"8y5ALZTU2BvkIrm4","workflowName":"General","executionId":"37","nodeType":"n8n-nodes-base.httpRequest","nodeName":"🗝️ Amadeus Auth Token","nodeId":"ddee2ef7-119f-4f23-8649-7285c81ad086"}}
{"__type":"$$EventMessageConfirm","confirm":"bcc1cffc-f423-4310-8d94-2c9db141fb9b","ts":"2025-12-06T18:43:08.895-05:00","source":{"id":"0","name":"eventBus"}}
{"__type":"$$EventMessageNode","id":"26ba78c1-c8a0-4aab-9b83-1144608203a6","ts":"2025-12-06T18:43:08.895-05:00","eventName":"n8n.node.started","message":"n8n.node.started","payload":{"workflowId":"8y5ALZTU2BvkIrm4","workflowName":"General","executionId":"37","nodeType":"n8n-nodes-base.httpRequest","nodeName":"🏨 Amadeus Hotels Search","nodeId":"335375c3-b2c4-488a-a187-5db699984bb5"}}
{"__type":"$$EventMessageConfirm","confirm":"26ba78c1-c8a0-4aab-9b83-1144608203a6","ts":"2025-12-06T18:43:08.895-05:00","source":{"id":"0","name":"eventBus"}}
{"__type":"$$EventMessageNode","id":"1d0d9851-6675-4b9d-92b5-e24bca6ba14d","ts":"2025-12-06T18:43:08.974-05:00","eventName":"n8n.node.finished","message":"n8n.node.finished","payload":{"workflowId":"8y5ALZTU2BvkIrm4","workflowName":"General","executionId":"39","nodeType":"n8n-nodes-base.httpRequest","nodeName":"🗝️ Amadeus Auth Token","nodeId":"ddee2ef7-119f-4f23-8649-7285c81ad086"}}
{"__type":"$$EventMessageConfirm","confirm":"1d0d9851-6675-4b9d-92b5-e24bca6ba14d","ts":"2025-12-06T18:43:08.974-05:00","source":{"id":"0","name":"eventBus"}}
{"__type":"$$EventMessageNode","id":"8e81e584-7766-4370-bf81-d2d0f579f2cb","ts":"2025-12-06T18:43:08.974-05:00","eventName":"n8n.node.started","message":"n8n.node.started","payload":{"workflowId":"8y5ALZTU2BvkIrm4","workflowName":"General","executionId":"39","nodeType":"n8n-nodes-base.httpRequest","nodeName":"🏨 Amadeus Hotels Search","nodeId":"335375c3-b2c4-488a-a187-5db699984bb5"}}
{"__type":"$$EventMessageConfirm","confirm":"8e81e584-7766-4370-bf81-d2d0f579f2cb","ts":"2025-12-06T18:43:08.974-05:00","source":{"id":"0","name":"eventBus"}}
{"__type":"$$EventMessageWorkflow","id":"87a68fdb-dcd4-47bb-9482-a3af3c51c3c6","ts":"2025-12-06T18:43:09.025-05:00","eventName":"n8n.workflow.started","message":"n8n.workflow.started","payload":{"executionId":"41","workflowId":"8y5ALZTU2BvkIrm4","isManual":false,"workflowName":"General"}}
{"__type":"$$EventMessageConfirm","confirm":"87a68fdb-dcd4-47bb-9482-a3af3c51c3c6","ts":"2025-12-06T18:43:09.025-05:00","source":{"id":"0","name":"eventBus"}}
{"__type":"$$EventMessageNode","id":"6d7035af-8024-46c7-81d0-fe8ca0cbbebd","ts":"2025-12-06T18:43:09.025-05:00","eventName":"n8n.node.started","message":"n8n.node.started","payload":{"workflowId":"8y5ALZTU2BvkIrm4","workflowName":"General","executionId":"41","nodeType":"n8n-nodes-base.webhook","nodeName":"📱 Streamlit Webhook","nodeId":"ae8059ee-5c26-4af5-83ea-0b147821a989"}}
{"__type":"$$EventMessageConfirm","confirm":"6d7035af-8024-46c7-81d0-fe8ca0cbbebd","ts":"2025-12-06T18:43:09.025-05:00","source":{"id":"0","name":"eventBus"}}
{"__type":"$$EventMessageNode","id":"c1f92a47-2424-4059-afe8-c8b335c9534b","ts":"2025-12-06T18:43:09.025-05:00","eventName":"n8n.node.finished","message":"n8n.node.finished","payload":{"workflowId":"8y5ALZTU2BvkIrm4","workflowName":"General","executionId":"41","nodeType":"n8n-nodes-base.webhook","nodeName":"📱 Streamlit Webhook","nodeId":"ae8059ee-5c26-4af5-83ea-0b147821a989"}}
{"__type":"$$EventMessageConfirm","confirm":"c1f92a47-2424-4059-afe8-c8b335c9534b","ts":"2025-12-06T18:43:09.025-05:00","source":{"id":"0","name":"eventBus"}}
{"__type":"$$EventMessageNode","id":"a68d9245-d78f-42e3-a32d-54af11a964e3","ts":"2025-12-06T18:43:09.025-05:00","eventName":"n8n.node.started","message":"n8n.node.started","payload":{"workflowId":"8y5ALZTU2BvkIrm4","workflowName":"General","executionId":"41","nodeType":"n8n-nodes-base.function","nodeName":"Process Travel Data","nodeId":"02497c10-01cd-4448-8373-576a8cdff0cf"}}
{"__type":"$$EventMessageConfirm","confirm":"a68d9245-d78f-42e3-a32d-54af11a964e3","ts":"2025-12-06T18:43:09.025-05:00","source":{"id":"0","name":"eventBus"}}
{"__type":"$$EventMessageNode","id":"cd37a537-2c86-455d-b133-4a88f80fc519","ts":"2025-12-06T18:43:09.030-05:00","eventName":"n8n.node.finished","message":"n8n.node.finished","payload":{"workflowId":"8y5ALZTU2BvkIrm4","workflowName":"General","executionId":"41","nodeType":"n8n-nodes-base.function","nodeName":"Process Travel Data","nodeId":"02497c10-01cd-4448-8373-576a8cdff0cf"}}
{"__type":"$$EventMessageConfirm","confirm":"cd37a537-2c86-455d-b133-4a88f80fc519","ts":"2025-12-06T18:43:09.030-05:00","source":{"id":"0","name":"eventBus"}}
{"__type":"$$EventMessageNode","id":"e39ab578-cf9d-4a7d-a914-49e4e923ab28","ts":"2025-12-06T18:43:09.030-05:00","eventName":"n8n.node.started","message":"n8n.node.started","payload":{"workflowId":"8y5ALZTU2BvkIrm4","workflowName":"General","executionId":"41","nodeType":"n8n-nodes-base.httpRequest","nodeName":"✈️ Skyscanner Flights","nodeId":"6d1d14dd-30a6-4993-a0b8-2e926b5e6f7d"}}
{"__type":"$$EventMessageConfirm","confirm":"e39ab578-cf9d-4a7d-a914-49e4e923ab28","ts":"2025-12-06T18:43:09.030-05:00","source":{"id":"0","name":"eventBus"}}
{"__type":"$$EventMessageWorkflow","id":"16af8233-37b7-4da3-9207-8e5be107ed65","ts":"2025-12-06T18:43:09.056-05:00","eventName":"n8n.workflow.started","message":"n8n.workflow.started","payload":{"executionId":"42","workflowId":"8y5ALZTU2BvkIrm4","isManual":false,"workflowName":"General"}}
{"__type":"$$EventMessageConfirm","confirm":"16af8233-37b7-4da3-9207-8e5be107ed65","ts":"2025-12-06T18:43:09.056-05:00","source":{"id":"0","name":"eventBus"}}
{"__type":"$$EventMessageNode","id":"0680068c-291f-477e-adba-388eb07b01e1","ts":"2025-12-06T18:43:09.056-05:00","eventName":"n8n.node.started","message":"n8n.node.started","payload":{"workflowId":"8y5ALZTU2BvkIrm4","workflowName":"General","executionId":"42","nodeType":"n8n-nodes-base.webhook","nodeName":"📱 Streamlit Webhook","nodeId":"ae8059ee-5c26-4af5-83ea-0b147821a989"}}
{"__type":"$$EventMessageConfirm","confirm":"0680068c-291f-477e-adba-388eb07b01e1","ts":"2025-12-06T18:43:09.056-05:00","source":{"id":"0","name":"eventBus"}}
{"__type":"$$EventMessageNode","id":"867140bf-00a3-49ba-8a5a-a2c27e915c14","ts":"2025-12-06T18:43:09.057-05:00","eventName":"n8n.node.finished","message":"n8n.node.finished","payload":{"workflowId":"8y5ALZTU2BvkIrm4","workflowName":"General","executionId":"42","nodeType":"n8n-nodes-base.webhook","nodeName":"📱 Streamlit Webhook","nodeId":"ae8059ee-5c26-4af5-83ea-0b147821a989"}}
{"__type":"$$EventMessageConfirm","confirm":"867140bf-00a3-49ba-8a5a-a2c27e915c14","ts":"2025-12-06T18:43:09.057-05:00","source":{"id":"0","name":"eventBus"}}
{"__type":"$$EventMessageNode","id":"38978a1d-e724-4850-b85f-74cca6f977fb","ts":"2025-12-06T18:43:09.057-05:00","eventName":"n8n.node.started","message":"n8n.node.started","payload":{"workflowId":"8y5ALZTU2BvkIrm4","workflowName":"General","executionId":"42","nodeType":"n8n-nodes-base.function","nodeName":"Process Travel Data","nodeId":"02497c10-01cd-4448-8373-576a8cdff0cf"}}
{"__type":"$$EventMessageConfirm","confirm":"38978a1d-e724-4850-b85f-74cca6f977fb","ts":"2025-12-06T18:43:09.057-05:00","source":{"id":"0","name":"eventBus"}}
{"__type":"$$EventMessageNode","id":"2ad4fa84-d93d-41d1-b148-5a8a6d8549bf","ts":"2025-12-06T18:43:09.062-05:00","eventName":"n8n.node.finished","message":"n8n.node.finished","payload":{"workflowId":"8y5ALZTU2BvkIrm4","workflowName":"General","executionId":"42","nodeType":"n8n-nodes-base.function","nodeName":"Process Travel Data","nodeId":"02497c10-01cd-4448-8373-576a8cdff0cf"}}
{"__type":"$$EventMessageConfirm","confirm":"2ad4fa84-d93d-41d1-b148-5a8a6d8549bf","ts":"2025-12-06T18:43:09.062-05:00","source":{"id":"0","name":"eventBus"}}
{"__type":"$$EventMessageNode","id":"a7196f7c-d917-4d99-b591-5193c490ff50","ts":"2025-12-06T18:43:09.062-05:00","eventName":"n8n.node.started","message":"n8n.node.started","payload":{"workflowId":"8y5ALZTU2BvkIrm4","workflowName":"General","executionId":"42","nodeType":"n8n-nodes-base.httpRequest","nodeName":"✈️ Skyscanner Flights","nodeId":"6d1d14dd-30a6-4993-a0b8-2e926b5e6f7d"}}
{"__type":"$$EventMessageConfirm","confirm":"a7196f7c-d917-4d99-b591-5193c490ff50","ts":"2025-12-06T18:43:09.062-05:00","source":{"id":"0","name":"eventBus"}}
{"__type":"$$EventMessageNode","id":"094f2ccc-724c-48ae-a228-6f2f17208eb0","ts":"2025-12-06T18:43:09.209-05:00","eventName":"n8n.node.finished","message":"n8n.node.finished","payload":{"workflowId":"8y5ALZTU2BvkIrm4","workflowName":"General","executionId":"35","nodeType":"n8n-nodes-base.httpRequest","nodeName":"🏨 Amadeus Hotels Search","nodeId":"335375c3-b2c4-488a-a187-5db699984bb5"}}
{"__type":"$$EventMessageConfirm","confirm":"094f2ccc-724c-48ae-a228-6f2f17208eb0","ts":"2025-12-06T18:43:09.209-05:00","source":{"id":"0","name":"eventBus"}}
{"__type":"$$EventMessageNode","id":"6d30a01b-d238-43bd-8fd3-935beb65ad58","ts":"2025-12-06T18:43:09.210-05:00","eventName":"n8n.node.started","message":"n8n.node.started","payload":{"workflowId":"8y5ALZTU2BvkIrm4","workflowName":"General","executionId":"35","nodeType":"n8n-nodes-base.code","nodeName":"🧩 Parse Amadeus Hotels","nodeId":"47677723-da63-41ea-8c58-4cff95258258"}}
{"__type":"$$EventMessageConfirm","confirm":"6d30a01b-d238-43bd-8fd3-935beb65ad58","ts":"2025-12-06T18:43:09.210-05:00","source":{"id":"0","name":"eventBus"}}
{"__type":"$$EventMessageNode","id":"00ac7d96-6dcf-4473-8db3-faa5a24dd0b2","ts":"2025-12-06T18:43:09.238-05:00","eventName":"n8n.node.finished","message":"n8n.node.finished","payload":{"workflowId":"8y5ALZTU2BvkIrm4","workflowName":"General","executionId":"35","nodeType":"n8n-nodes-base.code","nodeName":"🧩 Parse Amadeus Hotels","nodeId":"47677723-da63-41ea-8c58-4cff95258258"}}
{"__type":"$$EventMessageConfirm","confirm":"00ac7d96-6dcf-4473-8db3-faa5a24dd0b2","ts":"2025-12-06T18:43:09.238-05:00","source":{"id":"0","name":"eventBus"}}
{"__type":"$$EventMessageNode","id":"fc2194e4-2e4f-4c9e-981a-350e4d58ecbd","ts":"2025-12-06T18:43:09.240-05:00","eventName":"n8n.node.started","message":"n8n.node.started","payload":{"workflowId":"8y5ALZTU2BvkIrm4","workflowName":"General","executionId":"35","nodeType":"n8n-nodes-base.code","nodeName":"Code in JavaScript","nodeId":"9ad265ae-5dcc-402a-9191-c6e7792d671f"}}
{"__type":"$$EventMessageConfirm","confirm":"fc2194e4-2e4f-4c9e-981a-350e4d58ecbd","ts":"2025-12-06T18:43:09.240-05:00","source":{"id":"0","name":"eventBus"}}
{"__type":"$$EventMessageNode","id":"e6289557-5d4c-4f92-9b73-da2ccb340ba3","ts":"2025-12-06T18:43:09.248-05:00","eventName":"n8n.node.finished","message":"n8n.node.finished","payload":{"workflowId":"8y5ALZTU2BvkIrm4","workflowName":"General","executionId":"35","nodeType":"n8n-nodes-base.code","nodeName":"Code in JavaScript","nodeId":"9ad265ae-5dcc-402a-9191-c6e7792d671f"}}
{"__type":"$$EventMessageConfirm","confirm":"e6289557-5d4c-4f92-9b73-da2ccb340ba3","ts":"2025-12-06T18:43:09.248-05:00","source":{"id":"0","name":"eventBus"}}
{"__type":"$$EventMessageNode","id":"f7b6733a-5a05-4416-880e-f33c8756a5fe","ts":"2025-12-06T18:43:09.248-05:00","eventName":"n8n.node.started","message":"n8n.node.started","payload":{"workflowId":"8y5ALZTU2BvkIrm4","workflowName":"General","executionId":"35","nodeType":"n8n-nodes-base.function","nodeName":"💡 Generate Travel Recommendations","nodeId":"300dd062-67fe-4694-b4db-81170145ca24"}}
{"__type":"$$EventMessageConfirm","confirm":"f7b6733a-5a05-4416-880e-f33c8756a5fe","ts":"2025-12-06T18:43:09.249-05:00","source":{"id":"0","name":"eventBus"}}
{"__type":"$$EventMessageNode","id":"aa9c9259-bf5e-4ecd-8f43-5449b55a3617","ts":"2025-12-06T18:43:09.257-05:00","eventName":"n8n.node.finished","message":"n8n.node.finished","payload":{"workflowId":"8y5ALZTU2BvkIrm4","workflowName":"General","executionId":"35","nodeType":"n8n-nodes-base.function","nodeName":"💡 Generate Travel Recommendations","nodeId":"300dd062-67fe-4694-b4db-81170145ca24"}}
{"__type":"$$EventMessageConfirm","confirm":"aa9c9259-bf5e-4ecd-8f43-5449b55a3617","ts":"2025-12-06T18:43:09.258-05:00","source":{"id":"0","name":"eventBus"}}
{"__type":"$$EventMessageNode","id":"a16fbff8-ba86-41aa-8ce6-293054bf4e73","ts":"2025-12-06T18:43:09.258-05:00","eventName":"n8n.node.started","message":"n8n.node.started","payload":{"workflowId":"8y5ALZTU2BvkIrm4","workflowName":"General","executionId":"35","nodeType":"n8n-nodes-base.supabase","nodeName":"💾 Supabase Storage","nodeId":"5decf8b0-d187-4260-9cad-7841d180e7bb"}}
{"__type":"$$EventMessageConfirm","confirm":"a16fbff8-ba86-41aa-8ce6-293054bf4e73","ts":"2025-12-06T18:43:09.258-05:00","source":{"id":"0","name":"eventBus"}}
{"__type":"$$EventMessageNode","id":"d2213bff-b210-4b70-a123-a7cbb95e6a01","ts":"2025-12-06T18:43:09.773-05:00","eventName":"n8n.node.finished","message":"n8n.node.finished","payload":{"workflowId":"8y5ALZTU2BvkIrm4","workflowName":"General","executionId":"35","nodeType":"n8n-nodes-base.supabase","nodeName":"💾 Supabase Storage","nodeId":"5decf8b0-d187-4260-9cad-7841d180e7bb"}}
{"__type":"$$EventMessageConfirm","confirm":"d2213bff-b210-4b70-a123-a7cbb95e6a01","ts":"2025-12-06T18:43:09.773-05:00","source":{"id":"0","name":"eventBus"}}
{"__type":"$$EventMessageNode","id":"09e3cfe5-bd4d-41a1-82b4-0c0eef87356d","ts":"2025-12-06T18:43:09.774-05:00","eventName":"n8n.node.started","message":"n8n.node.started","payload":{"workflowId":"8y5ALZTU2BvkIrm4","workflowName":"General","executionId":"35","nodeType":"n8n-nodes-base.code","nodeName":"Code in JavaScript1","nodeId":"fa6afa75-0195-4c00-9736-9fa0dfb030c1"}}
{"__type":"$$EventMessageConfirm","confirm":"09e3cfe5-bd4d-41a1-82b4-0c0eef87356d","ts":"2025-12-06T18:43:09.774-05:00","source":{"id":"0","name":"eventBus"}}
{"__type":"$$EventMessageNode","id":"dc2f9547-be58-4255-ba88-870b38fc9a2b","ts":"2025-12-06T18:43:09.778-05:00","eventName":"n8n.node.finished","message":"n8n.node.finished","payload":{"workflowId":"8y5ALZTU2BvkIrm4","workflowName":"General","executionId":"35","nodeType":"n8n-nodes-base.code","nodeName":"Code in JavaScript1","nodeId":"fa6afa75-0195-4c00-9736-9fa0dfb030c1"}}
{"__type":"$$EventMessageConfirm","confirm":"dc2f9547-be58-4255-ba88-870b38fc9a2b","ts":"2025-12-06T18:43:09.778-05:00","source":{"id":"0","name":"eventBus"}}
{"__type":"$$EventMessageNode","id":"584886be-5d60-4c20-9631-c2babcc3a7b3","ts":"2025-12-06T18:43:09.778-05:00","eventName":"n8n.node.started","message":"n8n.node.started","payload":{"workflowId":"8y5ALZTU2BvkIrm4","workflowName":"General","executionId":"35","nodeType":"n8n-nodes-base.if","nodeName":"🎯 Check Great Deal","nodeId":"2d5f8692-815e-4325-a900-48f6502f5fc0"}}
{"__type":"$$EventMessageConfirm","confirm":"584886be-5d60-4c20-9631-c2babcc3a7b3","ts":"2025-12-06T18:43:09.778-05:00","source":{"id":"0","name":"eventBus"}}
{"__type":"$$EventMessageNode","id":"5c25fadc-7713-4640-a04d-944b2376e0e0","ts":"2025-12-06T18:43:09.779-05:00","eventName":"n8n.node.finished","message":"n8n.node.finished","payload":{"workflowId":"8y5ALZTU2BvkIrm4","workflowName":"General","executionId":"35","nodeType":"n8n-nodes-base.if","nodeName":"🎯 Check Great Deal","nodeId":"2d5f8692-815e-4325-a900-48f6502f5fc0"}}
{"__type":"$$EventMessageConfirm","confirm":"5c25fadc-7713-4640-a04d-944b2376e0e0","ts":"2025-12-06T18:43:09.779-05:00","source":{"id":"0","name":"eventBus"}}
{"__type":"$$EventMessageNode","id":"f3cfae69-833e-42bd-b8e1-3e8a5889bdee","ts":"2025-12-06T18:43:09.779-05:00","eventName":"n8n.node.started","message":"n8n.node.started","payload":{"workflowId":"8y5ALZTU2BvkIrm4","workflowName":"General","executionId":"35","nodeType":"n8n-nodes-base.emailSend","nodeName":"Enviar Correo1","nodeId":"cae987c6-c9aa-4be8-abd1-aa4d4e16b230"}}
{"__type":"$$EventMessageConfirm","confirm":"f3cfae69-833e-42bd-b8e1-3e8a5889bdee","ts":"2025-12-06T18:43:09.779-05:00","source":{"id":"0","name":"eventBus"}}
{"__type":"$$EventMessageNode","id":"a8b94efe-f4eb-4f51-8dd0-e4f438dba813","ts":"2025-12-06T18:43:09.966-05:00","eventName":"n8n.node.finished","message":"n8n.node.finished","payload":{"workflowId":"8y5ALZTU2BvkIrm4","workflowName":"General","executionId":"40","nodeType":"n8n-nodes-base.httpRequest","nodeName":"✈️ Skyscanner Flights","nodeId":"6d1d14dd-30a6-4993-a0b8-2e926b5e6f7d"}}
{"__type":"$$EventMessageConfirm","confirm":"a8b94efe-f4eb-4f51-8dd0-e4f438dba813","ts":"2025-12-06T18:43:09.967-05:00","source":{"id":"0","name":"eventBus"}}
{"__type":"$$EventMessageNode","id":"18baa8ac-4151-4b2d-b415-3ff7513ad46e","ts":"2025-12-06T18:43:09.967-05:00","eventName":"n8n.node.started","message":"n8n.node.started","payload":{"workflowId":"8y5ALZTU2BvkIrm4","workflowName":"General","executionId":"40","nodeType":"n8n-nodes-base.httpRequest","nodeName":"🗝️ Amadeus Auth Token","nodeId":"ddee2ef7-119f-4f23-8649-7285c81ad086"}}
{"__type":"$$EventMessageConfirm","confirm":"18baa8ac-4151-4b2d-b415-3ff7513ad46e","ts":"2025-12-06T18:43:09.967-05:00","source":{"id":"0","name":"eventBus"}}
{"__type":"$$EventMessageNode","id":"6e5deecc-5701-481e-a4af-8ad353427b14","ts":"2025-12-06T18:43:10.036-05:00","eventName":"n8n.node.finished","message":"n8n.node.finished","payload":{"workflowId":"8y5ALZTU2BvkIrm4","workflowName":"General","executionId":"41","nodeType":"n8n-nodes-base.httpRequest","nodeName":"✈️ Skyscanner Flights","nodeId":"6d1d14dd-30a6-4993-a0b8-2e926b5e6f7d"}}
{"__type":"$$EventMessageConfirm","confirm":"6e5deecc-5701-481e-a4af-8ad353427b14","ts":"2025-12-06T18:43:10.036-05:00","source":{"id":"0","name":"eventBus"}}
{"__type":"$$EventMessageNode","id":"d861c8f5-5643-424d-ba09-eeda05462517","ts":"2025-12-06T18:43:10.036-05:00","eventName":"n8n.node.started","message":"n8n.node.started","payload":{"workflowId":"8y5ALZTU2BvkIrm4","workflowName":"General","executionId":"41","nodeType":"n8n-nodes-base.httpRequest","nodeName":"🗝️ Amadeus Auth Token","nodeId":"ddee2ef7-119f-4f23-8649-7285c81ad086"}}
{"__type":"$$EventMessageConfirm","confirm":"d861c8f5-5643-424d-ba09-eeda05462517","ts":"2025-12-06T18:43:10.036-05:00","source":{"id":"0","name":"eventBus"}}
{"__type":"$$EventMessageNode","id":"a8764b32-1da2-43ba-bca8-509447b6cb57","ts":"2025-12-06T18:43:10.160-05:00","eventName":"n8n.node.finished","message":"n8n.node.finished","payload":{"workflowId":"8y5ALZTU2BvkIrm4","workflowName":"General","executionId":"42","nodeType":"n8n-nodes-base.httpRequest","nodeName":"✈️ Skyscanner Flights","nodeId":"6d1d14dd-30a6-4993-a0b8-2e926b5e6f7d"}}
{"__type":"$$EventMessageConfirm","confirm":"a8764b32-1da2-43ba-bca8-509447b6cb57","ts":"2025-12-06T18:43:10.160-05:00","source":{"id":"0","name":"eventBus"}}
{"__type":"$$EventMessageNode","id":"5f37e95e-34bc-482c-80c2-a7edb3dff4c3","ts":"2025-12-06T18:43:10.160-05:00","eventName":"n8n.node.started","message":"n8n.node.started","payload":{"workflowId":"8y5ALZTU2BvkIrm4","workflowName":"General","executionId":"42","nodeType":"n8n-nodes-base.httpRequest","nodeName":"🗝️ Amadeus Auth Token","nodeId":"ddee2ef7-119f-4f23-8649-7285c81ad086"}}
{"__type":"$$EventMessageConfirm","confirm":"5f37e95e-34bc-482c-80c2-a7edb3dff4c3","ts":"2025-12-06T18:43:10.160-05:00","source":{"id":"0","name":"eventBus"}}
{"__type":"$$EventMessageNode","id":"7df54003-4bb3-4c5b-a71d-aa3b3747fbda","ts":"2025-12-06T18:43:10.338-05:00","eventName":"n8n.node.finished","message":"n8n.node.finished","payload":{"workflowId":"8y5ALZTU2BvkIrm4","workflowName":"General","executionId":"29","nodeType":"n8n-nodes-base.emailSend","nodeName":"Enviar Correo1","nodeId":"cae987c6-c9aa-4be8-abd1-aa4d4e16b230"}}
{"__type":"$$EventMessageConfirm","confirm":"7df54003-4bb3-4c5b-a71d-aa3b3747fbda","ts":"2025-12-06T18:43:10.338-05:00","source":{"id":"0","name":"eventBus"}}
{"__type":"$$EventMessageNode","id":"5a0caa96-5d04-4144-8e6a-825ffc56da55","ts":"2025-12-06T18:43:10.338-05:00","eventName":"n8n.node.started","message":"n8n.node.started","payload":{"workflowId":"8y5ALZTU2BvkIrm4","workflowName":"General","executionId":"29","nodeType":"n8n-nodes-base.respondToWebhook","nodeName":"Respond to Webhook1","nodeId":"21d30c3a-21ce-476e-a3c4-2813894cc904"}}
{"__type":"$$EventMessageConfirm","confirm":"5a0caa96-5d04-4144-8e6a-825ffc56da55","ts":"2025-12-06T18:43:10.338-05:00","source":{"id":"0","name":"eventBus"}}
{"__type":"$$EventMessageNode","id":"1facd176-9cb5-44f8-8f40-41305d461689","ts":"2025-12-06T18:43:10.340-05:00","eventName":"n8n.node.finished","message":"n8n.node.finished","payload":{"workflowId":"8y5ALZTU2BvkIrm4","workflowName":"General","executionId":"29","nodeType":"n8n-nodes-base.respondToWebhook","nodeName":"Respond to Webhook1","nodeId":"21d30c3a-21ce-476e-a3c4-2813894cc904"}}
{"__type":"$$EventMessageConfirm","confirm":"1facd176-9cb5-44f8-8f40-41305d461689","ts":"2025-12-06T18:43:10.340-05:00","source":{"id":"0","name":"eventBus"}}
{"__type":"$$EventMessageWorkflow","id":"1512049a-3023-4248-99aa-f9c5c0c8c355","ts":"2025-12-06T18:43:10.341-05:00","eventName":"n8n.workflow.success","message":"n8n.workflow.success","payload":{"executionId":"29","success":true,"isManual":false,"workflowId":"8y5ALZTU2BvkIrm4","workflowName":"General"}}
{"__type":"$$EventMessageConfirm","confirm":"1512049a-3023-4248-99aa-f9c5c0c8c355","ts":"2025-12-06T18:43:10.341-05:00","source":{"id":"0","name":"eventBus"}}
{"__type":"$$EventMessageNode","id":"e53945e7-e1c4-48be-88a2-59624f67a97d","ts":"2025-12-06T18:43:10.366-05:00","eventName":"n8n.node.finished","message":"n8n.node.finished","payload":{"workflowId":"8y5ALZTU2BvkIrm4","workflowName":"General","executionId":"37","nodeType":"n8n-nodes-base.httpRequest","nodeName":"🏨 Amadeus Hotels Search","nodeId":"335375c3-b2c4-488a-a187-5db699984bb5"}}
{"__type":"$$EventMessageConfirm","confirm":"e53945e7-e1c4-48be-88a2-59624f67a97d","ts":"2025-12-06T18:43:10.366-05:00","source":{"id":"0","name":"eventBus"}}
{"__type":"$$EventMessageWorkflow","id":"85b1514f-935a-43b4-a96f-2e37c1e9af54","ts":"2025-12-06T18:43:10.366-05:00","eventName":"n8n.workflow.failed","message":"n8n.workflow.failed","payload":{"executionId":"37","success":false,"isManual":false,"workflowId":"8y5ALZTU2BvkIrm4","workflowName":"General","lastNodeExecuted":"🏨 Amadeus Hotels Search","errorNodeType":"n8n-nodes-base.httpRequest","errorMessage":"Bad request - please check your parameters"}}
{"__type":"$$EventMessageConfirm","confirm":"85b1514f-935a-43b4-a96f-2e37c1e9af54","ts":"2025-12-06T18:43:10.366-05:00","source":{"id":"0","name":"eventBus"}}
{"__type":"$$EventMessageNode","id":"69da4d75-5012-4b2c-9912-94f09c2a4b51","ts":"2025-12-06T18:43:10.597-05:00","eventName":"n8n.node.finished","message":"n8n.node.finished","payload":{"workflowId":"8y5ALZTU2BvkIrm4","workflowName":"General","executionId":"36","nodeType":"n8n-nodes-base.httpRequest","nodeName":"🏨 Amadeus Hotels Search","nodeId":"335375c3-b2c4-488a-a187-5db699984bb5"}}
{"__type":"$$EventMessageConfirm","confirm":"69da4d75-5012-4b2c-9912-94f09c2a4b51","ts":"2025-12-06T18:43:10.597-05:00","source":{"id":"0","name":"eventBus"}}
{"__type":"$$EventMessageNode","id":"33f72681-897c-4770-8ef8-b18e99d5d601","ts":"2025-12-06T18:43:10.597-05:00","eventName":"n8n.node.started","message":"n8n.node.started","payload":{"workflowId":"8y5ALZTU2BvkIrm4","workflowName":"General","executionId":"36","nodeType":"n8n-nodes-base.code","nodeName":"🧩 Parse Amadeus Hotels","nodeId":"47677723-da63-41ea-8c58-4cff95258258"}}
{"__type":"$$EventMessageConfirm","confirm":"33f72681-897c-4770-8ef8-b18e99d5d601","ts":"2025-12-06T18:43:10.597-05:00","source":{"id":"0","name":"eventBus"}}
{"__type":"$$EventMessageNode","id":"a198c47e-f818-42bf-8ef3-1d38cd97974d","ts":"2025-12-06T18:43:10.626-05:00","eventName":"n8n.node.finished","message":"n8n.node.finished","payload":{"workflowId":"8y5ALZTU2BvkIrm4","workflowName":"General","executionId":"36","nodeType":"n8n-nodes-base.code","nodeName":"🧩 Parse Amadeus Hotels","nodeId":"47677723-da63-41ea-8c58-4cff95258258"}}
{"__type":"$$EventMessageConfirm","confirm":"a198c47e-f818-42bf-8ef3-1d38cd97974d","ts":"2025-12-06T18:43:10.626-05:00","source":{"id":"0","name":"eventBus"}}
{"__type":"$$EventMessageNode","id":"ae3b263a-1c8d-4e75-8940-aec280b00bdc","ts":"2025-12-06T18:43:10.627-05:00","eventName":"n8n.node.started","message":"n8n.node.started","payload":{"workflowId":"8y5ALZTU2BvkIrm4","workflowName":"General","executionId":"36","nodeType":"n8n-nodes-base.code","nodeName":"Code in JavaScript","nodeId":"9ad265ae-5dcc-402a-9191-c6e7792d671f"}}
{"__type":"$$EventMessageConfirm","confirm":"ae3b263a-1c8d-4e75-8940-aec280b00bdc","ts":"2025-12-06T18:43:10.627-05:00","source":{"id":"0","name":"eventBus"}}
{"__type":"$$EventMessageNode","id":"e7d8694c-06b3-44c9-a008-d51db94e6b9c","ts":"2025-12-06T18:43:10.636-05:00","eventName":"n8n.node.finished","message":"n8n.node.finished","payload":{"workflowId":"8y5ALZTU2BvkIrm4","workflowName":"General","executionId":"36","nodeType":"n8n-nodes-base.code","nodeName":"Code in JavaScript","nodeId":"9ad265ae-5dcc-402a-9191-c6e7792d671f"}}
{"__type":"$$EventMessageConfirm","confirm":"e7d8694c-06b3-44c9-a008-d51db94e6b9c","ts":"2025-12-06T18:43:10.636-05:00","source":{"id":"0","name":"eventBus"}}
{"__type":"$$EventMessageNode","id":"3fd442ee-8206-43d8-9526-259112470813","ts":"2025-12-06T18:43:10.636-05:00","eventName":"n8n.node.started","message":"n8n.node.started","payload":{"workflowId":"8y5ALZTU2BvkIrm4","workflowName":"General","executionId":"36","nodeType":"n8n-nodes-base.function","nodeName":"💡 Generate Travel Recommendations","nodeId":"300dd062-67fe-4694-b4db-81170145ca24"}}
{"__type":"$$EventMessageConfirm","confirm":"3fd442ee-8206-43d8-9526-259112470813","ts":"2025-12-06T18:43:10.636-05:00","source":{"id":"0","name":"eventBus"}}
{"__type":"$$EventMessageNode","id":"e6515ec6-0daf-4947-845e-6648044559ae","ts":"2025-12-06T18:43:10.644-05:00","eventName":"n8n.node.finished","message":"n8n.node.finished","payload":{"workflowId":"8y5ALZTU2BvkIrm4","workflowName":"General","executionId":"36","nodeType":"n8n-nodes-base.function","nodeName":"💡 Generate Travel Recommendations","nodeId":"300dd062-67fe-4694-b4db-81170145ca24"}}
{"__type":"$$EventMessageConfirm","confirm":"e6515ec6-0daf-4947-845e-6648044559ae","ts":"2025-12-06T18:43:10.644-05:00","source":{"id":"0","name":"eventBus"}}
{"__type":"$$EventMessageNode","id":"c7236ebc-00c5-455a-a9dd-72282ac1d657","ts":"2025-12-06T18:43:10.644-05:00","eventName":"n8n.node.started","message":"n8n.node.started","payload":{"workflowId":"8y5ALZTU2BvkIrm4","workflowName":"General","executionId":"36","nodeType":"n8n-nodes-base.supabase","nodeName":"💾 Supabase Storage","nodeId":"5decf8b0-d187-4260-9cad-7841d180e7bb"}}
{"__type":"$$EventMessageConfirm","confirm":"c7236ebc-00c5-455a-a9dd-72282ac1d657","ts":"2025-12-06T18:43:10.644-05:00","source":{"id":"0","name":"eventBus"}}
{"__type":"$$EventMessageNode","id":"504d6df9-e555-4768-80d3-25022b4c4e8a","ts":"2025-12-06T18:43:10.762-05:00","eventName":"n8n.node.finished","message":"n8n.node.finished","payload":{"workflowId":"8y5ALZTU2BvkIrm4","workflowName":"General","executionId":"38","nodeType":"n8n-nodes-base.httpRequest","nodeName":"🏨 Amadeus Hotels Search","nodeId":"335375c3-b2c4-488a-a187-5db699984bb5"}}
{"__type":"$$EventMessageConfirm","confirm":"504d6df9-e555-4768-80d3-25022b4c4e8a","ts":"2025-12-06T18:43:10.762-05:00","source":{"id":"0","name":"eventBus"}}
{"__type":"$$EventMessageNode","id":"b663e441-86c3-443f-bc97-3430a7d0cb8a","ts":"2025-12-06T18:43:10.763-05:00","eventName":"n8n.node.started","message":"n8n.node.started","payload":{"workflowId":"8y5ALZTU2BvkIrm4","workflowName":"General","executionId":"38","nodeType":"n8n-nodes-base.code","nodeName":"🧩 Parse Amadeus Hotels","nodeId":"47677723-da63-41ea-8c58-4cff95258258"}}
{"__type":"$$EventMessageConfirm","confirm":"b663e441-86c3-443f-bc97-3430a7d0cb8a","ts":"2025-12-06T18:43:10.763-05:00","source":{"id":"0","name":"eventBus"}}
{"__type":"$$EventMessageNode","id":"69c43689-fcf3-43bb-b2b4-1f1251794912","ts":"2025-12-06T18:43:10.791-05:00","eventName":"n8n.node.finished","message":"n8n.node.finished","payload":{"workflowId":"8y5ALZTU2BvkIrm4","workflowName":"General","executionId":"38","nodeType":"n8n-nodes-base.code","nodeName":"🧩 Parse Amadeus Hotels","nodeId":"47677723-da63-41ea-8c58-4cff95258258"}}
{"__type":"$$EventMessageConfirm","confirm":"69c43689-fcf3-43bb-b2b4-1f1251794912","ts":"2025-12-06T18:43:10.791-05:00","source":{"id":"0","name":"eventBus"}}
{"__type":"$$EventMessageNode","id":"d699d442-ce4f-4a1a-bd02-27b9795c4d97","ts":"2025-12-06T18:43:10.793-05:00","eventName":"n8n.node.started","message":"n8n.node.started","payload":{"workflowId":"8y5ALZTU2BvkIrm4","workflowName":"General","executionId":"38","nodeType":"n8n-nodes-base.code","nodeName":"Code in JavaScript","nodeId":"9ad265ae-5dcc-402a-9191-c6e7792d671f"}}
{"__type":"$$EventMessageConfirm","confirm":"d699d442-ce4f-4a1a-bd02-27b9795c4d97","ts":"2025-12-06T18:43:10.793-05:00","source":{"id":"0","name":"eventBus"}}
{"__type":"$$EventMessageNode","id":"4d17a61e-b436-4a16-bc4f-39119e4ddb7b","ts":"2025-12-06T18:43:10.800-05:00","eventName":"n8n.node.finished","message":"n8n.node.finished","payload":{"workflowId":"8y5ALZTU2BvkIrm4","workflowName":"General","executionId":"38","nodeType":"n8n-nodes-base.code","nodeName":"Code in JavaScript","nodeId":"9ad265ae-5dcc-402a-9191-c6e7792d671f"}}
{"__type":"$$EventMessageConfirm","confirm":"4d17a61e-b436-4a16-bc4f-39119e4ddb7b","ts":"2025-12-06T18:43:10.800-05:00","source":{"id":"0","name":"eventBus"}}
{"__type":"$$EventMessageNode","id":"7561cfe3-ed17-43a7-8927-4693d3c51ce5","ts":"2025-12-06T18:43:10.800-05:00","eventName":"n8n.node.started","message":"n8n.node.started","payload":{"workflowId":"8y5ALZTU2BvkIrm4","workflowName":"General","executionId":"38","nodeType":"n8n-nodes-base.function","nodeName":"💡 Generate Travel Recommendations","nodeId":"300dd062-67fe-4694-b4db-81170145ca24"}}
{"__type":"$$EventMessageConfirm","confirm":"7561cfe3-ed17-43a7-8927-4693d3c51ce5","ts":"2025-12-06T18:43:10.800-05:00","source":{"id":"0","name":"eventBus"}}
{"__type":"$$EventMessageNode","id":"2ca0171d-1704-41be-b374-65e31873b5cc","ts":"2025-12-06T18:43:10.806-05:00","eventName":"n8n.node.finished","message":"n8n.node.finished","payload":{"workflowId":"8y5ALZTU2BvkIrm4","workflowName":"General","executionId":"38","nodeType":"n8n-nodes-base.function","nodeName":"💡 Generate Travel Recommendations","nodeId":"300dd062-67fe-4694-b4db-81170145ca24"}}
{"__type":"$$EventMessageConfirm","confirm":"2ca0171d-1704-41be-b374-65e31873b5cc","ts":"2025-12-06T18:43:10.806-05:00","source":{"id":"0","name":"eventBus"}}
{"__type":"$$EventMessageNode","id":"95f98c67-10cb-4acb-be1a-078348828d22","ts":"2025-12-06T18:43:10.806-05:00","eventName":"n8n.node.started","message":"n8n.node.started","payload":{"workflowId":"8y5ALZTU2BvkIrm4","workflowName":"General","executionId":"38","nodeType":"n8n-nodes-base.supabase","nodeName":"💾 Supabase Storage","nodeId":"5decf8b0-d187-4260-9cad-7841d180e7bb"}}
{"__type":"$$EventMessageConfirm","confirm":"95f98c67-10cb-4acb-be1a-078348828d22","ts":"2025-12-06T18:43:10.806-05:00","source":{"id":"0","name":"eventBus"}}
{"__type":"$$EventMessageNode","id":"75692eda-bfe3-4c06-9ef0-83b32831a8ef","ts":"2025-12-06T18:43:10.816-05:00","eventName":"n8n.node.finished","message":"n8n.node.finished","payload":{"workflowId":"8y5ALZTU2BvkIrm4","workflowName":"General","executionId":"31","nodeType":"n8n-nodes-base.emailSend","nodeName":"Enviar Correo1","nodeId":"cae987c6-c9aa-4be8-abd1-aa4d4e16b230"}}
{"__type":"$$EventMessageConfirm","confirm":"75692eda-bfe3-4c06-9ef0-83b32831a8ef","ts":"2025-12-06T18:43:10.816-05:00","source":{"id":"0","name":"eventBus"}}
{"__type":"$$EventMessageNode","id":"45ea1d90-9872-4096-81fc-aff465747e40","ts":"2025-12-06T18:43:10.816-05:00","eventName":"n8n.node.started","message":"n8n.node.started","payload":{"workflowId":"8y5ALZTU2BvkIrm4","workflowName":"General","executionId":"31","nodeType":"n8n-nodes-base.respondToWebhook","nodeName":"Respond to Webhook1","nodeId":"21d30c3a-21ce-476e-a3c4-2813894cc904"}}
{"__type":"$$EventMessageConfirm","confirm":"45ea1d90-9872-4096-81fc-aff465747e40","ts":"2025-12-06T18:43:10.816-05:00","source":{"id":"0","name":"eventBus"}}
{"__type":"$$EventMessageNode","id":"109052f8-0ee4-4544-8cc1-9b426d9fad4e","ts":"2025-12-06T18:43:10.818-05:00","eventName":"n8n.node.finished","message":"n8n.node.finished","payload":{"workflowId":"8y5ALZTU2BvkIrm4","workflowName":"General","executionId":"31","nodeType":"n8n-nodes-base.respondToWebhook","nodeName":"Respond to Webhook1","nodeId":"21d30c3a-21ce-476e-a3c4-2813894cc904"}}
{"__type":"$$EventMessageConfirm","confirm":"109052f8-0ee4-4544-8cc1-9b426d9fad4e","ts":"2025-12-06T18:43:10.818-05:00","source":{"id":"0","name":"eventBus"}}
{"__type":"$$EventMessageWorkflow","id":"8d59b7f8-c6c5-4eae-9df1-8465c1c45d9f","ts":"2025-12-06T18:43:10.818-05:00","eventName":"n8n.workflow.success","message":"n8n.workflow.success","payload":{"executionId":"31","success":true,"isManual":false,"workflowId":"8y5ALZTU2BvkIrm4","workflowName":"General"}}
{"__type":"$$EventMessageConfirm","confirm":"8d59b7f8-c6c5-4eae-9df1-8465c1c45d9f","ts":"2025-12-06T18:43:10.818-05:00","source":{"id":"0","name":"eventBus"}}
{"__type":"$$EventMessageWorkflow","id":"f8cb0314-f114-40f9-80cb-4353708a5589","ts":"2025-12-06T18:43:10.900-05:00","eventName":"n8n.workflow.started","message":"n8n.workflow.started","payload":{"executionId":"43","workflowId":"8y5ALZTU2BvkIrm4","isManual":false,"workflowName":"General"}}
{"__type":"$$EventMessageConfirm","confirm":"f8cb0314-f114-40f9-80cb-4353708a5589","ts":"2025-12-06T18:43:10.900-05:00","source":{"id":"0","name":"eventBus"}}
{"__type":"$$EventMessageNode","id":"1244a9bf-476c-4e65-aebd-a5cb1a82f0ba","ts":"2025-12-06T18:43:10.900-05:00","eventName":"n8n.node.started","message":"n8n.node.started","payload":{"workflowId":"8y5ALZTU2BvkIrm4","workflowName":"General","executionId":"43","nodeType":"n8n-nodes-base.webhook","nodeName":"📱 Streamlit Webhook","nodeId":"ae8059ee-5c26-4af5-83ea-0b147821a989"}}
{"__type":"$$EventMessageConfirm","confirm":"1244a9bf-476c-4e65-aebd-a5cb1a82f0ba","ts":"2025-12-06T18:43:10.900-05:00","source":{"id":"0","name":"eventBus"}}
{"__type":"$$EventMessageNode","id":"b526f758-f55f-439c-ba62-6dba4a168794","ts":"2025-12-06T18:43:10.900-05:00","eventName":"n8n.node.finished","message":"n8n.node.finished","payload":{"workflowId":"8y5ALZTU2BvkIrm4","workflowName":"General","executionId":"43","nodeType":"n8n-nodes-base.webhook","nodeName":"📱 Streamlit Webhook","nodeId":"ae8059ee-5c26-4af5-83ea-0b147821a989"}}
{"__type":"$$EventMessageConfirm","confirm":"b526f758-f55f-439c-ba62-6dba4a168794","ts":"2025-12-06T18:43:10.900-05:00","source":{"id":"0","name":"eventBus"}}
{"__type":"$$EventMessageNode","id":"d02e694e-aa27-4c67-add1-bfee803db916","ts":"2025-12-06T18:43:10.900-05:00","eventName":"n8n.node.started","message":"n8n.node.started","payload":{"workflowId":"8y5ALZTU2BvkIrm4","workflowName":"General","executionId":"43","nodeType":"n8n-nodes-base.function","nodeName":"Process Travel Data","nodeId":"02497c10-01cd-4448-8373-576a8cdff0cf"}}
{"__type":"$$EventMessageConfirm","confirm":"d02e694e-aa27-4c67-add1-bfee803db916","ts":"2025-12-06T18:43:10.900-05:00","source":{"id":"0","name":"eventBus"}}
{"__type":"$$EventMessageNode","id":"00f726e2-e5b7-4a30-b17e-d60c3b2c1a84","ts":"2025-12-06T18:43:10.905-05:00","eventName":"n8n.node.finished","message":"n8n.node.finished","payload":{"workflowId":"8y5ALZTU2BvkIrm4","workflowName":"General","executionId":"43","nodeType":"n8n-nodes-base.function","nodeName":"Process Travel Data","nodeId":"02497c10-01cd-4448-8373-576a8cdff0cf"}}
{"__type":"$$EventMessageConfirm","confirm":"00f726e2-e5b7-4a30-b17e-d60c3b2c1a84","ts":"2025-12-06T18:43:10.905-05:00","source":{"id":"0","name":"eventBus"}}
{"__type":"$$EventMessageNode","id":"8d2266ca-b26c-4621-9ca6-fa99ef6d3ce8","ts":"2025-12-06T18:43:10.905-05:00","eventName":"n8n.node.started","message":"n8n.node.started","payload":{"workflowId":"8y5ALZTU2BvkIrm4","workflowName":"General","executionId":"43","nodeType":"n8n-nodes-base.httpRequest","nodeName":"✈️ Skyscanner Flights","nodeId":"6d1d14dd-30a6-4993-a0b8-2e926b5e6f7d"}}
{"__type":"$$EventMessageConfirm","confirm":"8d2266ca-b26c-4621-9ca6-fa99ef6d3ce8","ts":"2025-12-06T18:43:10.905-05:00","source":{"id":"0","name":"eventBus"}}
{"__type":"$$EventMessageNode","id":"daf47de6-6118-4500-9939-10bd594eec0e","ts":"2025-12-06T18:43:11.012-05:00","eventName":"n8n.node.finished","message":"n8n.node.finished","payload":{"workflowId":"8y5ALZTU2BvkIrm4","workflowName":"General","executionId":"40","nodeType":"n8n-nodes-base.httpRequest","nodeName":"🗝️ Amadeus Auth Token","nodeId":"ddee2ef7-119f-4f23-8649-7285c81ad086"}}
{"__type":"$$EventMessageConfirm","confirm":"daf47de6-6118-4500-9939-10bd594eec0e","ts":"2025-12-06T18:43:11.012-05:00","source":{"id":"0","name":"eventBus"}}
{"__type":"$$EventMessageNode","id":"3ce62e62-f9e1-4564-952f-96a836e7e5c2","ts":"2025-12-06T18:43:11.012-05:00","eventName":"n8n.node.started","message":"n8n.node.started","payload":{"workflowId":"8y5ALZTU2BvkIrm4","workflowName":"General","executionId":"40","nodeType":"n8n-nodes-base.httpRequest","nodeName":"🏨 Amadeus Hotels Search","nodeId":"335375c3-b2c4-488a-a187-5db699984bb5"}}
{"__type":"$$EventMessageConfirm","confirm":"3ce62e62-f9e1-4564-952f-96a836e7e5c2","ts":"2025-12-06T18:43:11.012-05:00","source":{"id":"0","name":"eventBus"}}
{"__type":"$$EventMessageWorkflow","id":"de72c84e-3444-4a33-beef-de291b2a1c35","ts":"2025-12-06T18:43:11.041-05:00","eventName":"n8n.workflow.started","message":"n8n.workflow.started","payload":{"executionId":"44","workflowId":"8y5ALZTU2BvkIrm4","isManual":false,"workflowName":"General"}}
{"__type":"$$EventMessageConfirm","confirm":"de72c84e-3444-4a33-beef-de291b2a1c35","ts":"2025-12-06T18:43:11.041-05:00","source":{"id":"0","name":"eventBus"}}
{"__type":"$$EventMessageNode","id":"8db64c81-0b6f-44ca-b80e-8e21fb59b8cd","ts":"2025-12-06T18:43:11.041-05:00","eventName":"n8n.node.started","message":"n8n.node.started","payload":{"workflowId":"8y5ALZTU2BvkIrm4","workflowName":"General","executionId":"44","nodeType":"n8n-nodes-base.webhook","nodeName":"📱 Streamlit Webhook","nodeId":"ae8059ee-5c26-4af5-83ea-0b147821a989"}}
{"__type":"$$EventMessageConfirm","confirm":"8db64c81-0b6f-44ca-b80e-8e21fb59b8cd","ts":"2025-12-06T18:43:11.041-05:00","source":{"id":"0","name":"eventBus"}}
{"__type":"$$EventMessageNode","id":"ef6aab02-0a16-4bb3-93d0-dc87673aca06","ts":"2025-12-06T18:43:11.041-05:00","eventName":"n8n.node.finished","message":"n8n.node.finished","payload":{"workflowId":"8y5ALZTU2BvkIrm4","workflowName":"General","executionId":"44","nodeType":"n8n-nodes-base.webhook","nodeName":"📱 Streamlit Webhook","nodeId":"ae8059ee-5c26-4af5-83ea-0b147821a989"}}
{"__type":"$$EventMessageConfirm","confirm":"ef6aab02-0a16-4bb3-93d0-dc87673aca06","ts":"2025-12-06T18:43:11.041-05:00","source":{"id":"0","name":"eventBus"}}
{"__type":"$$EventMessageNode","id":"16936cdd-8367-4fd8-b235-68abd6cf9bc8","ts":"2025-12-06T18:43:11.041-05:00","eventName":"n8n.node.started","message":"n8n.node.started","payload":{"workflowId":"8y5ALZTU2BvkIrm4","workflowName":"General","executionId":"44","nodeType":"n8n-nodes-base.function","nodeName":"Process Travel Data","nodeId":"02497c10-01cd-4448-8373-576a8cdff0cf"}}
{"__type":"$$EventMessageConfirm","confirm":"16936cdd-8367-4fd8-b235-68abd6cf9bc8","ts":"2025-12-06T18:43:11.041-05:00","source":{"id":"0","name":"eventBus"}}
{"__type":"$$EventMessageNode","id":"94e549b8-dce9-4e33-8354-e6aee059060d","ts":"2025-12-06T18:43:11.047-05:00","eventName":"n8n.node.finished","message":"n8n.node.finished","payload":{"workflowId":"8y5ALZTU2BvkIrm4","workflowName":"General","executionId":"44","nodeType":"n8n-nodes-base.function","nodeName":"Process Travel Data","nodeId":"02497c10-01cd-4448-8373-576a8cdff0cf"}}
{"__type":"$$EventMessageConfirm","confirm":"94e549b8-dce9-4e33-8354-e6aee059060d","ts":"2025-12-06T18:43:11.047-05:00","source":{"id":"0","name":"eventBus"}}
{"__type":"$$EventMessageNode","id":"1ac9f2d0-20b0-4458-ae5e-09b6799798ff","ts":"2025-12-06T18:43:11.047-05:00","eventName":"n8n.node.started","message":"n8n.node.started","payload":{"workflowId":"8y5ALZTU2BvkIrm4","workflowName":"General","executionId":"44","nodeType":"n8n-nodes-base.httpRequest","nodeName":"✈️ Skyscanner Flights","nodeId":"6d1d14dd-30a6-4993-a0b8-2e926b5e6f7d"}}
{"__type":"$$EventMessageConfirm","confirm":"1ac9f2d0-20b0-4458-ae5e-09b6799798ff","ts":"2025-12-06T18:43:11.047-05:00","source":{"id":"0","name":"eventBus"}}
{"__type":"$$EventMessageNode","id":"2dbe5186-1ddd-4ad8-a931-f93e5ba5d670","ts":"2025-12-06T18:43:11.158-05:00","eventName":"n8n.node.finished","message":"n8n.node.finished","payload":{"workflowId":"8y5ALZTU2BvkIrm4","workflowName":"General","executionId":"39","nodeType":"n8n-nodes-base.httpRequest","nodeName":"🏨 Amadeus Hotels Search","nodeId":"335375c3-b2c4-488a-a187-5db699984bb5"}}
{"__type":"$$EventMessageConfirm","confirm":"2dbe5186-1ddd-4ad8-a931-f93e5ba5d670","ts":"2025-12-06T18:43:11.158-05:00","source":{"id":"0","name":"eventBus"}}
{"__type":"$$EventMessageNode","id":"dfd3d4a2-9c3a-4cb0-b154-df9581e2a5ef","ts":"2025-12-06T18:43:11.159-05:00","eventName":"n8n.node.started","message":"n8n.node.started","payload":{"workflowId":"8y5ALZTU2BvkIrm4","workflowName":"General","executionId":"39","nodeType":"n8n-nodes-base.code","nodeName":"🧩 Parse Amadeus Hotels","nodeId":"47677723-da63-41ea-8c58-4cff95258258"}}
{"__type":"$$EventMessageConfirm","confirm":"dfd3d4a2-9c3a-4cb0-b154-df9581e2a5ef","ts":"2025-12-06T18:43:11.160-05:00","source":{"id":"0","name":"eventBus"}}
{"__type":"$$EventMessageNode","id":"4dbb253d-d4a1-4fa4-b6cf-3c2a851daf89","ts":"2025-12-06T18:43:11.196-05:00","eventName":"n8n.node.finished","message":"n8n.node.finished","payload":{"workflowId":"8y5ALZTU2BvkIrm4","workflowName":"General","executionId":"39","nodeType":"n8n-nodes-base.code","nodeName":"🧩 Parse Amadeus Hotels","nodeId":"47677723-da63-41ea-8c58-4cff95258258"}}
{"__type":"$$EventMessageConfirm","confirm":"4dbb253d-d4a1-4fa4-b6cf-3c2a851daf89","ts":"2025-12-06T18:43:11.196-05:00","source":{"id":"0","name":"eventBus"}}
{"__type":"$$EventMessageNode","id":"e602e7d3-edac-441a-b6be-3a94c5b99185","ts":"2025-12-06T18:43:11.198-05:00","eventName":"n8n.node.started","message":"n8n.node.started","payload":{"workflowId":"8y5ALZTU2BvkIrm4","workflowName":"General","executionId":"39","nodeType":"n8n-nodes-base.code","nodeName":"Code in JavaScript","nodeId":"9ad265ae-5dcc-402a-9191-c6e7792d671f"}}
{"__type":"$$EventMessageConfirm","confirm":"e602e7d3-edac-441a-b6be-3a94c5b99185","ts":"2025-12-06T18:43:11.198-05:00","source":{"id":"0","name":"eventBus"}}
{"__type":"$$EventMessageNode","id":"e9111994-ef91-4bef-b8cc-fb96d607bc00","ts":"2025-12-06T18:43:11.208-05:00","eventName":"n8n.node.finished","message":"n8n.node.finished","payload":{"workflowId":"8y5ALZTU2BvkIrm4","workflowName":"General","executionId":"39","nodeType":"n8n-nodes-base.code","nodeName":"Code in JavaScript","nodeId":"9ad265ae-5dcc-402a-9191-c6e7792d671f"}}
{"__type":"$$EventMessageConfirm","confirm":"e9111994-ef91-4bef-b8cc-fb96d607bc00","ts":"2025-12-06T18:43:11.208-05:00","source":{"id":"0","name":"eventBus"}}
{"__type":"$$EventMessageNode","id":"462961c3-ef79-4f3e-980a-69b2fef9546f","ts":"2025-12-06T18:43:11.209-05:00","eventName":"n8n.node.started","message":"n8n.node.started","payload":{"workflowId":"8y5ALZTU2BvkIrm4","workflowName":"General","executionId":"39","nodeType":"n8n-nodes-base.function","nodeName":"💡 Generate Travel Recommendations","nodeId":"300dd062-67fe-4694-b4db-81170145ca24"}}
{"__type":"$$EventMessageConfirm","confirm":"462961c3-ef79-4f3e-980a-69b2fef9546f","ts":"2025-12-06T18:43:11.209-05:00","source":{"id":"0","name":"eventBus"}}
{"__type":"$$EventMessageNode","id":"679e1eca-e501-4c31-bc62-42464d9020ea","ts":"2025-12-06T18:43:11.236-05:00","eventName":"n8n.node.finished","message":"n8n.node.finished","payload":{"workflowId":"8y5ALZTU2BvkIrm4","workflowName":"General","executionId":"39","nodeType":"n8n-nodes-base.function","nodeName":"💡 Generate Travel Recommendations","nodeId":"300dd062-67fe-4694-b4db-81170145ca24"}}
{"__type":"$$EventMessageConfirm","confirm":"679e1eca-e501-4c31-bc62-42464d9020ea","ts":"2025-12-06T18:43:11.236-05:00","source":{"id":"0","name":"eventBus"}}
{"__type":"$$EventMessageNode","id":"79a6b148-55b7-4368-9fee-8198e7f0a871","ts":"2025-12-06T18:43:11.236-05:00","eventName":"n8n.node.started","message":"n8n.node.started","payload":{"workflowId":"8y5ALZTU2BvkIrm4","workflowName":"General","executionId":"39","nodeType":"n8n-nodes-base.supabase","nodeName":"💾 Supabase Storage","nodeId":"5decf8b0-d187-4260-9cad-7841d180e7bb"}}
{"__type":"$$EventMessageConfirm","confirm":"79a6b148-55b7-4368-9fee-8198e7f0a871","ts":"2025-12-06T18:43:11.236-05:00","source":{"id":"0","name":"eventBus"}}
{"__type":"$$EventMessageWorkflow","id":"90944835-eced-4878-9051-56fafab9f4e5","ts":"2025-12-06T18:43:11.244-05:00","eventName":"n8n.workflow.started","message":"n8n.workflow.started","payload":{"executionId":"45","workflowId":"8y5ALZTU2BvkIrm4","isManual":false,"workflowName":"General"}}
{"__type":"$$EventMessageConfirm","confirm":"90944835-eced-4878-9051-56fafab9f4e5","ts":"2025-12-06T18:43:11.244-05:00","source":{"id":"0","name":"eventBus"}}
{"__type":"$$EventMessageNode","id":"c4847385-6c55-4b56-9e57-70ccf239af74","ts":"2025-12-06T18:43:11.244-05:00","eventName":"n8n.node.started","message":"n8n.node.started","payload":{"workflowId":"8y5ALZTU2BvkIrm4","workflowName":"General","executionId":"45","nodeType":"n8n-nodes-base.webhook","nodeName":"📱 Streamlit Webhook","nodeId":"ae8059ee-5c26-4af5-83ea-0b147821a989"}}
{"__type":"$$EventMessageConfirm","confirm":"c4847385-6c55-4b56-9e57-70ccf239af74","ts":"2025-12-06T18:43:11.244-05:00","source":{"id":"0","name":"eventBus"}}
{"__type":"$$EventMessageNode","id":"606d0942-d4dd-4a63-b90f-26aeb7c929f9","ts":"2025-12-06T18:43:11.244-05:00","eventName":"n8n.node.finished","message":"n8n.node.finished","payload":{"workflowId":"8y5ALZTU2BvkIrm4","workflowName":"General","executionId":"45","nodeType":"n8n-nodes-base.webhook","nodeName":"📱 Streamlit Webhook","nodeId":"ae8059ee-5c26-4af5-83ea-0b147821a989"}}
{"__type":"$$EventMessageConfirm","confirm":"606d0942-d4dd-4a63-b90f-26aeb7c929f9","ts":"2025-12-06T18:43:11.244-05:00","source":{"id":"0","name":"eventBus"}}
{"__type":"$$EventMessageNode","id":"ae908a82-c469-4a10-b3ee-e9305ff6f213","ts":"2025-12-06T18:43:11.244-05:00","eventName":"n8n.node.started","message":"n8n.node.started","payload":{"workflowId":"8y5ALZTU2BvkIrm4","workflowName":"General","executionId":"45","nodeType":"n8n-nodes-base.function","nodeName":"Process Travel Data","nodeId":"02497c10-01cd-4448-8373-576a8cdff0cf"}}
{"__type":"$$EventMessageConfirm","confirm":"ae908a82-c469-4a10-b3ee-e9305ff6f213","ts":"2025-12-06T18:43:11.244-05:00","source":{"id":"0","name":"eventBus"}}
{"__type":"$$EventMessageNode","id":"6fa85bbf-0f9d-42fc-ab0b-bb6bde81837a","ts":"2025-12-06T18:43:11.249-05:00","eventName":"n8n.node.finished","message":"n8n.node.finished","payload":{"workflowId":"8y5ALZTU2BvkIrm4","workflowName":"General","executionId":"45","nodeType":"n8n-nodes-base.function","nodeName":"Process Travel Data","nodeId":"02497c10-01cd-4448-8373-576a8cdff0cf"}}
{"__type":"$$EventMessageConfirm","confirm":"6fa85bbf-0f9d-42fc-ab0b-bb6bde81837a","ts":"2025-12-06T18:43:11.249-05:00","source":{"id":"0","name":"eventBus"}}
{"__type":"$$EventMessageNode","id":"0c28f764-6cf0-4d25-9c5c-b65b0771c896","ts":"2025-12-06T18:43:11.249-05:00","eventName":"n8n.node.started","message":"n8n.node.started","payload":{"workflowId":"8y5ALZTU2BvkIrm4","workflowName":"General","executionId":"45","nodeType":"n8n-nodes-base.httpRequest","nodeName":"✈️ Skyscanner Flights","nodeId":"6d1d14dd-30a6-4993-a0b8-2e926b5e6f7d"}}
{"__type":"$$EventMessageConfirm","confirm":"0c28f764-6cf0-4d25-9c5c-b65b0771c896","ts":"2025-12-06T18:43:11.249-05:00","source":{"id":"0","name":"eventBus"}}
{"__type":"$$EventMessageNode","id":"55c37135-b3db-4b85-8a23-511d17146c0e","ts":"2025-12-06T18:43:11.256-05:00","eventName":"n8n.node.finished","message":"n8n.node.finished","payload":{"workflowId":"8y5ALZTU2BvkIrm4","workflowName":"General","executionId":"42","nodeType":"n8n-nodes-base.httpRequest","nodeName":"🗝️ Amadeus Auth Token","nodeId":"ddee2ef7-119f-4f23-8649-7285c81ad086"}}
{"__type":"$$EventMessageConfirm","confirm":"55c37135-b3db-4b85-8a23-511d17146c0e","ts":"2025-12-06T18:43:11.257-05:00","source":{"id":"0","name":"eventBus"}}
{"__type":"$$EventMessageNode","id":"a564afc6-ff73-4962-9dd8-f21e4934385d","ts":"2025-12-06T18:43:11.257-05:00","eventName":"n8n.node.started","message":"n8n.node.started","payload":{"workflowId":"8y5ALZTU2BvkIrm4","workflowName":"General","executionId":"42","nodeType":"n8n-nodes-base.httpRequest","nodeName":"🏨 Amadeus Hotels Search","nodeId":"335375c3-b2c4-488a-a187-5db699984bb5"}}
{"__type":"$$EventMessageConfirm","confirm":"a564afc6-ff73-4962-9dd8-f21e4934385d","ts":"2025-12-06T18:43:11.257-05:00","source":{"id":"0","name":"eventBus"}}
{"__type":"$$EventMessageNode","id":"0c252672-4944-4777-81fc-7dede5a65b6f","ts":"2025-12-06T18:43:11.263-05:00","eventName":"n8n.node.finished","message":"n8n.node.finished","payload":{"workflowId":"8y5ALZTU2BvkIrm4","workflowName":"General","executionId":"41","nodeType":"n8n-nodes-base.httpRequest","nodeName":"🗝️ Amadeus Auth Token","nodeId":"ddee2ef7-119f-4f23-8649-7285c81ad086"}}
{"__type":"$$EventMessageConfirm","confirm":"0c252672-4944-4777-81fc-7dede5a65b6f","ts":"2025-12-06T18:43:11.263-05:00","source":{"id":"0","name":"eventBus"}}
{"__type":"$$EventMessageNode","id":"d8f0c5a1-2ec4-4a1f-bcd5-e7a96fda4134","ts":"2025-12-06T18:43:11.263-05:00","eventName":"n8n.node.started","message":"n8n.node.started","payload":{"workflowId":"8y5ALZTU2BvkIrm4","workflowName":"General","executionId":"41","nodeType":"n8n-nodes-base.httpRequest","nodeName":"🏨 Amadeus Hotels Search","nodeId":"335375c3-b2c4-488a-a187-5db699984bb5"}}
{"__type":"$$EventMessageConfirm","confirm":"d8f0c5a1-2ec4-4a1f-bcd5-e7a96fda4134","ts":"2025-12-06T18:43:11.263-05:00","source":{"id":"0","name":"eventBus"}}
{"__type":"$$EventMessageNode","id":"aa83475b-8767-4aa3-9656-67b7e400f128","ts":"2025-12-06T18:43:11.292-05:00","eventName":"n8n.node.finished","message":"n8n.node.finished","payload":{"workflowId":"8y5ALZTU2BvkIrm4","workflowName":"General","executionId":"34","nodeType":"n8n-nodes-base.emailSend","nodeName":"Enviar Correo1","nodeId":"cae987c6-c9aa-4be8-abd1-aa4d4e16b230"}}
{"__type":"$$EventMessageConfirm","confirm":"aa83475b-8767-4aa3-9656-67b7e400f128","ts":"2025-12-06T18:43:11.292-05:00","source":{"id":"0","name":"eventBus"}}
{"__type":"$$EventMessageNode","id":"d791489d-d6c4-4577-a261-6e5ceb6db142","ts":"2025-12-06T18:43:11.293-05:00","eventName":"n8n.node.started","message":"n8n.node.started","payload":{"workflowId":"8y5ALZTU2BvkIrm4","workflowName":"General","executionId":"34","nodeType":"n8n-nodes-base.respondToWebhook","nodeName":"Respond to Webhook1","nodeId":"21d30c3a-21ce-476e-a3c4-2813894cc904"}}
{"__type":"$$EventMessageConfirm","confirm":"d791489d-d6c4-4577-a261-6e5ceb6db142","ts":"2025-12-06T18:43:11.293-05:00","source":{"id":"0","name":"eventBus"}}
{"__type":"$$EventMessageNode","id":"fcdd9d65-48f3-4c46-a929-ee5217371b36","ts":"2025-12-06T18:43:11.295-05:00","eventName":"n8n.node.finished","message":"n8n.node.finished","payload":{"workflowId":"8y5ALZTU2BvkIrm4","workflowName":"General","executionId":"34","nodeType":"n8n-nodes-base.respondToWebhook","nodeName":"Respond to Webhook1","nodeId":"21d30c3a-21ce-476e-a3c4-2813894cc904"}}
{"__type":"$$EventMessageConfirm","confirm":"fcdd9d65-48f3-4c46-a929-ee5217371b36","ts":"2025-12-06T18:43:11.295-05:00","source":{"id":"0","name":"eventBus"}}
{"__type":"$$EventMessageWorkflow","id":"412f7d00-9f17-4d03-afd9-2262f0fec8d6","ts":"2025-12-06T18:43:11.295-05:00","eventName":"n8n.workflow.success","message":"n8n.workflow.success","payload":{"executionId":"34","success":true,"isManual":false,"workflowId":"8y5ALZTU2BvkIrm4","workflowName":"General"}}
{"__type":"$$EventMessageConfirm","confirm":"412f7d00-9f17-4d03-afd9-2262f0fec8d6","ts":"2025-12-06T18:43:11.295-05:00","source":{"id":"0","name":"eventBus"}}
{"__type":"$$EventMessageNode","id":"4f2ddd62-94ce-43ac-84d6-7cc47a651576","ts":"2025-12-06T18:43:11.339-05:00","eventName":"n8n.node.finished","message":"n8n.node.finished","payload":{"workflowId":"8y5ALZTU2BvkIrm4","workflowName":"General","executionId":"36","nodeType":"n8n-nodes-base.supabase","nodeName":"💾 Supabase Storage","nodeId":"5decf8b0-d187-4260-9cad-7841d180e7bb"}}
{"__type":"$$EventMessageConfirm","confirm":"4f2ddd62-94ce-43ac-84d6-7cc47a651576","ts":"2025-12-06T18:43:11.339-05:00","source":{"id":"0","name":"eventBus"}}
{"__type":"$$EventMessageNode","id":"d28c2daa-23fd-475b-a085-1d6002d38f84","ts":"2025-12-06T18:43:11.339-05:00","eventName":"n8n.node.started","message":"n8n.node.started","payload":{"workflowId":"8y5ALZTU2BvkIrm4","workflowName":"General","executionId":"36","nodeType":"n8n-nodes-base.code","nodeName":"Code in JavaScript1","nodeId":"fa6afa75-0195-4c00-9736-9fa0dfb030c1"}}
{"__type":"$$EventMessageConfirm","confirm":"d28c2daa-23fd-475b-a085-1d6002d38f84","ts":"2025-12-06T18:43:11.339-05:00","source":{"id":"0","name":"eventBus"}}
{"__type":"$$EventMessageNode","id":"c8d4eee6-6e4e-4f49-8444-57efa049444c","ts":"2025-12-06T18:43:11.346-05:00","eventName":"n8n.node.finished","message":"n8n.node.finished","payload":{"workflowId":"8y5ALZTU2BvkIrm4","workflowName":"General","executionId":"36","nodeType":"n8n-nodes-base.code","nodeName":"Code in JavaScript1","nodeId":"fa6afa75-0195-4c00-9736-9fa0dfb030c1"}}
{"__type":"$$EventMessageConfirm","confirm":"c8d4eee6-6e4e-4f49-8444-57efa049444c","ts":"2025-12-06T18:43:11.346-05:00","source":{"id":"0","name":"eventBus"}}
{"__type":"$$EventMessageNode","id":"f87da8b7-bd92-402e-b9bb-ce09c6f9efc4","ts":"2025-12-06T18:43:11.346-05:00","eventName":"n8n.node.started","message":"n8n.node.started","payload":{"workflowId":"8y5ALZTU2BvkIrm4","workflowName":"General","executionId":"36","nodeType":"n8n-nodes-base.if","nodeName":"🎯 Check Great Deal","nodeId":"2d5f8692-815e-4325-a900-48f6502f5fc0"}}
{"__type":"$$EventMessageConfirm","confirm":"f87da8b7-bd92-402e-b9bb-ce09c6f9efc4","ts":"2025-12-06T18:43:11.347-05:00","source":{"id":"0","name":"eventBus"}}
{"__type":"$$EventMessageNode","id":"8c83b7e6-7400-498a-96f7-4a155415d51e","ts":"2025-12-06T18:43:11.348-05:00","eventName":"n8n.node.finished","message":"n8n.node.finished","payload":{"workflowId":"8y5ALZTU2BvkIrm4","workflowName":"General","executionId":"36","nodeType":"n8n-nodes-base.if","nodeName":"🎯 Check Great Deal","nodeId":"2d5f8692-815e-4325-a900-48f6502f5fc0"}}
{"__type":"$$EventMessageConfirm","confirm":"8c83b7e6-7400-498a-96f7-4a155415d51e","ts":"2025-12-06T18:43:11.348-05:00","source":{"id":"0","name":"eventBus"}}
{"__type":"$$EventMessageNode","id":"0236037c-cc8e-48e6-b439-9b96b4d2f7e2","ts":"2025-12-06T18:43:11.348-05:00","eventName":"n8n.node.started","message":"n8n.node.started","payload":{"workflowId":"8y5ALZTU2BvkIrm4","workflowName":"General","executionId":"36","nodeType":"n8n-nodes-base.emailSend","nodeName":"Enviar Correo1","nodeId":"cae987c6-c9aa-4be8-abd1-aa4d4e16b230"}}
{"__type":"$$EventMessageConfirm","confirm":"0236037c-cc8e-48e6-b439-9b96b4d2f7e2","ts":"2025-12-06T18:43:11.348-05:00","source":{"id":"0","name":"eventBus"}}
{"__type":"$$EventMessageWorkflow","id":"69388b92-65d6-4efd-ab0b-6c53d54713cb","ts":"2025-12-06T18:43:11.600-05:00","eventName":"n8n.workflow.started","message":"n8n.workflow.started","payload":{"executionId":"46","workflowId":"8y5ALZTU2BvkIrm4","isManual":false,"workflowName":"General"}}
{"__type":"$$EventMessageConfirm","confirm":"69388b92-65d6-4efd-ab0b-6c53d54713cb","ts":"2025-12-06T18:43:11.601-05:00","source":{"id":"0","name":"eventBus"}}
{"__type":"$$EventMessageNode","id":"f5bd7b0f-0eb0-4f74-8ce7-1d3668de254e","ts":"2025-12-06T18:43:11.601-05:00","eventName":"n8n.node.started","message":"n8n.node.started","payload":{"workflowId":"8y5ALZTU2BvkIrm4","workflowName":"General","executionId":"46","nodeType":"n8n-nodes-base.webhook","nodeName":"📱 Streamlit Webhook","nodeId":"ae8059ee-5c26-4af5-83ea-0b147821a989"}}
{"__type":"$$EventMessageConfirm","confirm":"f5bd7b0f-0eb0-4f74-8ce7-1d3668de254e","ts":"2025-12-06T18:43:11.601-05:00","source":{"id":"0","name":"eventBus"}}
{"__type":"$$EventMessageNode","id":"7d54695a-4b58-4301-80e0-10c4e010302b","ts":"2025-12-06T18:43:11.601-05:00","eventName":"n8n.node.finished","message":"n8n.node.finished","payload":{"workflowId":"8y5ALZTU2BvkIrm4","workflowName":"General","executionId":"46","nodeType":"n8n-nodes-base.webhook","nodeName":"📱 Streamlit Webhook","nodeId":"ae8059ee-5c26-4af5-83ea-0b147821a989"}}
{"__type":"$$EventMessageConfirm","confirm":"7d54695a-4b58-4301-80e0-10c4e010302b","ts":"2025-12-06T18:43:11.601-05:00","source":{"id":"0","name":"eventBus"}}
{"__type":"$$EventMessageNode","id":"5c16765b-7976-48eb-a99c-a42a1cfd729d","ts":"2025-12-06T18:43:11.601-05:00","eventName":"n8n.node.started","message":"n8n.node.started","payload":{"workflowId":"8y5ALZTU2BvkIrm4","workflowName":"General","executionId":"46","nodeType":"n8n-nodes-base.function","nodeName":"Process Travel Data","nodeId":"02497c10-01cd-4448-8373-576a8cdff0cf"}}
{"__type":"$$EventMessageConfirm","confirm":"5c16765b-7976-48eb-a99c-a42a1cfd729d","ts":"2025-12-06T18:43:11.601-05:00","source":{"id":"0","name":"eventBus"}}
{"__type":"$$EventMessageNode","id":"fba4ef91-c2c9-4ea2-8080-c863df09a9cb","ts":"2025-12-06T18:43:11.607-05:00","eventName":"n8n.node.finished","message":"n8n.node.finished","payload":{"workflowId":"8y5ALZTU2BvkIrm4","workflowName":"General","executionId":"46","nodeType":"n8n-nodes-base.function","nodeName":"Process Travel Data","nodeId":"02497c10-01cd-4448-8373-576a8cdff0cf"}}
{"__type":"$$EventMessageConfirm","confirm":"fba4ef91-c2c9-4ea2-8080-c863df09a9cb","ts":"2025-12-06T18:43:11.607-05:00","source":{"id":"0","name":"eventBus"}}
{"__type":"$$EventMessageNode","id":"d052026b-82f6-4fbc-b369-30df31b7835e","ts":"2025-12-06T18:43:11.607-05:00","eventName":"n8n.node.started","message":"n8n.node.started","payload":{"workflowId":"8y5ALZTU2BvkIrm4","workflowName":"General","executionId":"46","nodeType":"n8n-nodes-base.httpRequest","nodeName":"✈️ Skyscanner Flights","nodeId":"6d1d14dd-30a6-4993-a0b8-2e926b5e6f7d"}}
{"__type":"$$EventMessageConfirm","confirm":"d052026b-82f6-4fbc-b369-30df31b7835e","ts":"2025-12-06T18:43:11.608-05:00","source":{"id":"0","name":"eventBus"}}
{"__type":"$$EventMessageNode","id":"e919c6ad-1b5a-4a3f-9f81-a6ae6a5b92f4","ts":"2025-12-06T18:43:11.897-05:00","eventName":"n8n.node.finished","message":"n8n.node.finished","payload":{"workflowId":"8y5ALZTU2BvkIrm4","workflowName":"General","executionId":"38","nodeType":"n8n-nodes-base.supabase","nodeName":"💾 Supabase Storage","nodeId":"5decf8b0-d187-4260-9cad-7841d180e7bb"}}
{"__type":"$$EventMessageConfirm","confirm":"e919c6ad-1b5a-4a3f-9f81-a6ae6a5b92f4","ts":"2025-12-06T18:43:11.898-05:00","source":{"id":"0","name":"eventBus"}}
{"__type":"$$EventMessageNode","id":"e9d09725-7609-408e-b62d-5db0dc9f8582","ts":"2025-12-06T18:43:11.898-05:00","eventName":"n8n.node.started","message":"n8n.node.started","payload":{"workflowId":"8y5ALZTU2BvkIrm4","workflowName":"General","executionId":"38","nodeType":"n8n-nodes-base.code","nodeName":"Code in JavaScript1","nodeId":"fa6afa75-0195-4c00-9736-9fa0dfb030c1"}}
{"__type":"$$EventMessageConfirm","confirm":"e9d09725-7609-408e-b62d-5db0dc9f8582","ts":"2025-12-06T18:43:11.898-05:00","source":{"id":"0","name":"eventBus"}}
{"__type":"$$EventMessageNode","id":"37ebb70a-4a92-4991-974a-520f3c22b80d","ts":"2025-12-06T18:43:11.904-05:00","eventName":"n8n.node.finished","message":"n8n.node.finished","payload":{"workflowId":"8y5ALZTU2BvkIrm4","workflowName":"General","executionId":"38","nodeType":"n8n-nodes-base.code","nodeName":"Code in JavaScript1","nodeId":"fa6afa75-0195-4c00-9736-9fa0dfb030c1"}}
{"__type":"$$EventMessageConfirm","confirm":"37ebb70a-4a92-4991-974a-520f3c22b80d","ts":"2025-12-06T18:43:11.904-05:00","source":{"id":"0","name":"eventBus"}}
{"__type":"$$EventMessageNode","id":"ae460598-5276-4514-9614-0ede557405b2","ts":"2025-12-06T18:43:11.904-05:00","eventName":"n8n.node.started","message":"n8n.node.started","payload":{"workflowId":"8y5ALZTU2BvkIrm4","workflowName":"General","executionId":"38","nodeType":"n8n-nodes-base.if","nodeName":"🎯 Check Great Deal","nodeId":"2d5f8692-815e-4325-a900-48f6502f5fc0"}}
{"__type":"$$EventMessageConfirm","confirm":"ae460598-5276-4514-9614-0ede557405b2","ts":"2025-12-06T18:43:11.904-05:00","source":{"id":"0","name":"eventBus"}}
{"__type":"$$EventMessageNode","id":"9fc0d4c3-9c69-49d6-a69c-bf9be079b83a","ts":"2025-12-06T18:43:11.905-05:00","eventName":"n8n.node.finished","message":"n8n.node.finished","payload":{"workflowId":"8y5ALZTU2BvkIrm4","workflowName":"General","executionId":"38","nodeType":"n8n-nodes-base.if","nodeName":"🎯 Check Great Deal","nodeId":"2d5f8692-815e-4325-a900-48f6502f5fc0"}}
{"__type":"$$EventMessageConfirm","confirm":"9fc0d4c3-9c69-49d6-a69c-bf9be079b83a","ts":"2025-12-06T18:43:11.905-05:00","source":{"id":"0","name":"eventBus"}}
{"__type":"$$EventMessageNode","id":"fa498c82-399e-4736-8e26-349db050aa3c","ts":"2025-12-06T18:43:11.905-05:00","eventName":"n8n.node.started","message":"n8n.node.started","payload":{"workflowId":"8y5ALZTU2BvkIrm4","workflowName":"General","executionId":"38","nodeType":"n8n-nodes-base.emailSend","nodeName":"Enviar Correo1","nodeId":"cae987c6-c9aa-4be8-abd1-aa4d4e16b230"}}
{"__type":"$$EventMessageConfirm","confirm":"fa498c82-399e-4736-8e26-349db050aa3c","ts":"2025-12-06T18:43:11.905-05:00","source":{"id":"0","name":"eventBus"}}
{"__type":"$$EventMessageNode","id":"fc59469c-9055-4113-8741-95e765723c8f","ts":"2025-12-06T18:43:11.919-05:00","eventName":"n8n.node.finished","message":"n8n.node.finished","payload":{"workflowId":"8y5ALZTU2BvkIrm4","workflowName":"General","executionId":"39","nodeType":"n8n-nodes-base.supabase","nodeName":"💾 Supabase Storage","nodeId":"5decf8b0-d187-4260-9cad-7841d180e7bb"}}
{"__type":"$$EventMessageConfirm","confirm":"fc59469c-9055-4113-8741-95e765723c8f","ts":"2025-12-06T18:43:11.919-05:00","source":{"id":"0","name":"eventBus"}}
{"__type":"$$EventMessageNode","id":"041e24bf-29b9-478a-b17c-21a7b1233b7f","ts":"2025-12-06T18:43:11.919-05:00","eventName":"n8n.node.started","message":"n8n.node.started","payload":{"workflowId":"8y5ALZTU2BvkIrm4","workflowName":"General","executionId":"39","nodeType":"n8n-nodes-base.code","nodeName":"Code in JavaScript1","nodeId":"fa6afa75-0195-4c00-9736-9fa0dfb030c1"}}
{"__type":"$$EventMessageConfirm","confirm":"041e24bf-29b9-478a-b17c-21a7b1233b7f","ts":"2025-12-06T18:43:11.919-05:00","source":{"id":"0","name":"eventBus"}}
{"__type":"$$EventMessageNode","id":"ea083cb7-c899-4848-98c6-0f2ed0f7d299","ts":"2025-12-06T18:43:11.924-05:00","eventName":"n8n.node.finished","message":"n8n.node.finished","payload":{"workflowId":"8y5ALZTU2BvkIrm4","workflowName":"General","executionId":"39","nodeType":"n8n-nodes-base.code","nodeName":"Code in JavaScript1","nodeId":"fa6afa75-0195-4c00-9736-9fa0dfb030c1"}}
{"__type":"$$EventMessageConfirm","confirm":"ea083cb7-c899-4848-98c6-0f2ed0f7d299","ts":"2025-12-06T18:43:11.924-05:00","source":{"id":"0","name":"eventBus"}}
{"__type":"$$EventMessageNode","id":"e7f1d6ce-44ea-4271-9a4e-1e2b0b89e9b1","ts":"2025-12-06T18:43:11.924-05:00","eventName":"n8n.node.started","message":"n8n.node.started","payload":{"workflowId":"8y5ALZTU2BvkIrm4","workflowName":"General","executionId":"39","nodeType":"n8n-nodes-base.if","nodeName":"🎯 Check Great Deal","nodeId":"2d5f8692-815e-4325-a900-48f6502f5fc0"}}
{"__type":"$$EventMessageConfirm","confirm":"e7f1d6ce-44ea-4271-9a4e-1e2b0b89e9b1","ts":"2025-12-06T18:43:11.924-05:00","source":{"id":"0","name":"eventBus"}}
{"__type":"$$EventMessageNode","id":"5e088cfa-31b7-46ae-be7b-2ae7dcb2fe22","ts":"2025-12-06T18:43:11.926-05:00","eventName":"n8n.node.finished","message":"n8n.node.finished","payload":{"workflowId":"8y5ALZTU2BvkIrm4","workflowName":"General","executionId":"39","nodeType":"n8n-nodes-base.if","nodeName":"🎯 Check Great Deal","nodeId":"2d5f8692-815e-4325-a900-48f6502f5fc0"}}
{"__type":"$$EventMessageConfirm","confirm":"5e088cfa-31b7-46ae-be7b-2ae7dcb2fe22","ts":"2025-12-06T18:43:11.926-05:00","source":{"id":"0","name":"eventBus"}}
{"__type":"$$EventMessageNode","id":"a4c78c75-c420-415b-b567-f838bda2c4a4","ts":"2025-12-06T18:43:11.926-05:00","eventName":"n8n.node.started","message":"n8n.node.started","payload":{"workflowId":"8y5ALZTU2BvkIrm4","workflowName":"General","executionId":"39","nodeType":"n8n-nodes-base.emailSend","nodeName":"Enviar Correo1","nodeId":"cae987c6-c9aa-4be8-abd1-aa4d4e16b230"}}
{"__type":"$$EventMessageConfirm","confirm":"a4c78c75-c420-415b-b567-f838bda2c4a4","ts":"2025-12-06T18:43:11.926-05:00","source":{"id":"0","name":"eventBus"}}
{"__type":"$$EventMessageNode","id":"9a2f9212-ec20-4b8c-ac56-d1d516a80847","ts":"2025-12-06T18:43:12.320-05:00","eventName":"n8n.node.finished","message":"n8n.node.finished","payload":{"workflowId":"8y5ALZTU2BvkIrm4","workflowName":"General","executionId":"43","nodeType":"n8n-nodes-base.httpRequest","nodeName":"✈️ Skyscanner Flights","nodeId":"6d1d14dd-30a6-4993-a0b8-2e926b5e6f7d"}}
{"__type":"$$EventMessageConfirm","confirm":"9a2f9212-ec20-4b8c-ac56-d1d516a80847","ts":"2025-12-06T18:43:12.320-05:00","source":{"id":"0","name":"eventBus"}}
{"__type":"$$EventMessageNode","id":"a98e05a7-8825-4a88-9f6c-17df10e56e81","ts":"2025-12-06T18:43:12.320-05:00","eventName":"n8n.node.started","message":"n8n.node.started","payload":{"workflowId":"8y5ALZTU2BvkIrm4","workflowName":"General","executionId":"43","nodeType":"n8n-nodes-base.httpRequest","nodeName":"🗝️ Amadeus Auth Token","nodeId":"ddee2ef7-119f-4f23-8649-7285c81ad086"}}
{"__type":"$$EventMessageConfirm","confirm":"a98e05a7-8825-4a88-9f6c-17df10e56e81","ts":"2025-12-06T18:43:12.320-05:00","source":{"id":"0","name":"eventBus"}}
{"__type":"$$EventMessageNode","id":"34b482bb-e43b-47cd-9679-48214b91a8df","ts":"2025-12-06T18:43:12.356-05:00","eventName":"n8n.node.finished","message":"n8n.node.finished","payload":{"workflowId":"8y5ALZTU2BvkIrm4","workflowName":"General","executionId":"35","nodeType":"n8n-nodes-base.emailSend","nodeName":"Enviar Correo1","nodeId":"cae987c6-c9aa-4be8-abd1-aa4d4e16b230"}}
{"__type":"$$EventMessageConfirm","confirm":"34b482bb-e43b-47cd-9679-48214b91a8df","ts":"2025-12-06T18:43:12.356-05:00","source":{"id":"0","name":"eventBus"}}
{"__type":"$$EventMessageNode","id":"cd34770f-66ce-485c-b74f-90daedf67192","ts":"2025-12-06T18:43:12.357-05:00","eventName":"n8n.node.started","message":"n8n.node.started","payload":{"workflowId":"8y5ALZTU2BvkIrm4","workflowName":"General","executionId":"35","nodeType":"n8n-nodes-base.respondToWebhook","nodeName":"Respond to Webhook1","nodeId":"21d30c3a-21ce-476e-a3c4-2813894cc904"}}
{"__type":"$$EventMessageConfirm","confirm":"cd34770f-66ce-485c-b74f-90daedf67192","ts":"2025-12-06T18:43:12.357-05:00","source":{"id":"0","name":"eventBus"}}
{"__type":"$$EventMessageNode","id":"b409e225-f85f-4216-a07b-d2a4172cbfad","ts":"2025-12-06T18:43:12.360-05:00","eventName":"n8n.node.finished","message":"n8n.node.finished","payload":{"workflowId":"8y5ALZTU2BvkIrm4","workflowName":"General","executionId":"35","nodeType":"n8n-nodes-base.respondToWebhook","nodeName":"Respond to Webhook1","nodeId":"21d30c3a-21ce-476e-a3c4-2813894cc904"}}
{"__type":"$$EventMessageConfirm","confirm":"b409e225-f85f-4216-a07b-d2a4172cbfad","ts":"2025-12-06T18:43:12.360-05:00","source":{"id":"0","name":"eventBus"}}
{"__type":"$$EventMessageWorkflow","id":"92bc0a92-733b-4083-a329-19c14f9d7398","ts":"2025-12-06T18:43:12.361-05:00","eventName":"n8n.workflow.success","message":"n8n.workflow.success","payload":{"executionId":"35","success":true,"isManual":false,"workflowId":"8y5ALZTU2BvkIrm4","workflowName":"General"}}
{"__type":"$$EventMessageConfirm","confirm":"92bc0a92-733b-4083-a329-19c14f9d7398","ts":"2025-12-06T18:43:12.361-05:00","source":{"id":"0","name":"eventBus"}}
{"__type":"$$EventMessageNode","id":"45b5aa15-f5d8-44f3-a4c5-b9d8a2871cdc","ts":"2025-12-06T18:43:12.436-05:00","eventName":"n8n.node.finished","message":"n8n.node.finished","payload":{"workflowId":"8y5ALZTU2BvkIrm4","workflowName":"General","executionId":"45","nodeType":"n8n-nodes-base.httpRequest","nodeName":"✈️ Skyscanner Flights","nodeId":"6d1d14dd-30a6-4993-a0b8-2e926b5e6f7d"}}
{"__type":"$$EventMessageConfirm","confirm":"45b5aa15-f5d8-44f3-a4c5-b9d8a2871cdc","ts":"2025-12-06T18:43:12.436-05:00","source":{"id":"0","name":"eventBus"}}
{"__type":"$$EventMessageNode","id":"5940e9e8-5464-43a2-acd7-e8263154cd2e","ts":"2025-12-06T18:43:12.436-05:00","eventName":"n8n.node.started","message":"n8n.node.started","payload":{"workflowId":"8y5ALZTU2BvkIrm4","workflowName":"General","executionId":"45","nodeType":"n8n-nodes-base.httpRequest","nodeName":"🗝️ Amadeus Auth Token","nodeId":"ddee2ef7-119f-4f23-8649-7285c81ad086"}}
{"__type":"$$EventMessageConfirm","confirm":"5940e9e8-5464-43a2-acd7-e8263154cd2e","ts":"2025-12-06T18:43:12.437-05:00","source":{"id":"0","name":"eventBus"}}
{"__type":"$$EventMessageNode","id":"069424d8-2a55-4beb-ba2a-143385e88fe4","ts":"2025-12-06T18:43:12.636-05:00","eventName":"n8n.node.finished","message":"n8n.node.finished","payload":{"workflowId":"8y5ALZTU2BvkIrm4","workflowName":"General","executionId":"46","nodeType":"n8n-nodes-base.httpRequest","nodeName":"✈️ Skyscanner Flights","nodeId":"6d1d14dd-30a6-4993-a0b8-2e926b5e6f7d"}}
{"__type":"$$EventMessageConfirm","confirm":"069424d8-2a55-4beb-ba2a-143385e88fe4","ts":"2025-12-06T18:43:12.637-05:00","source":{"id":"0","name":"eventBus"}}
{"__type":"$$EventMessageNode","id":"1547b83b-38f7-4437-932f-1788403ba768","ts":"2025-12-06T18:43:12.637-05:00","eventName":"n8n.node.started","message":"n8n.node.started","payload":{"workflowId":"8y5ALZTU2BvkIrm4","workflowName":"General","executionId":"46","nodeType":"n8n-nodes-base.httpRequest","nodeName":"🗝️ Amadeus Auth Token","nodeId":"ddee2ef7-119f-4f23-8649-7285c81ad086"}}
{"__type":"$$EventMessageConfirm","confirm":"1547b83b-38f7-4437-932f-1788403ba768","ts":"2025-12-06T18:43:12.637-05:00","source":{"id":"0","name":"eventBus"}}
{"__type":"$$EventMessageWorkflow","id":"d575141e-0a48-443b-b419-a4fb378c04f2","ts":"2025-12-06T18:43:12.669-05:00","eventName":"n8n.workflow.started","message":"n8n.workflow.started","payload":{"executionId":"47","workflowId":"8y5ALZTU2BvkIrm4","isManual":false,"workflowName":"General"}}
{"__type":"$$EventMessageConfirm","confirm":"d575141e-0a48-443b-b419-a4fb378c04f2","ts":"2025-12-06T18:43:12.669-05:00","source":{"id":"0","name":"eventBus"}}
{"__type":"$$EventMessageNode","id":"1a8b7c62-660f-4a43-9e05-7f735dc95ec2","ts":"2025-12-06T18:43:12.670-05:00","eventName":"n8n.node.started","message":"n8n.node.started","payload":{"workflowId":"8y5ALZTU2BvkIrm4","workflowName":"General","executionId":"47","nodeType":"n8n-nodes-base.webhook","nodeName":"📱 Streamlit Webhook","nodeId":"ae8059ee-5c26-4af5-83ea-0b147821a989"}}
{"__type":"$$EventMessageConfirm","confirm":"1a8b7c62-660f-4a43-9e05-7f735dc95ec2","ts":"2025-12-06T18:43:12.670-05:00","source":{"id":"0","name":"eventBus"}}
{"__type":"$$EventMessageNode","id":"c7a5b2f2-1053-4083-aa35-d544a83ef99d","ts":"2025-12-06T18:43:12.670-05:00","eventName":"n8n.node.finished","message":"n8n.node.finished","payload":{"workflowId":"8y5ALZTU2BvkIrm4","workflowName":"General","executionId":"47","nodeType":"n8n-nodes-base.webhook","nodeName":"📱 Streamlit Webhook","nodeId":"ae8059ee-5c26-4af5-83ea-0b147821a989"}}
{"__type":"$$EventMessageConfirm","confirm":"c7a5b2f2-1053-4083-aa35-d544a83ef99d","ts":"2025-12-06T18:43:12.670-05:00","source":{"id":"0","name":"eventBus"}}
{"__type":"$$EventMessageNode","id":"ca081a77-8559-4c91-b2ed-62a3e5791127","ts":"2025-12-06T18:43:12.670-05:00","eventName":"n8n.node.started","message":"n8n.node.started","payload":{"workflowId":"8y5ALZTU2BvkIrm4","workflowName":"General","executionId":"47","nodeType":"n8n-nodes-base.function","nodeName":"Process Travel Data","nodeId":"02497c10-01cd-4448-8373-576a8cdff0cf"}}
{"__type":"$$EventMessageConfirm","confirm":"ca081a77-8559-4c91-b2ed-62a3e5791127","ts":"2025-12-06T18:43:12.670-05:00","source":{"id":"0","name":"eventBus"}}
{"__type":"$$EventMessageNode","id":"18182af0-9f94-4804-95a8-dac5b3bfb3bb","ts":"2025-12-06T18:43:12.677-05:00","eventName":"n8n.node.finished","message":"n8n.node.finished","payload":{"workflowId":"8y5ALZTU2BvkIrm4","workflowName":"General","executionId":"47","nodeType":"n8n-nodes-base.function","nodeName":"Process Travel Data","nodeId":"02497c10-01cd-4448-8373-576a8cdff0cf"}}
{"__type":"$$EventMessageConfirm","confirm":"18182af0-9f94-4804-95a8-dac5b3bfb3bb","ts":"2025-12-06T18:43:12.678-05:00","source":{"id":"0","name":"eventBus"}}
{"__type":"$$EventMessageNode","id":"c4b3234a-7201-478b-a7d5-fe2a6fda7437","ts":"2025-12-06T18:43:12.678-05:00","eventName":"n8n.node.started","message":"n8n.node.started","payload":{"workflowId":"8y5ALZTU2BvkIrm4","workflowName":"General","executionId":"47","nodeType":"n8n-nodes-base.httpRequest","nodeName":"✈️ Skyscanner Flights","nodeId":"6d1d14dd-30a6-4993-a0b8-2e926b5e6f7d"}}
{"__type":"$$EventMessageConfirm","confirm":"c4b3234a-7201-478b-a7d5-fe2a6fda7437","ts":"2025-12-06T18:43:12.678-05:00","source":{"id":"0","name":"eventBus"}}
{"__type":"$$EventMessageNode","id":"90d1b27a-a745-4460-bd83-bab68ec1ce7e","ts":"2025-12-06T18:43:13.016-05:00","eventName":"n8n.node.finished","message":"n8n.node.finished","payload":{"workflowId":"8y5ALZTU2BvkIrm4","workflowName":"General","executionId":"44","nodeType":"n8n-nodes-base.httpRequest","nodeName":"✈️ Skyscanner Flights","nodeId":"6d1d14dd-30a6-4993-a0b8-2e926b5e6f7d"}}
{"__type":"$$EventMessageConfirm","confirm":"90d1b27a-a745-4460-bd83-bab68ec1ce7e","ts":"2025-12-06T18:43:13.016-05:00","source":{"id":"0","name":"eventBus"}}
{"__type":"$$EventMessageNode","id":"de03801f-b94a-4c21-aef5-9563c6b7ca65","ts":"2025-12-06T18:43:13.016-05:00","eventName":"n8n.node.started","message":"n8n.node.started","payload":{"workflowId":"8y5ALZTU2BvkIrm4","workflowName":"General","executionId":"44","nodeType":"n8n-nodes-base.httpRequest","nodeName":"🗝️ Amadeus Auth Token","nodeId":"ddee2ef7-119f-4f23-8649-7285c81ad086"}}
{"__type":"$$EventMessageConfirm","confirm":"de03801f-b94a-4c21-aef5-9563c6b7ca65","ts":"2025-12-06T18:43:13.016-05:00","source":{"id":"0","name":"eventBus"}}
{"__type":"$$EventMessageNode","id":"1b889c63-bae7-449f-ab52-04ad1d76c929","ts":"2025-12-06T18:43:13.021-05:00","eventName":"n8n.node.finished","message":"n8n.node.finished","payload":{"workflowId":"8y5ALZTU2BvkIrm4","workflowName":"General","executionId":"41","nodeType":"n8n-nodes-base.httpRequest","nodeName":"🏨 Amadeus Hotels Search","nodeId":"335375c3-b2c4-488a-a187-5db699984bb5"}}
{"__type":"$$EventMessageConfirm","confirm":"1b889c63-bae7-449f-ab52-04ad1d76c929","ts":"2025-12-06T18:43:13.021-05:00","source":{"id":"0","name":"eventBus"}}
{"__type":"$$EventMessageNode","id":"f6778254-ef60-4a5d-969f-eb9519dc6a2c","ts":"2025-12-06T18:43:13.021-05:00","eventName":"n8n.node.started","message":"n8n.node.started","payload":{"workflowId":"8y5ALZTU2BvkIrm4","workflowName":"General","executionId":"41","nodeType":"n8n-nodes-base.code","nodeName":"🧩 Parse Amadeus Hotels","nodeId":"47677723-da63-41ea-8c58-4cff95258258"}}
{"__type":"$$EventMessageConfirm","confirm":"f6778254-ef60-4a5d-969f-eb9519dc6a2c","ts":"2025-12-06T18:43:13.021-05:00","source":{"id":"0","name":"eventBus"}}
{"__type":"$$EventMessageNode","id":"20105fd5-cba0-4fc0-9bb0-aa51c2ea237e","ts":"2025-12-06T18:43:13.048-05:00","eventName":"n8n.node.finished","message":"n8n.node.finished","payload":{"workflowId":"8y5ALZTU2BvkIrm4","workflowName":"General","executionId":"41","nodeType":"n8n-nodes-base.code","nodeName":"🧩 Parse Amadeus Hotels","nodeId":"47677723-da63-41ea-8c58-4cff95258258"}}
{"__type":"$$EventMessageConfirm","confirm":"20105fd5-cba0-4fc0-9bb0-aa51c2ea237e","ts":"2025-12-06T18:43:13.048-05:00","source":{"id":"0","name":"eventBus"}}
{"__type":"$$EventMessageNode","id":"7f40c8f1-d8af-45c1-b5b1-03ef264c5a52","ts":"2025-12-06T18:43:13.049-05:00","eventName":"n8n.node.started","message":"n8n.node.started","payload":{"workflowId":"8y5ALZTU2BvkIrm4","workflowName":"General","executionId":"41","nodeType":"n8n-nodes-base.code","nodeName":"Code in JavaScript","nodeId":"9ad265ae-5dcc-402a-9191-c6e7792d671f"}}
{"__type":"$$EventMessageConfirm","confirm":"7f40c8f1-d8af-45c1-b5b1-03ef264c5a52","ts":"2025-12-06T18:43:13.050-05:00","source":{"id":"0","name":"eventBus"}}
{"__type":"$$EventMessageNode","id":"acbded1c-d7fd-4647-aa37-991c1dc52db1","ts":"2025-12-06T18:43:13.057-05:00","eventName":"n8n.node.finished","message":"n8n.node.finished","payload":{"workflowId":"8y5ALZTU2BvkIrm4","workflowName":"General","executionId":"41","nodeType":"n8n-nodes-base.code","nodeName":"Code in JavaScript","nodeId":"9ad265ae-5dcc-402a-9191-c6e7792d671f"}}
{"__type":"$$EventMessageConfirm","confirm":"acbded1c-d7fd-4647-aa37-991c1dc52db1","ts":"2025-12-06T18:43:13.058-05:00","source":{"id":"0","name":"eventBus"}}
{"__type":"$$EventMessageNode","id":"331b7096-d375-48be-8fc5-92b69c2e516a","ts":"2025-12-06T18:43:13.058-05:00","eventName":"n8n.node.started","message":"n8n.node.started","payload":{"workflowId":"8y5ALZTU2BvkIrm4","workflowName":"General","executionId":"41","nodeType":"n8n-nodes-base.function","nodeName":"💡 Generate Travel Recommendations","nodeId":"300dd062-67fe-4694-b4db-81170145ca24"}}
{"__type":"$$EventMessageConfirm","confirm":"331b7096-d375-48be-8fc5-92b69c2e516a","ts":"2025-12-06T18:43:13.058-05:00","source":{"id":"0","name":"eventBus"}}
{"__type":"$$EventMessageNode","id":"e588aafd-dfab-4a9a-a1c1-64b831b12c94","ts":"2025-12-06T18:43:13.064-05:00","eventName":"n8n.node.finished","message":"n8n.node.finished","payload":{"workflowId":"8y5ALZTU2BvkIrm4","workflowName":"General","executionId":"41","nodeType":"n8n-nodes-base.function","nodeName":"💡 Generate Travel Recommendations","nodeId":"300dd062-67fe-4694-b4db-81170145ca24"}}
{"__type":"$$EventMessageConfirm","confirm":"e588aafd-dfab-4a9a-a1c1-64b831b12c94","ts":"2025-12-06T18:43:13.065-05:00","source":{"id":"0","name":"eventBus"}}
{"__type":"$$EventMessageNode","id":"2440c1d0-c100-4fca-bf47-6cfa49b8c247","ts":"2025-12-06T18:43:13.065-05:00","eventName":"n8n.node.started","message":"n8n.node.started","payload":{"workflowId":"8y5ALZTU2BvkIrm4","workflowName":"General","executionId":"41","nodeType":"n8n-nodes-base.supabase","nodeName":"💾 Supabase Storage","nodeId":"5decf8b0-d187-4260-9cad-7841d180e7bb"}}
{"__type":"$$EventMessageConfirm","confirm":"2440c1d0-c100-4fca-bf47-6cfa49b8c247","ts":"2025-12-06T18:43:13.065-05:00","source":{"id":"0","name":"eventBus"}}
{"__type":"$$EventMessageNode","id":"076eb407-9628-4709-8af9-46befa51a251","ts":"2025-12-06T18:43:13.072-05:00","eventName":"n8n.node.finished","message":"n8n.node.finished","payload":{"workflowId":"8y5ALZTU2BvkIrm4","workflowName":"General","executionId":"40","nodeType":"n8n-nodes-base.httpRequest","nodeName":"🏨 Amadeus Hotels Search","nodeId":"335375c3-b2c4-488a-a187-5db699984bb5"}}
{"__type":"$$EventMessageConfirm","confirm":"076eb407-9628-4709-8af9-46befa51a251","ts":"2025-12-06T18:43:13.072-05:00","source":{"id":"0","name":"eventBus"}}
{"__type":"$$EventMessageNode","id":"4b56f401-e357-4c7d-be92-5b1418c6af64","ts":"2025-12-06T18:43:13.072-05:00","eventName":"n8n.node.started","message":"n8n.node.started","payload":{"workflowId":"8y5ALZTU2BvkIrm4","workflowName":"General","executionId":"40","nodeType":"n8n-nodes-base.code","nodeName":"🧩 Parse Amadeus Hotels","nodeId":"47677723-da63-41ea-8c58-4cff95258258"}}
{"__type":"$$EventMessageConfirm","confirm":"4b56f401-e357-4c7d-be92-5b1418c6af64","ts":"2025-12-06T18:43:13.072-05:00","source":{"id":"0","name":"eventBus"}}
{"__type":"$$EventMessageNode","id":"0ddda678-51d6-4012-ab6a-da903cec4fdd","ts":"2025-12-06T18:43:13.134-05:00","eventName":"n8n.node.finished","message":"n8n.node.finished","payload":{"workflowId":"8y5ALZTU2BvkIrm4","workflowName":"General","executionId":"40","nodeType":"n8n-nodes-base.code","nodeName":"🧩 Parse Amadeus Hotels","nodeId":"47677723-da63-41ea-8c58-4cff95258258"}}
{"__type":"$$EventMessageConfirm","confirm":"0ddda678-51d6-4012-ab6a-da903cec4fdd","ts":"2025-12-06T18:43:13.134-05:00","source":{"id":"0","name":"eventBus"}}
{"__type":"$$EventMessageNode","id":"66e07c95-0ac1-4566-85c7-5b5b4dd51839","ts":"2025-12-06T18:43:13.137-05:00","eventName":"n8n.node.started","message":"n8n.node.started","payload":{"workflowId":"8y5ALZTU2BvkIrm4","workflowName":"General","executionId":"40","nodeType":"n8n-nodes-base.code","nodeName":"Code in JavaScript","nodeId":"9ad265ae-5dcc-402a-9191-c6e7792d671f"}}
{"__type":"$$EventMessageConfirm","confirm":"66e07c95-0ac1-4566-85c7-5b5b4dd51839","ts":"2025-12-06T18:43:13.137-05:00","source":{"id":"0","name":"eventBus"}}
{"__type":"$$EventMessageNode","id":"5ad695b2-40a1-4c62-a544-5355248e7502","ts":"2025-12-06T18:43:13.149-05:00","eventName":"n8n.node.finished","message":"n8n.node.finished","payload":{"workflowId":"8y5ALZTU2BvkIrm4","workflowName":"General","executionId":"40","nodeType":"n8n-nodes-base.code","nodeName":"Code in JavaScript","nodeId":"9ad265ae-5dcc-402a-9191-c6e7792d671f"}}
{"__type":"$$EventMessageConfirm","confirm":"5ad695b2-40a1-4c62-a544-5355248e7502","ts":"2025-12-06T18:43:13.150-05:00","source":{"id":"0","name":"eventBus"}}
{"__type":"$$EventMessageNode","id":"72045a26-bab3-401c-bcbd-ecd6045f0fec","ts":"2025-12-06T18:43:13.150-05:00","eventName":"n8n.node.started","message":"n8n.node.started","payload":{"workflowId":"8y5ALZTU2BvkIrm4","workflowName":"General","executionId":"40","nodeType":"n8n-nodes-base.function","nodeName":"💡 Generate Travel Recommendations","nodeId":"300dd062-67fe-4694-b4db-81170145ca24"}}
{"__type":"$$EventMessageConfirm","confirm":"72045a26-bab3-401c-bcbd-ecd6045f0fec","ts":"2025-12-06T18:43:13.151-05:00","source":{"id":"0","name":"eventBus"}}
{"__type":"$$EventMessageNode","id":"f0ae495f-7d95-4778-b039-72017ccbaed4","ts":"2025-12-06T18:43:13.165-05:00","eventName":"n8n.node.finished","message":"n8n.node.finished","payload":{"workflowId":"8y5ALZTU2BvkIrm4","workflowName":"General","executionId":"40","nodeType":"n8n-nodes-base.function","nodeName":"💡 Generate Travel Recommendations","nodeId":"300dd062-67fe-4694-b4db-81170145ca24"}}
{"__type":"$$EventMessageConfirm","confirm":"f0ae495f-7d95-4778-b039-72017ccbaed4","ts":"2025-12-06T18:43:13.165-05:00","source":{"id":"0","name":"eventBus"}}
{"__type":"$$EventMessageNode","id":"8130711a-2a8e-4836-b5d3-916d75230266","ts":"2025-12-06T18:43:13.165-05:00","eventName":"n8n.node.started","message":"n8n.node.started","payload":{"workflowId":"8y5ALZTU2BvkIrm4","workflowName":"General","executionId":"40","nodeType":"n8n-nodes-base.supabase","nodeName":"💾 Supabase Storage","nodeId":"5decf8b0-d187-4260-9cad-7841d180e7bb"}}
{"__type":"$$EventMessageConfirm","confirm":"8130711a-2a8e-4836-b5d3-916d75230266","ts":"2025-12-06T18:43:13.166-05:00","source":{"id":"0","name":"eventBus"}}
{"__type":"$$EventMessageNode","id":"22c159b8-ae96-48ec-a5ef-c4f68db5765f","ts":"2025-12-06T18:43:13.231-05:00","eventName":"n8n.node.finished","message":"n8n.node.finished","payload":{"workflowId":"8y5ALZTU2BvkIrm4","workflowName":"General","executionId":"42","nodeType":"n8n-nodes-base.httpRequest","nodeName":"🏨 Amadeus Hotels Search","nodeId":"335375c3-b2c4-488a-a187-5db699984bb5"}}
{"__type":"$$EventMessageConfirm","confirm":"22c159b8-ae96-48ec-a5ef-c4f68db5765f","ts":"2025-12-06T18:43:13.231-05:00","source":{"id":"0","name":"eventBus"}}
{"__type":"$$EventMessageNode","id":"81f960f0-4044-4387-9ee1-8eb993941f22","ts":"2025-12-06T18:43:13.231-05:00","eventName":"n8n.node.started","message":"n8n.node.started","payload":{"workflowId":"8y5ALZTU2BvkIrm4","workflowName":"General","executionId":"42","nodeType":"n8n-nodes-base.code","nodeName":"🧩 Parse Amadeus Hotels","nodeId":"47677723-da63-41ea-8c58-4cff95258258"}}
{"__type":"$$EventMessageConfirm","confirm":"81f960f0-4044-4387-9ee1-8eb993941f22","ts":"2025-12-06T18:43:13.231-05:00","source":{"id":"0","name":"eventBus"}}
{"__type":"$$EventMessageNode","id":"5a8bea15-71dd-47b7-b91e-63f40c33e068","ts":"2025-12-06T18:43:13.256-05:00","eventName":"n8n.node.finished","message":"n8n.node.finished","payload":{"workflowId":"8y5ALZTU2BvkIrm4","workflowName":"General","executionId":"42","nodeType":"n8n-nodes-base.code","nodeName":"🧩 Parse Amadeus Hotels","nodeId":"47677723-da63-41ea-8c58-4cff95258258"}}
{"__type":"$$EventMessageConfirm","confirm":"5a8bea15-71dd-47b7-b91e-63f40c33e068","ts":"2025-12-06T18:43:13.256-05:00","source":{"id":"0","name":"eventBus"}}
{"__type":"$$EventMessageNode","id":"0158db7d-4acf-42b7-9f58-653c6227a181","ts":"2025-12-06T18:43:13.258-05:00","eventName":"n8n.node.started","message":"n8n.node.started","payload":{"workflowId":"8y5ALZTU2BvkIrm4","workflowName":"General","executionId":"42","nodeType":"n8n-nodes-base.code","nodeName":"Code in JavaScript","nodeId":"9ad265ae-5dcc-402a-9191-c6e7792d671f"}}
{"__type":"$$EventMessageConfirm","confirm":"0158db7d-4acf-42b7-9f58-653c6227a181","ts":"2025-12-06T18:43:13.258-05:00","source":{"id":"0","name":"eventBus"}}
{"__type":"$$EventMessageNode","id":"453af6fb-878a-418a-813d-24b6e0bb3dc5","ts":"2025-12-06T18:43:13.265-05:00","eventName":"n8n.node.finished","message":"n8n.node.finished","payload":{"workflowId":"8y5ALZTU2BvkIrm4","workflowName":"General","executionId":"42","nodeType":"n8n-nodes-base.code","nodeName":"Code in JavaScript","nodeId":"9ad265ae-5dcc-402a-9191-c6e7792d671f"}}
{"__type":"$$EventMessageConfirm","confirm":"453af6fb-878a-418a-813d-24b6e0bb3dc5","ts":"2025-12-06T18:43:13.265-05:00","source":{"id":"0","name":"eventBus"}}
{"__type":"$$EventMessageNode","id":"8214d720-4c49-4b8b-a5ca-067228671d13","ts":"2025-12-06T18:43:13.265-05:00","eventName":"n8n.node.started","message":"n8n.node.started","payload":{"workflowId":"8y5ALZTU2BvkIrm4","workflowName":"General","executionId":"42","nodeType":"n8n-nodes-base.function","nodeName":"💡 Generate Travel Recommendations","nodeId":"300dd062-67fe-4694-b4db-81170145ca24"}}
{"__type":"$$EventMessageConfirm","confirm":"8214d720-4c49-4b8b-a5ca-067228671d13","ts":"2025-12-06T18:43:13.265-05:00","source":{"id":"0","name":"eventBus"}}
{"__type":"$$EventMessageNode","id":"a5b8c55a-2196-4bee-858a-e2175709b2e2","ts":"2025-12-06T18:43:13.272-05:00","eventName":"n8n.node.finished","message":"n8n.node.finished","payload":{"workflowId":"8y5ALZTU2BvkIrm4","workflowName":"General","executionId":"42","nodeType":"n8n-nodes-base.function","nodeName":"💡 Generate Travel Recommendations","nodeId":"300dd062-67fe-4694-b4db-81170145ca24"}}
{"__type":"$$EventMessageConfirm","confirm":"a5b8c55a-2196-4bee-858a-e2175709b2e2","ts":"2025-12-06T18:43:13.272-05:00","source":{"id":"0","name":"eventBus"}}
{"__type":"$$EventMessageNode","id":"bfbc9276-f322-4523-abf6-bc82164cf322","ts":"2025-12-06T18:43:13.273-05:00","eventName":"n8n.node.started","message":"n8n.node.started","payload":{"workflowId":"8y5ALZTU2BvkIrm4","workflowName":"General","executionId":"42","nodeType":"n8n-nodes-base.supabase","nodeName":"💾 Supabase Storage","nodeId":"5decf8b0-d187-4260-9cad-7841d180e7bb"}}
{"__type":"$$EventMessageConfirm","confirm":"bfbc9276-f322-4523-abf6-bc82164cf322","ts":"2025-12-06T18:43:13.273-05:00","source":{"id":"0","name":"eventBus"}}
{"__type":"$$EventMessageNode","id":"1125e7bd-40f2-4e7b-9d20-4a8decb95352","ts":"2025-12-06T18:43:13.414-05:00","eventName":"n8n.node.finished","message":"n8n.node.finished","payload":{"workflowId":"8y5ALZTU2BvkIrm4","workflowName":"General","executionId":"45","nodeType":"n8n-nodes-base.httpRequest","nodeName":"🗝️ Amadeus Auth Token","nodeId":"ddee2ef7-119f-4f23-8649-7285c81ad086"}}
{"__type":"$$EventMessageConfirm","confirm":"1125e7bd-40f2-4e7b-9d20-4a8decb95352","ts":"2025-12-06T18:43:13.414-05:00","source":{"id":"0","name":"eventBus"}}
{"__type":"$$EventMessageNode","id":"3050fc6c-f296-453f-9013-e2be76a20339","ts":"2025-12-06T18:43:13.414-05:00","eventName":"n8n.node.started","message":"n8n.node.started","payload":{"workflowId":"8y5ALZTU2BvkIrm4","workflowName":"General","executionId":"45","nodeType":"n8n-nodes-base.httpRequest","nodeName":"🏨 Amadeus Hotels Search","nodeId":"335375c3-b2c4-488a-a187-5db699984bb5"}}
{"__type":"$$EventMessageConfirm","confirm":"3050fc6c-f296-453f-9013-e2be76a20339","ts":"2025-12-06T18:43:13.414-05:00","source":{"id":"0","name":"eventBus"}}
{"__type":"$$EventMessageNode","id":"216890a2-90ae-4534-a1f5-75de38e7e74b","ts":"2025-12-06T18:43:13.428-05:00","eventName":"n8n.node.finished","message":"n8n.node.finished","payload":{"workflowId":"8y5ALZTU2BvkIrm4","workflowName":"General","executionId":"43","nodeType":"n8n-nodes-base.httpRequest","nodeName":"🗝️ Amadeus Auth Token","nodeId":"ddee2ef7-119f-4f23-8649-7285c81ad086"}}
{"__type":"$$EventMessageConfirm","confirm":"216890a2-90ae-4534-a1f5-75de38e7e74b","ts":"2025-12-06T18:43:13.429-05:00","source":{"id":"0","name":"eventBus"}}
{"__type":"$$EventMessageNode","id":"e53cca1f-0f9d-4381-ba43-e54838612f35","ts":"2025-12-06T18:43:13.429-05:00","eventName":"n8n.node.started","message":"n8n.node.started","payload":{"workflowId":"8y5ALZTU2BvkIrm4","workflowName":"General","executionId":"43","nodeType":"n8n-nodes-base.httpRequest","nodeName":"🏨 Amadeus Hotels Search","nodeId":"335375c3-b2c4-488a-a187-5db699984bb5"}}
{"__type":"$$EventMessageConfirm","confirm":"e53cca1f-0f9d-4381-ba43-e54838612f35","ts":"2025-12-06T18:43:13.429-05:00","source":{"id":"0","name":"eventBus"}}
{"__type":"$$EventMessageNode","id":"76685827-9aa0-429b-8568-df7678eae1d3","ts":"2025-12-06T18:43:13.653-05:00","eventName":"n8n.node.finished","message":"n8n.node.finished","payload":{"workflowId":"8y5ALZTU2BvkIrm4","workflowName":"General","executionId":"46","nodeType":"n8n-nodes-base.httpRequest","nodeName":"🗝️ Amadeus Auth Token","nodeId":"ddee2ef7-119f-4f23-8649-7285c81ad086"}}
{"__type":"$$EventMessageConfirm","confirm":"76685827-9aa0-429b-8568-df7678eae1d3","ts":"2025-12-06T18:43:13.653-05:00","source":{"id":"0","name":"eventBus"}}
{"__type":"$$EventMessageNode","id":"686eb8a9-ba02-473c-8331-8fd7aa9c366d","ts":"2025-12-06T18:43:13.653-05:00","eventName":"n8n.node.started","message":"n8n.node.started","payload":{"workflowId":"8y5ALZTU2BvkIrm4","workflowName":"General","executionId":"46","nodeType":"n8n-nodes-base.httpRequest","nodeName":"🏨 Amadeus Hotels Search","nodeId":"335375c3-b2c4-488a-a187-5db699984bb5"}}
{"__type":"$$EventMessageConfirm","confirm":"686eb8a9-ba02-473c-8331-8fd7aa9c366d","ts":"2025-12-06T18:43:13.653-05:00","source":{"id":"0","name":"eventBus"}}
{"__type":"$$EventMessageNode","id":"fa9d9962-e581-4366-ac1b-c7a86bc4ccba","ts":"2025-12-06T18:43:13.788-05:00","eventName":"n8n.node.finished","message":"n8n.node.finished","payload":{"workflowId":"8y5ALZTU2BvkIrm4","workflowName":"General","executionId":"41","nodeType":"n8n-nodes-base.supabase","nodeName":"💾 Supabase Storage","nodeId":"5decf8b0-d187-4260-9cad-7841d180e7bb"}}
{"__type":"$$EventMessageConfirm","confirm":"fa9d9962-e581-4366-ac1b-c7a86bc4ccba","ts":"2025-12-06T18:43:13.788-05:00","source":{"id":"0","name":"eventBus"}}
{"__type":"$$EventMessageNode","id":"e4c55345-d2b8-446c-a630-38c80cd67b82","ts":"2025-12-06T18:43:13.789-05:00","eventName":"n8n.node.started","message":"n8n.node.started","payload":{"workflowId":"8y5ALZTU2BvkIrm4","workflowName":"General","executionId":"41","nodeType":"n8n-nodes-base.code","nodeName":"Code in JavaScript1","nodeId":"fa6afa75-0195-4c00-9736-9fa0dfb030c1"}}
{"__type":"$$EventMessageConfirm","confirm":"e4c55345-d2b8-446c-a630-38c80cd67b82","ts":"2025-12-06T18:43:13.789-05:00","source":{"id":"0","name":"eventBus"}}
{"__type":"$$EventMessageNode","id":"bfa86aa3-f0ca-4cf0-b5b2-9012dfe4b236","ts":"2025-12-06T18:43:13.803-05:00","eventName":"n8n.node.finished","message":"n8n.node.finished","payload":{"workflowId":"8y5ALZTU2BvkIrm4","workflowName":"General","executionId":"41","nodeType":"n8n-nodes-base.code","nodeName":"Code in JavaScript1","nodeId":"fa6afa75-0195-4c00-9736-9fa0dfb030c1"}}
{"__type":"$$EventMessageConfirm","confirm":"bfa86aa3-f0ca-4cf0-b5b2-9012dfe4b236","ts":"2025-12-06T18:43:13.804-05:00","source":{"id":"0","name":"eventBus"}}
{"__type":"$$EventMessageNode","id":"dc8c1980-25f3-4d54-8d33-af5ca5d9e6ee","ts":"2025-12-06T18:43:13.807-05:00","eventName":"n8n.node.started","message":"n8n.node.started","payload":{"workflowId":"8y5ALZTU2BvkIrm4","workflowName":"General","executionId":"41","nodeType":"n8n-nodes-base.if","nodeName":"🎯 Check Great Deal","nodeId":"2d5f8692-815e-4325-a900-48f6502f5fc0"}}
{"__type":"$$EventMessageConfirm","confirm":"dc8c1980-25f3-4d54-8d33-af5ca5d9e6ee","ts":"2025-12-06T18:43:13.807-05:00","source":{"id":"0","name":"eventBus"}}
{"__type":"$$EventMessageNode","id":"c0f8d940-cdb1-46f2-98ff-20ef6dea5014","ts":"2025-12-06T18:43:13.809-05:00","eventName":"n8n.node.finished","message":"n8n.node.finished","payload":{"workflowId":"8y5ALZTU2BvkIrm4","workflowName":"General","executionId":"41","nodeType":"n8n-nodes-base.if","nodeName":"🎯 Check Great Deal","nodeId":"2d5f8692-815e-4325-a900-48f6502f5fc0"}}
{"__type":"$$EventMessageConfirm","confirm":"c0f8d940-cdb1-46f2-98ff-20ef6dea5014","ts":"2025-12-06T18:43:13.809-05:00","source":{"id":"0","name":"eventBus"}}
{"__type":"$$EventMessageNode","id":"5383e691-60d4-45a1-9bb6-d95aa9488fb7","ts":"2025-12-06T18:43:13.810-05:00","eventName":"n8n.node.started","message":"n8n.node.started","payload":{"workflowId":"8y5ALZTU2BvkIrm4","workflowName":"General","executionId":"41","nodeType":"n8n-nodes-base.respondToWebhook","nodeName":"Respond to Webhook1","nodeId":"21d30c3a-21ce-476e-a3c4-2813894cc904"}}
{"__type":"$$EventMessageConfirm","confirm":"5383e691-60d4-45a1-9bb6-d95aa9488fb7","ts":"2025-12-06T18:43:13.810-05:00","source":{"id":"0","name":"eventBus"}}
{"__type":"$$EventMessageNode","id":"abd84053-bc63-45ca-b015-66cba87b5d83","ts":"2025-12-06T18:43:13.813-05:00","eventName":"n8n.node.finished","message":"n8n.node.finished","payload":{"workflowId":"8y5ALZTU2BvkIrm4","workflowName":"General","executionId":"41","nodeType":"n8n-nodes-base.respondToWebhook","nodeName":"Respond to Webhook1","nodeId":"21d30c3a-21ce-476e-a3c4-2813894cc904"}}
{"__type":"$$EventMessageConfirm","confirm":"abd84053-bc63-45ca-b015-66cba87b5d83","ts":"2025-12-06T18:43:13.813-05:00","source":{"id":"0","name":"eventBus"}}
{"__type":"$$EventMessageWorkflow","id":"dba09298-797b-4f20-96a1-87eeb803db55","ts":"2025-12-06T18:43:13.814-05:00","eventName":"n8n.workflow.success","message":"n8n.workflow.success","payload":{"executionId":"41","success":true,"isManual":false,"workflowId":"8y5ALZTU2BvkIrm4","workflowName":"General"}}
{"__type":"$$EventMessageConfirm","confirm":"dba09298-797b-4f20-96a1-87eeb803db55","ts":"2025-12-06T18:43:13.814-05:00","source":{"id":"0","name":"eventBus"}}
{"__type":"$$EventMessageNode","id":"61848381-ba14-4158-a384-cd84742ad6ec","ts":"2025-12-06T18:43:13.855-05:00","eventName":"n8n.node.finished","message":"n8n.node.finished","payload":{"workflowId":"8y5ALZTU2BvkIrm4","workflowName":"General","executionId":"40","nodeType":"n8n-nodes-base.supabase","nodeName":"💾 Supabase Storage","nodeId":"5decf8b0-d187-4260-9cad-7841d180e7bb"}}
{"__type":"$$EventMessageConfirm","confirm":"61848381-ba14-4158-a384-cd84742ad6ec","ts":"2025-12-06T18:43:13.855-05:00","source":{"id":"0","name":"eventBus"}}
{"__type":"$$EventMessageNode","id":"58a41411-c2f2-4fd5-a0bf-31503eaea3bb","ts":"2025-12-06T18:43:13.855-05:00","eventName":"n8n.node.started","message":"n8n.node.started","payload":{"workflowId":"8y5ALZTU2BvkIrm4","workflowName":"General","executionId":"40","nodeType":"n8n-nodes-base.code","nodeName":"Code in JavaScript1","nodeId":"fa6afa75-0195-4c00-9736-9fa0dfb030c1"}}
{"__type":"$$EventMessageConfirm","confirm":"58a41411-c2f2-4fd5-a0bf-31503eaea3bb","ts":"2025-12-06T18:43:13.855-05:00","source":{"id":"0","name":"eventBus"}}
{"__type":"$$EventMessageNode","id":"59dff9a5-61d8-4009-b834-2af30dab1c7c","ts":"2025-12-06T18:43:13.868-05:00","eventName":"n8n.node.finished","message":"n8n.node.finished","payload":{"workflowId":"8y5ALZTU2BvkIrm4","workflowName":"General","executionId":"40","nodeType":"n8n-nodes-base.code","nodeName":"Code in JavaScript1","nodeId":"fa6afa75-0195-4c00-9736-9fa0dfb030c1"}}
{"__type":"$$EventMessageConfirm","confirm":"59dff9a5-61d8-4009-b834-2af30dab1c7c","ts":"2025-12-06T18:43:13.868-05:00","source":{"id":"0","name":"eventBus"}}
{"__type":"$$EventMessageNode","id":"98d32058-ccaf-4589-833b-bf3b8c817c9e","ts":"2025-12-06T18:43:13.869-05:00","eventName":"n8n.node.started","message":"n8n.node.started","payload":{"workflowId":"8y5ALZTU2BvkIrm4","workflowName":"General","executionId":"40","nodeType":"n8n-nodes-base.if","nodeName":"🎯 Check Great Deal","nodeId":"2d5f8692-815e-4325-a900-48f6502f5fc0"}}
{"__type":"$$EventMessageConfirm","confirm":"98d32058-ccaf-4589-833b-bf3b8c817c9e","ts":"2025-12-06T18:43:13.869-05:00","source":{"id":"0","name":"eventBus"}}
{"__type":"$$EventMessageNode","id":"da6bb149-ad24-4ec8-aebc-2794c5f1a849","ts":"2025-12-06T18:43:13.871-05:00","eventName":"n8n.node.finished","message":"n8n.node.finished","payload":{"workflowId":"8y5ALZTU2BvkIrm4","workflowName":"General","executionId":"40","nodeType":"n8n-nodes-base.if","nodeName":"🎯 Check Great Deal","nodeId":"2d5f8692-815e-4325-a900-48f6502f5fc0"}}
{"__type":"$$EventMessageConfirm","confirm":"da6bb149-ad24-4ec8-aebc-2794c5f1a849","ts":"2025-12-06T18:43:13.871-05:00","source":{"id":"0","name":"eventBus"}}
{"__type":"$$EventMessageNode","id":"8be8f16b-dffa-4769-b4d0-f2cce72510d8","ts":"2025-12-06T18:43:13.872-05:00","eventName":"n8n.node.started","message":"n8n.node.started","payload":{"workflowId":"8y5ALZTU2BvkIrm4","workflowName":"General","executionId":"40","nodeType":"n8n-nodes-base.respondToWebhook","nodeName":"Respond to Webhook1","nodeId":"21d30c3a-21ce-476e-a3c4-2813894cc904"}}
{"__type":"$$EventMessageConfirm","confirm":"8be8f16b-dffa-4769-b4d0-f2cce72510d8","ts":"2025-12-06T18:43:13.872-05:00","source":{"id":"0","name":"eventBus"}}
{"__type":"$$EventMessageNode","id":"4dd7bc09-285f-4019-89e3-f75433d96b70","ts":"2025-12-06T18:43:13.878-05:00","eventName":"n8n.node.finished","message":"n8n.node.finished","payload":{"workflowId":"8y5ALZTU2BvkIrm4","workflowName":"General","executionId":"40","nodeType":"n8n-nodes-base.respondToWebhook","nodeName":"Respond to Webhook1","nodeId":"21d30c3a-21ce-476e-a3c4-2813894cc904"}}
{"__type":"$$EventMessageConfirm","confirm":"4dd7bc09-285f-4019-89e3-f75433d96b70","ts":"2025-12-06T18:43:13.879-05:00","source":{"id":"0","name":"eventBus"}}
{"__type":"$$EventMessageWorkflow","id":"ab542cfb-439f-4843-886b-c6734861d206","ts":"2025-12-06T18:43:13.879-05:00","eventName":"n8n.workflow.success","message":"n8n.workflow.success","payload":{"executionId":"40","success":true,"isManual":false,"workflowId":"8y5ALZTU2BvkIrm4","workflowName":"General"}}
{"__type":"$$EventMessageConfirm","confirm":"ab542cfb-439f-4843-886b-c6734861d206","ts":"2025-12-06T18:43:13.879-05:00","source":{"id":"0","name":"eventBus"}}
{"__type":"$$EventMessageNode","id":"2e3eab65-79a7-4e8b-89c8-c014df0fb637","ts":"2025-12-06T18:43:13.904-05:00","eventName":"n8n.node.finished","message":"n8n.node.finished","payload":{"workflowId":"8y5ALZTU2BvkIrm4","workflowName":"General","executionId":"47","nodeType":"n8n-nodes-base.httpRequest","nodeName":"✈️ Skyscanner Flights","nodeId":"6d1d14dd-30a6-4993-a0b8-2e926b5e6f7d"}}
{"__type":"$$EventMessageConfirm","confirm":"2e3eab65-79a7-4e8b-89c8-c014df0fb637","ts":"2025-12-06T18:43:13.904-05:00","source":{"id":"0","name":"eventBus"}}
{"__type":"$$EventMessageNode","id":"558e571f-0323-4337-a294-66576ff7e39a","ts":"2025-12-06T18:43:13.904-05:00","eventName":"n8n.node.started","message":"n8n.node.started","payload":{"workflowId":"8y5ALZTU2BvkIrm4","workflowName":"General","executionId":"47","nodeType":"n8n-nodes-base.httpRequest","nodeName":"🗝️ Amadeus Auth Token","nodeId":"ddee2ef7-119f-4f23-8649-7285c81ad086"}}
{"__type":"$$EventMessageConfirm","confirm":"558e571f-0323-4337-a294-66576ff7e39a","ts":"2025-12-06T18:43:13.904-05:00","source":{"id":"0","name":"eventBus"}}
{"__type":"$$EventMessageNode","id":"4f10a034-0354-47e7-91e6-f1d5a3d5652b","ts":"2025-12-06T18:43:14.034-05:00","eventName":"n8n.node.finished","message":"n8n.node.finished","payload":{"workflowId":"8y5ALZTU2BvkIrm4","workflowName":"General","executionId":"42","nodeType":"n8n-nodes-base.supabase","nodeName":"💾 Supabase Storage","nodeId":"5decf8b0-d187-4260-9cad-7841d180e7bb"}}
{"__type":"$$EventMessageConfirm","confirm":"4f10a034-0354-47e7-91e6-f1d5a3d5652b","ts":"2025-12-06T18:43:14.034-05:00","source":{"id":"0","name":"eventBus"}}
{"__type":"$$EventMessageNode","id":"358870ec-1c70-49ee-a65e-7274e7697136","ts":"2025-12-06T18:43:14.034-05:00","eventName":"n8n.node.started","message":"n8n.node.started","payload":{"workflowId":"8y5ALZTU2BvkIrm4","workflowName":"General","executionId":"42","nodeType":"n8n-nodes-base.code","nodeName":"Code in JavaScript1","nodeId":"fa6afa75-0195-4c00-9736-9fa0dfb030c1"}}
{"__type":"$$EventMessageConfirm","confirm":"358870ec-1c70-49ee-a65e-7274e7697136","ts":"2025-12-06T18:43:14.034-05:00","source":{"id":"0","name":"eventBus"}}
{"__type":"$$EventMessageNode","id":"c05cf06f-abdb-468a-ad4d-5777f21da59f","ts":"2025-12-06T18:43:14.055-05:00","eventName":"n8n.node.finished","message":"n8n.node.finished","payload":{"workflowId":"8y5ALZTU2BvkIrm4","workflowName":"General","executionId":"42","nodeType":"n8n-nodes-base.code","nodeName":"Code in JavaScript1","nodeId":"fa6afa75-0195-4c00-9736-9fa0dfb030c1"}}
{"__type":"$$EventMessageConfirm","confirm":"c05cf06f-abdb-468a-ad4d-5777f21da59f","ts":"2025-12-06T18:43:14.055-05:00","source":{"id":"0","name":"eventBus"}}
{"__type":"$$EventMessageNode","id":"b6639166-985a-41bd-8c3b-de105c90480b","ts":"2025-12-06T18:43:14.056-05:00","eventName":"n8n.node.started","message":"n8n.node.started","payload":{"workflowId":"8y5ALZTU2BvkIrm4","workflowName":"General","executionId":"42","nodeType":"n8n-nodes-base.if","nodeName":"🎯 Check Great Deal","nodeId":"2d5f8692-815e-4325-a900-48f6502f5fc0"}}
{"__type":"$$EventMessageConfirm","confirm":"b6639166-985a-41bd-8c3b-de105c90480b","ts":"2025-12-06T18:43:14.056-05:00","source":{"id":"0","name":"eventBus"}}
{"__type":"$$EventMessageNode","id":"e08215b0-b7ae-4cc9-b3ba-752da6957f35","ts":"2025-12-06T18:43:14.063-05:00","eventName":"n8n.node.finished","message":"n8n.node.finished","payload":{"workflowId":"8y5ALZTU2BvkIrm4","workflowName":"General","executionId":"42","nodeType":"n8n-nodes-base.if","nodeName":"🎯 Check Great Deal","nodeId":"2d5f8692-815e-4325-a900-48f6502f5fc0"}}
{"__type":"$$EventMessageConfirm","confirm":"e08215b0-b7ae-4cc9-b3ba-752da6957f35","ts":"2025-12-06T18:43:14.064-05:00","source":{"id":"0","name":"eventBus"}}
{"__type":"$$EventMessageNode","id":"7e1cfbf0-6e93-436e-90ac-8d7484bc94c5","ts":"2025-12-06T18:43:14.066-05:00","eventName":"n8n.node.started","message":"n8n.node.started","payload":{"workflowId":"8y5ALZTU2BvkIrm4","workflowName":"General","executionId":"42","nodeType":"n8n-nodes-base.respondToWebhook","nodeName":"Respond to Webhook1","nodeId":"21d30c3a-21ce-476e-a3c4-2813894cc904"}}
{"__type":"$$EventMessageConfirm","confirm":"7e1cfbf0-6e93-436e-90ac-8d7484bc94c5","ts":"2025-12-06T18:43:14.066-05:00","source":{"id":"0","name":"eventBus"}}
{"__type":"$$EventMessageNode","id":"e6b91af8-2abe-454b-94bc-3c8c6d4e9c05","ts":"2025-12-06T18:43:14.072-05:00","eventName":"n8n.node.finished","message":"n8n.node.finished","payload":{"workflowId":"8y5ALZTU2BvkIrm4","workflowName":"General","executionId":"42","nodeType":"n8n-nodes-base.respondToWebhook","nodeName":"Respond to Webhook1","nodeId":"21d30c3a-21ce-476e-a3c4-2813894cc904"}}
{"__type":"$$EventMessageConfirm","confirm":"e6b91af8-2abe-454b-94bc-3c8c6d4e9c05","ts":"2025-12-06T18:43:14.072-05:00","source":{"id":"0","name":"eventBus"}}
{"__type":"$$EventMessageWorkflow","id":"5e04c2bc-f7b7-4297-b254-d758647bb641","ts":"2025-12-06T18:43:14.073-05:00","eventName":"n8n.workflow.success","message":"n8n.workflow.success","payload":{"executionId":"42","success":true,"isManual":false,"workflowId":"8y5ALZTU2BvkIrm4","workflowName":"General"}}
{"__type":"$$EventMessageConfirm","confirm":"5e04c2bc-f7b7-4297-b254-d758647bb641","ts":"2025-12-06T18:43:14.073-05:00","source":{"id":"0","name":"eventBus"}}
{"__type":"$$EventMessageNode","id":"19b23a6f-f656-4f00-973b-9443b173465f","ts":"2025-12-06T18:43:14.224-05:00","eventName":"n8n.node.finished","message":"n8n.node.finished","payload":{"workflowId":"8y5ALZTU2BvkIrm4","workflowName":"General","executionId":"36","nodeType":"n8n-nodes-base.emailSend","nodeName":"Enviar Correo1","nodeId":"cae987c6-c9aa-4be8-abd1-aa4d4e16b230"}}
{"__type":"$$EventMessageConfirm","confirm":"19b23a6f-f656-4f00-973b-9443b173465f","ts":"2025-12-06T18:43:14.224-05:00","source":{"id":"0","name":"eventBus"}}
{"__type":"$$EventMessageNode","id":"6f60a56a-e2c9-4ef0-a3fc-a13e3f28fe57","ts":"2025-12-06T18:43:14.224-05:00","eventName":"n8n.node.started","message":"n8n.node.started","payload":{"workflowId":"8y5ALZTU2BvkIrm4","workflowName":"General","executionId":"36","nodeType":"n8n-nodes-base.respondToWebhook","nodeName":"Respond to Webhook1","nodeId":"21d30c3a-21ce-476e-a3c4-2813894cc904"}}
{"__type":"$$EventMessageConfirm","confirm":"6f60a56a-e2c9-4ef0-a3fc-a13e3f28fe57","ts":"2025-12-06T18:43:14.225-05:00","source":{"id":"0","name":"eventBus"}}
{"__type":"$$EventMessageNode","id":"cee9c720-c81a-42f6-b125-1ef5d3c13762","ts":"2025-12-06T18:43:14.231-05:00","eventName":"n8n.node.finished","message":"n8n.node.finished","payload":{"workflowId":"8y5ALZTU2BvkIrm4","workflowName":"General","executionId":"36","nodeType":"n8n-nodes-base.respondToWebhook","nodeName":"Respond to Webhook1","nodeId":"21d30c3a-21ce-476e-a3c4-2813894cc904"}}
{"__type":"$$EventMessageConfirm","confirm":"cee9c720-c81a-42f6-b125-1ef5d3c13762","ts":"2025-12-06T18:43:14.233-05:00","source":{"id":"0","name":"eventBus"}}
{"__type":"$$EventMessageWorkflow","id":"fd2dc231-49b7-45a0-96b6-883b279c5e8d","ts":"2025-12-06T18:43:14.234-05:00","eventName":"n8n.workflow.success","message":"n8n.workflow.success","payload":{"executionId":"36","success":true,"isManual":false,"workflowId":"8y5ALZTU2BvkIrm4","workflowName":"General"}}
{"__type":"$$EventMessageConfirm","confirm":"fd2dc231-49b7-45a0-96b6-883b279c5e8d","ts":"2025-12-06T18:43:14.234-05:00","source":{"id":"0","name":"eventBus"}}
{"__type":"$$EventMessageNode","id":"0f0eb126-462f-46d9-b033-785de409bdf8","ts":"2025-12-06T18:43:14.336-05:00","eventName":"n8n.node.finished","message":"n8n.node.finished","payload":{"workflowId":"8y5ALZTU2BvkIrm4","workflowName":"General","executionId":"44","nodeType":"n8n-nodes-base.httpRequest","nodeName":"🗝️ Amadeus Auth Token","nodeId":"ddee2ef7-119f-4f23-8649-7285c81ad086"}}
{"__type":"$$EventMessageConfirm","confirm":"0f0eb126-462f-46d9-b033-785de409bdf8","ts":"2025-12-06T18:43:14.337-05:00","source":{"id":"0","name":"eventBus"}}
{"__type":"$$EventMessageNode","id":"0e6d0ad5-59a1-4ee0-a11b-a63b9d6efc06","ts":"2025-12-06T18:43:14.337-05:00","eventName":"n8n.node.started","message":"n8n.node.started","payload":{"workflowId":"8y5ALZTU2BvkIrm4","workflowName":"General","executionId":"44","nodeType":"n8n-nodes-base.httpRequest","nodeName":"🏨 Amadeus Hotels Search","nodeId":"335375c3-b2c4-488a-a187-5db699984bb5"}}
{"__type":"$$EventMessageConfirm","confirm":"0e6d0ad5-59a1-4ee0-a11b-a63b9d6efc06","ts":"2025-12-06T18:43:14.337-05:00","source":{"id":"0","name":"eventBus"}}
{"__type":"$$EventMessageNode","id":"0bd504cf-220d-4ee1-88ee-7d4ed937259f","ts":"2025-12-06T18:43:14.498-05:00","eventName":"n8n.node.finished","message":"n8n.node.finished","payload":{"workflowId":"8y5ALZTU2BvkIrm4","workflowName":"General","executionId":"38","nodeType":"n8n-nodes-base.emailSend","nodeName":"Enviar Correo1","nodeId":"cae987c6-c9aa-4be8-abd1-aa4d4e16b230"}}
{"__type":"$$EventMessageConfirm","confirm":"0bd504cf-220d-4ee1-88ee-7d4ed937259f","ts":"2025-12-06T18:43:14.498-05:00","source":{"id":"0","name":"eventBus"}}
{"__type":"$$EventMessageNode","id":"587a7f8a-5a7a-4b1f-a3bb-7a6ceb04368b","ts":"2025-12-06T18:43:14.499-05:00","eventName":"n8n.node.started","message":"n8n.node.started","payload":{"workflowId":"8y5ALZTU2BvkIrm4","workflowName":"General","executionId":"38","nodeType":"n8n-nodes-base.respondToWebhook","nodeName":"Respond to Webhook1","nodeId":"21d30c3a-21ce-476e-a3c4-2813894cc904"}}
{"__type":"$$EventMessageConfirm","confirm":"587a7f8a-5a7a-4b1f-a3bb-7a6ceb04368b","ts":"2025-12-06T18:43:14.499-05:00","source":{"id":"0","name":"eventBus"}}
{"__type":"$$EventMessageNode","id":"e18eca38-c3f2-4976-aacb-1dce0a7d6ce7","ts":"2025-12-06T18:43:14.503-05:00","eventName":"n8n.node.finished","message":"n8n.node.finished","payload":{"workflowId":"8y5ALZTU2BvkIrm4","workflowName":"General","executionId":"38","nodeType":"n8n-nodes-base.respondToWebhook","nodeName":"Respond to Webhook1","nodeId":"21d30c3a-21ce-476e-a3c4-2813894cc904"}}
{"__type":"$$EventMessageConfirm","confirm":"e18eca38-c3f2-4976-aacb-1dce0a7d6ce7","ts":"2025-12-06T18:43:14.503-05:00","source":{"id":"0","name":"eventBus"}}
{"__type":"$$EventMessageWorkflow","id":"c514bba9-953d-4bd9-9209-0ad1002d0dad","ts":"2025-12-06T18:43:14.504-05:00","eventName":"n8n.workflow.success","message":"n8n.workflow.success","payload":{"executionId":"38","success":true,"isManual":false,"workflowId":"8y5ALZTU2BvkIrm4","workflowName":"General"}}
{"__type":"$$EventMessageConfirm","confirm":"c514bba9-953d-4bd9-9209-0ad1002d0dad","ts":"2025-12-06T18:43:14.504-05:00","source":{"id":"0","name":"eventBus"}}
{"__type":"$$EventMessageNode","id":"d0ab8453-f217-4495-a4b4-912bf4c29185","ts":"2025-12-06T18:43:15.246-05:00","eventName":"n8n.node.finished","message":"n8n.node.finished","payload":{"workflowId":"8y5ALZTU2BvkIrm4","workflowName":"General","executionId":"39","nodeType":"n8n-nodes-base.emailSend","nodeName":"Enviar Correo1","nodeId":"cae987c6-c9aa-4be8-abd1-aa4d4e16b230"}}
{"__type":"$$EventMessageConfirm","confirm":"d0ab8453-f217-4495-a4b4-912bf4c29185","ts":"2025-12-06T18:43:15.246-05:00","source":{"id":"0","name":"eventBus"}}
{"__type":"$$EventMessageNode","id":"89ebbc0a-d2f0-4fc8-8fbd-103f89451dbc","ts":"2025-12-06T18:43:15.247-05:00","eventName":"n8n.node.started","message":"n8n.node.started","payload":{"workflowId":"8y5ALZTU2BvkIrm4","workflowName":"General","executionId":"39","nodeType":"n8n-nodes-base.respondToWebhook","nodeName":"Respond to Webhook1","nodeId":"21d30c3a-21ce-476e-a3c4-2813894cc904"}}
{"__type":"$$EventMessageConfirm","confirm":"89ebbc0a-d2f0-4fc8-8fbd-103f89451dbc","ts":"2025-12-06T18:43:15.247-05:00","source":{"id":"0","name":"eventBus"}}
{"__type":"$$EventMessageNode","id":"1c63b18a-0aab-4db3-9eab-2bb6cb78be62","ts":"2025-12-06T18:43:15.251-05:00","eventName":"n8n.node.finished","message":"n8n.node.finished","payload":{"workflowId":"8y5ALZTU2BvkIrm4","workflowName":"General","executionId":"39","nodeType":"n8n-nodes-base.respondToWebhook","nodeName":"Respond to Webhook1","nodeId":"21d30c3a-21ce-476e-a3c4-2813894cc904"}}
{"__type":"$$EventMessageConfirm","confirm":"1c63b18a-0aab-4db3-9eab-2bb6cb78be62","ts":"2025-12-06T18:43:15.252-05:00","source":{"id":"0","name":"eventBus"}}
{"__type":"$$EventMessageWorkflow","id":"b442f690-bbe1-4ed2-b77d-9f5601e7b86e","ts":"2025-12-06T18:43:15.253-05:00","eventName":"n8n.workflow.success","message":"n8n.workflow.success","payload":{"executionId":"39","success":true,"isManual":false,"workflowId":"8y5ALZTU2BvkIrm4","workflowName":"General"}}
{"__type":"$$EventMessageConfirm","confirm":"b442f690-bbe1-4ed2-b77d-9f5601e7b86e","ts":"2025-12-06T18:43:15.253-05:00","source":{"id":"0","name":"eventBus"}}
{"__type":"$$EventMessageWorkflow","id":"ae968900-14dc-4c4f-8d7c-9803cb646762","ts":"2025-12-06T18:43:15.481-05:00","eventName":"n8n.workflow.started","message":"n8n.workflow.started","payload":{"executionId":"48","workflowId":"8y5ALZTU2BvkIrm4","isManual":false,"workflowName":"General"}}
{"__type":"$$EventMessageConfirm","confirm":"ae968900-14dc-4c4f-8d7c-9803cb646762","ts":"2025-12-06T18:43:15.481-05:00","source":{"id":"0","name":"eventBus"}}
{"__type":"$$EventMessageNode","id":"240cc451-fb72-45c6-bd35-81eb91850507","ts":"2025-12-06T18:43:15.481-05:00","eventName":"n8n.node.started","message":"n8n.node.started","payload":{"workflowId":"8y5ALZTU2BvkIrm4","workflowName":"General","executionId":"48","nodeType":"n8n-nodes-base.webhook","nodeName":"📱 Streamlit Webhook","nodeId":"ae8059ee-5c26-4af5-83ea-0b147821a989"}}
{"__type":"$$EventMessageConfirm","confirm":"240cc451-fb72-45c6-bd35-81eb91850507","ts":"2025-12-06T18:43:15.481-05:00","source":{"id":"0","name":"eventBus"}}
{"__type":"$$EventMessageNode","id":"2db003f3-e1db-4a7c-8198-489795f4d784","ts":"2025-12-06T18:43:15.482-05:00","eventName":"n8n.node.finished","message":"n8n.node.finished","payload":{"workflowId":"8y5ALZTU2BvkIrm4","workflowName":"General","executionId":"48","nodeType":"n8n-nodes-base.webhook","nodeName":"📱 Streamlit Webhook","nodeId":"ae8059ee-5c26-4af5-83ea-0b147821a989"}}
{"__type":"$$EventMessageConfirm","confirm":"2db003f3-e1db-4a7c-8198-489795f4d784","ts":"2025-12-06T18:43:15.482-05:00","source":{"id":"0","name":"eventBus"}}
{"__type":"$$EventMessageNode","id":"3863abe7-0689-4dac-a6e0-d27c5b838eb8","ts":"2025-12-06T18:43:15.482-05:00","eventName":"n8n.node.started","message":"n8n.node.started","payload":{"workflowId":"8y5ALZTU2BvkIrm4","workflowName":"General","executionId":"48","nodeType":"n8n-nodes-base.function","nodeName":"Process Travel Data","nodeId":"02497c10-01cd-4448-8373-576a8cdff0cf"}}
{"__type":"$$EventMessageConfirm","confirm":"3863abe7-0689-4dac-a6e0-d27c5b838eb8","ts":"2025-12-06T18:43:15.482-05:00","source":{"id":"0","name":"eventBus"}}
{"__type":"$$EventMessageNode","id":"184817ad-ae84-4529-8207-e16f2f479f4d","ts":"2025-12-06T18:43:15.494-05:00","eventName":"n8n.node.finished","message":"n8n.node.finished","payload":{"workflowId":"8y5ALZTU2BvkIrm4","workflowName":"General","executionId":"48","nodeType":"n8n-nodes-base.function","nodeName":"Process Travel Data","nodeId":"02497c10-01cd-4448-8373-576a8cdff0cf"}}
{"__type":"$$EventMessageConfirm","confirm":"184817ad-ae84-4529-8207-e16f2f479f4d","ts":"2025-12-06T18:43:15.494-05:00","source":{"id":"0","name":"eventBus"}}
{"__type":"$$EventMessageNode","id":"8f2f1861-b190-40db-9894-0082f6978d1c","ts":"2025-12-06T18:43:15.495-05:00","eventName":"n8n.node.started","message":"n8n.node.started","payload":{"workflowId":"8y5ALZTU2BvkIrm4","workflowName":"General","executionId":"48","nodeType":"n8n-nodes-base.httpRequest","nodeName":"✈️ Skyscanner Flights","nodeId":"6d1d14dd-30a6-4993-a0b8-2e926b5e6f7d"}}
{"__type":"$$EventMessageConfirm","confirm":"8f2f1861-b190-40db-9894-0082f6978d1c","ts":"2025-12-06T18:43:15.496-05:00","source":{"id":"0","name":"eventBus"}}
{"__type":"$$EventMessageNode","id":"6019821c-796f-46ad-8f26-f4d339202bb2","ts":"2025-12-06T18:43:15.570-05:00","eventName":"n8n.node.finished","message":"n8n.node.finished","payload":{"workflowId":"8y5ALZTU2BvkIrm4","workflowName":"General","executionId":"47","nodeType":"n8n-nodes-base.httpRequest","nodeName":"🗝️ Amadeus Auth Token","nodeId":"ddee2ef7-119f-4f23-8649-7285c81ad086"}}
{"__type":"$$EventMessageConfirm","confirm":"6019821c-796f-46ad-8f26-f4d339202bb2","ts":"2025-12-06T18:43:15.571-05:00","source":{"id":"0","name":"eventBus"}}
{"__type":"$$EventMessageNode","id":"e930b107-aadd-4608-a239-20ce6a98cdd1","ts":"2025-12-06T18:43:15.571-05:00","eventName":"n8n.node.started","message":"n8n.node.started","payload":{"workflowId":"8y5ALZTU2BvkIrm4","workflowName":"General","executionId":"47","nodeType":"n8n-nodes-base.httpRequest","nodeName":"🏨 Amadeus Hotels Search","nodeId":"335375c3-b2c4-488a-a187-5db699984bb5"}}
{"__type":"$$EventMessageConfirm","confirm":"e930b107-aadd-4608-a239-20ce6a98cdd1","ts":"2025-12-06T18:43:15.571-05:00","source":{"id":"0","name":"eventBus"}}
{"__type":"$$EventMessageWorkflow","id":"70321891-b9a8-4a3b-acff-5658ae7d57c5","ts":"2025-12-06T18:43:15.609-05:00","eventName":"n8n.workflow.started","message":"n8n.workflow.started","payload":{"executionId":"49","workflowId":"8y5ALZTU2BvkIrm4","isManual":false,"workflowName":"General"}}
{"__type":"$$EventMessageConfirm","confirm":"70321891-b9a8-4a3b-acff-5658ae7d57c5","ts":"2025-12-06T18:43:15.609-05:00","source":{"id":"0","name":"eventBus"}}
{"__type":"$$EventMessageNode","id":"f8316002-9994-4e1d-8b40-00e3fe42567b","ts":"2025-12-06T18:43:15.610-05:00","eventName":"n8n.node.started","message":"n8n.node.started","payload":{"workflowId":"8y5ALZTU2BvkIrm4","workflowName":"General","executionId":"49","nodeType":"n8n-nodes-base.webhook","nodeName":"📱 Streamlit Webhook","nodeId":"ae8059ee-5c26-4af5-83ea-0b147821a989"}}
{"__type":"$$EventMessageConfirm","confirm":"f8316002-9994-4e1d-8b40-00e3fe42567b","ts":"2025-12-06T18:43:15.610-05:00","source":{"id":"0","name":"eventBus"}}
{"__type":"$$EventMessageNode","id":"5f286a66-c1ca-4d2c-9fad-387b21ea49c2","ts":"2025-12-06T18:43:15.610-05:00","eventName":"n8n.node.finished","message":"n8n.node.finished","payload":{"workflowId":"8y5ALZTU2BvkIrm4","workflowName":"General","executionId":"49","nodeType":"n8n-nodes-base.webhook","nodeName":"📱 Streamlit Webhook","nodeId":"ae8059ee-5c26-4af5-83ea-0b147821a989"}}
{"__type":"$$EventMessageConfirm","confirm":"5f286a66-c1ca-4d2c-9fad-387b21ea49c2","ts":"2025-12-06T18:43:15.611-05:00","source":{"id":"0","name":"eventBus"}}
{"__type":"$$EventMessageNode","id":"a9e704fb-3d9f-42be-9567-ebf66192b1e5","ts":"2025-12-06T18:43:15.611-05:00","eventName":"n8n.node.started","message":"n8n.node.started","payload":{"workflowId":"8y5ALZTU2BvkIrm4","workflowName":"General","executionId":"49","nodeType":"n8n-nodes-base.function","nodeName":"Process Travel Data","nodeId":"02497c10-01cd-4448-8373-576a8cdff0cf"}}
{"__type":"$$EventMessageConfirm","confirm":"a9e704fb-3d9f-42be-9567-ebf66192b1e5","ts":"2025-12-06T18:43:15.611-05:00","source":{"id":"0","name":"eventBus"}}
{"__type":"$$EventMessageNode","id":"bb1d953c-ccf4-4ce0-b8f3-996b2d9b0809","ts":"2025-12-06T18:43:15.625-05:00","eventName":"n8n.node.finished","message":"n8n.node.finished","payload":{"workflowId":"8y5ALZTU2BvkIrm4","workflowName":"General","executionId":"49","nodeType":"n8n-nodes-base.function","nodeName":"Process Travel Data","nodeId":"02497c10-01cd-4448-8373-576a8cdff0cf"}}
{"__type":"$$EventMessageConfirm","confirm":"bb1d953c-ccf4-4ce0-b8f3-996b2d9b0809","ts":"2025-12-06T18:43:15.625-05:00","source":{"id":"0","name":"eventBus"}}
{"__type":"$$EventMessageNode","id":"eefe446c-9d50-45ad-b7d2-19ee4aea8bee","ts":"2025-12-06T18:43:15.625-05:00","eventName":"n8n.node.started","message":"n8n.node.started","payload":{"workflowId":"8y5ALZTU2BvkIrm4","workflowName":"General","executionId":"49","nodeType":"n8n-nodes-base.httpRequest","nodeName":"✈️ Skyscanner Flights","nodeId":"6d1d14dd-30a6-4993-a0b8-2e926b5e6f7d"}}
{"__type":"$$EventMessageConfirm","confirm":"eefe446c-9d50-45ad-b7d2-19ee4aea8bee","ts":"2025-12-06T18:43:15.625-05:00","source":{"id":"0","name":"eventBus"}}
{"__type":"$$EventMessageWorkflow","id":"47225f0d-b991-4c14-a5b9-cb9f9f9c16be","ts":"2025-12-06T18:43:15.827-05:00","eventName":"n8n.workflow.started","message":"n8n.workflow.started","payload":{"executionId":"50","workflowId":"8y5ALZTU2BvkIrm4","isManual":false,"workflowName":"General"}}
{"__type":"$$EventMessageConfirm","confirm":"47225f0d-b991-4c14-a5b9-cb9f9f9c16be","ts":"2025-12-06T18:43:15.827-05:00","source":{"id":"0","name":"eventBus"}}
{"__type":"$$EventMessageNode","id":"2974040c-300d-485d-b63b-df4139d15497","ts":"2025-12-06T18:43:15.828-05:00","eventName":"n8n.node.started","message":"n8n.node.started","payload":{"workflowId":"8y5ALZTU2BvkIrm4","workflowName":"General","executionId":"50","nodeType":"n8n-nodes-base.webhook","nodeName":"📱 Streamlit Webhook","nodeId":"ae8059ee-5c26-4af5-83ea-0b147821a989"}}
{"__type":"$$EventMessageConfirm","confirm":"2974040c-300d-485d-b63b-df4139d15497","ts":"2025-12-06T18:43:15.828-05:00","source":{"id":"0","name":"eventBus"}}
{"__type":"$$EventMessageNode","id":"acf5dee5-3ce0-4c56-96f8-a03795106251","ts":"2025-12-06T18:43:15.829-05:00","eventName":"n8n.node.finished","message":"n8n.node.finished","payload":{"workflowId":"8y5ALZTU2BvkIrm4","workflowName":"General","executionId":"50","nodeType":"n8n-nodes-base.webhook","nodeName":"📱 Streamlit Webhook","nodeId":"ae8059ee-5c26-4af5-83ea-0b147821a989"}}
{"__type":"$$EventMessageConfirm","confirm":"acf5dee5-3ce0-4c56-96f8-a03795106251","ts":"2025-12-06T18:43:15.829-05:00","source":{"id":"0","name":"eventBus"}}
{"__type":"$$EventMessageNode","id":"9398cabd-e225-422a-baf4-7a8facd0ee16","ts":"2025-12-06T18:43:15.829-05:00","eventName":"n8n.node.started","message":"n8n.node.started","payload":{"workflowId":"8y5ALZTU2BvkIrm4","workflowName":"General","executionId":"50","nodeType":"n8n-nodes-base.function","nodeName":"Process Travel Data","nodeId":"02497c10-01cd-4448-8373-576a8cdff0cf"}}
{"__type":"$$EventMessageConfirm","confirm":"9398cabd-e225-422a-baf4-7a8facd0ee16","ts":"2025-12-06T18:43:15.829-05:00","source":{"id":"0","name":"eventBus"}}
{"__type":"$$EventMessageNode","id":"c06ae433-8fe2-4b9d-90e5-f16cd21d1e7b","ts":"2025-12-06T18:43:15.844-05:00","eventName":"n8n.node.finished","message":"n8n.node.finished","payload":{"workflowId":"8y5ALZTU2BvkIrm4","workflowName":"General","executionId":"50","nodeType":"n8n-nodes-base.function","nodeName":"Process Travel Data","nodeId":"02497c10-01cd-4448-8373-576a8cdff0cf"}}
{"__type":"$$EventMessageConfirm","confirm":"c06ae433-8fe2-4b9d-90e5-f16cd21d1e7b","ts":"2025-12-06T18:43:15.844-05:00","source":{"id":"0","name":"eventBus"}}
{"__type":"$$EventMessageNode","id":"036ca85e-1e93-45fd-8b78-9b99b551d6c2","ts":"2025-12-06T18:43:15.845-05:00","eventName":"n8n.node.started","message":"n8n.node.started","payload":{"workflowId":"8y5ALZTU2BvkIrm4","workflowName":"General","executionId":"50","nodeType":"n8n-nodes-base.httpRequest","nodeName":"✈️ Skyscanner Flights","nodeId":"6d1d14dd-30a6-4993-a0b8-2e926b5e6f7d"}}
{"__type":"$$EventMessageConfirm","confirm":"036ca85e-1e93-45fd-8b78-9b99b551d6c2","ts":"2025-12-06T18:43:15.845-05:00","source":{"id":"0","name":"eventBus"}}
{"__type":"$$EventMessageWorkflow","id":"23e85d22-f9e1-4da0-8953-1bc35eac7fd7","ts":"2025-12-06T18:43:15.980-05:00","eventName":"n8n.workflow.started","message":"n8n.workflow.started","payload":{"executionId":"51","workflowId":"8y5ALZTU2BvkIrm4","isManual":false,"workflowName":"General"}}
{"__type":"$$EventMessageConfirm","confirm":"23e85d22-f9e1-4da0-8953-1bc35eac7fd7","ts":"2025-12-06T18:43:15.980-05:00","source":{"id":"0","name":"eventBus"}}
{"__type":"$$EventMessageNode","id":"5e3a9b19-69a2-489f-ac8a-614c5380b42d","ts":"2025-12-06T18:43:15.981-05:00","eventName":"n8n.node.started","message":"n8n.node.started","payload":{"workflowId":"8y5ALZTU2BvkIrm4","workflowName":"General","executionId":"51","nodeType":"n8n-nodes-base.webhook","nodeName":"📱 Streamlit Webhook","nodeId":"ae8059ee-5c26-4af5-83ea-0b147821a989"}}
{"__type":"$$EventMessageConfirm","confirm":"5e3a9b19-69a2-489f-ac8a-614c5380b42d","ts":"2025-12-06T18:43:15.981-05:00","source":{"id":"0","name":"eventBus"}}
{"__type":"$$EventMessageNode","id":"5e97e6b8-d716-4479-a199-ed74ab6b580a","ts":"2025-12-06T18:43:15.981-05:00","eventName":"n8n.node.finished","message":"n8n.node.finished","payload":{"workflowId":"8y5ALZTU2BvkIrm4","workflowName":"General","executionId":"51","nodeType":"n8n-nodes-base.webhook","nodeName":"📱 Streamlit Webhook","nodeId":"ae8059ee-5c26-4af5-83ea-0b147821a989"}}
{"__type":"$$EventMessageConfirm","confirm":"5e97e6b8-d716-4479-a199-ed74ab6b580a","ts":"2025-12-06T18:43:15.981-05:00","source":{"id":"0","name":"eventBus"}}
{"__type":"$$EventMessageNode","id":"ba3cd19a-d225-48f0-8224-aa93a7267162","ts":"2025-12-06T18:43:15.981-05:00","eventName":"n8n.node.started","message":"n8n.node.started","payload":{"workflowId":"8y5ALZTU2BvkIrm4","workflowName":"General","executionId":"51","nodeType":"n8n-nodes-base.function","nodeName":"Process Travel Data","nodeId":"02497c10-01cd-4448-8373-576a8cdff0cf"}}
{"__type":"$$EventMessageConfirm","confirm":"ba3cd19a-d225-48f0-8224-aa93a7267162","ts":"2025-12-06T18:43:15.981-05:00","source":{"id":"0","name":"eventBus"}}
{"__type":"$$EventMessageNode","id":"233b19d7-1052-44cc-937f-83f53203059c","ts":"2025-12-06T18:43:15.992-05:00","eventName":"n8n.node.finished","message":"n8n.node.finished","payload":{"workflowId":"8y5ALZTU2BvkIrm4","workflowName":"General","executionId":"51","nodeType":"n8n-nodes-base.function","nodeName":"Process Travel Data","nodeId":"02497c10-01cd-4448-8373-576a8cdff0cf"}}
{"__type":"$$EventMessageConfirm","confirm":"233b19d7-1052-44cc-937f-83f53203059c","ts":"2025-12-06T18:43:15.992-05:00","source":{"id":"0","name":"eventBus"}}
{"__type":"$$EventMessageNode","id":"4e145efe-2ae1-4209-bf6c-2d930aa3d90b","ts":"2025-12-06T18:43:15.993-05:00","eventName":"n8n.node.started","message":"n8n.node.started","payload":{"workflowId":"8y5ALZTU2BvkIrm4","workflowName":"General","executionId":"51","nodeType":"n8n-nodes-base.httpRequest","nodeName":"✈️ Skyscanner Flights","nodeId":"6d1d14dd-30a6-4993-a0b8-2e926b5e6f7d"}}
{"__type":"$$EventMessageConfirm","confirm":"4e145efe-2ae1-4209-bf6c-2d930aa3d90b","ts":"2025-12-06T18:43:15.993-05:00","source":{"id":"0","name":"eventBus"}}
{"__type":"$$EventMessageNode","id":"28f95c56-a56d-409a-9478-9aa318df934f","ts":"2025-12-06T18:43:16.014-05:00","eventName":"n8n.node.finished","message":"n8n.node.finished","payload":{"workflowId":"8y5ALZTU2BvkIrm4","workflowName":"General","executionId":"43","nodeType":"n8n-nodes-base.httpRequest","nodeName":"🏨 Amadeus Hotels Search","nodeId":"335375c3-b2c4-488a-a187-5db699984bb5"}}
{"__type":"$$EventMessageConfirm","confirm":"28f95c56-a56d-409a-9478-9aa318df934f","ts":"2025-12-06T18:43:16.014-05:00","source":{"id":"0","name":"eventBus"}}
{"__type":"$$EventMessageNode","id":"6ee7f9ee-8807-4fd5-9bf9-051f94165359","ts":"2025-12-06T18:43:16.014-05:00","eventName":"n8n.node.started","message":"n8n.node.started","payload":{"workflowId":"8y5ALZTU2BvkIrm4","workflowName":"General","executionId":"43","nodeType":"n8n-nodes-base.code","nodeName":"🧩 Parse Amadeus Hotels","nodeId":"47677723-da63-41ea-8c58-4cff95258258"}}
{"__type":"$$EventMessageConfirm","confirm":"6ee7f9ee-8807-4fd5-9bf9-051f94165359","ts":"2025-12-06T18:43:16.014-05:00","source":{"id":"0","name":"eventBus"}}
{"__type":"$$EventMessageNode","id":"02983b57-9e57-4478-9363-9435d9bd6afd","ts":"2025-12-06T18:43:16.058-05:00","eventName":"n8n.node.finished","message":"n8n.node.finished","payload":{"workflowId":"8y5ALZTU2BvkIrm4","workflowName":"General","executionId":"43","nodeType":"n8n-nodes-base.code","nodeName":"🧩 Parse Amadeus Hotels","nodeId":"47677723-da63-41ea-8c58-4cff95258258"}}
{"__type":"$$EventMessageConfirm","confirm":"02983b57-9e57-4478-9363-9435d9bd6afd","ts":"2025-12-06T18:43:16.058-05:00","source":{"id":"0","name":"eventBus"}}
{"__type":"$$EventMessageNode","id":"097f2b01-8bd7-4602-8b99-e4df1aeb15c6","ts":"2025-12-06T18:43:16.060-05:00","eventName":"n8n.node.started","message":"n8n.node.started","payload":{"workflowId":"8y5ALZTU2BvkIrm4","workflowName":"General","executionId":"43","nodeType":"n8n-nodes-base.code","nodeName":"Code in JavaScript","nodeId":"9ad265ae-5dcc-402a-9191-c6e7792d671f"}}
{"__type":"$$EventMessageConfirm","confirm":"097f2b01-8bd7-4602-8b99-e4df1aeb15c6","ts":"2025-12-06T18:43:16.061-05:00","source":{"id":"0","name":"eventBus"}}
{"__type":"$$EventMessageNode","id":"0b38266a-22c8-4a12-8b6a-fcb66538941c","ts":"2025-12-06T18:43:16.071-05:00","eventName":"n8n.node.finished","message":"n8n.node.finished","payload":{"workflowId":"8y5ALZTU2BvkIrm4","workflowName":"General","executionId":"43","nodeType":"n8n-nodes-base.code","nodeName":"Code in JavaScript","nodeId":"9ad265ae-5dcc-402a-9191-c6e7792d671f"}}
{"__type":"$$EventMessageConfirm","confirm":"0b38266a-22c8-4a12-8b6a-fcb66538941c","ts":"2025-12-06T18:43:16.071-05:00","source":{"id":"0","name":"eventBus"}}
{"__type":"$$EventMessageNode","id":"681477fa-b15a-4ba1-90a5-8be820687026","ts":"2025-12-06T18:43:16.072-05:00","eventName":"n8n.node.started","message":"n8n.node.started","payload":{"workflowId":"8y5ALZTU2BvkIrm4","workflowName":"General","executionId":"43","nodeType":"n8n-nodes-base.function","nodeName":"💡 Generate Travel Recommendations","nodeId":"300dd062-67fe-4694-b4db-81170145ca24"}}
{"__type":"$$EventMessageConfirm","confirm":"681477fa-b15a-4ba1-90a5-8be820687026","ts":"2025-12-06T18:43:16.072-05:00","source":{"id":"0","name":"eventBus"}}
{"__type":"$$EventMessageNode","id":"f1f84c6c-2389-4a18-be7e-97367aaf4c4f","ts":"2025-12-06T18:43:16.083-05:00","eventName":"n8n.node.finished","message":"n8n.node.finished","payload":{"workflowId":"8y5ALZTU2BvkIrm4","workflowName":"General","executionId":"43","nodeType":"n8n-nodes-base.function","nodeName":"💡 Generate Travel Recommendations","nodeId":"300dd062-67fe-4694-b4db-81170145ca24"}}
{"__type":"$$EventMessageConfirm","confirm":"f1f84c6c-2389-4a18-be7e-97367aaf4c4f","ts":"2025-12-06T18:43:16.084-05:00","source":{"id":"0","name":"eventBus"}}
{"__type":"$$EventMessageNode","id":"0c6264b7-7cd2-419c-ac37-dd1c836b3b89","ts":"2025-12-06T18:43:16.084-05:00","eventName":"n8n.node.started","message":"n8n.node.started","payload":{"workflowId":"8y5ALZTU2BvkIrm4","workflowName":"General","executionId":"43","nodeType":"n8n-nodes-base.supabase","nodeName":"💾 Supabase Storage","nodeId":"5decf8b0-d187-4260-9cad-7841d180e7bb"}}
{"__type":"$$EventMessageConfirm","confirm":"0c6264b7-7cd2-419c-ac37-dd1c836b3b89","ts":"2025-12-06T18:43:16.084-05:00","source":{"id":"0","name":"eventBus"}}
{"__type":"$$EventMessageWorkflow","id":"2ed87cc1-aa58-487f-987b-39a25b0583b2","ts":"2025-12-06T18:43:16.106-05:00","eventName":"n8n.workflow.started","message":"n8n.workflow.started","payload":{"executionId":"52","workflowId":"8y5ALZTU2BvkIrm4","isManual":false,"workflowName":"General"}}
{"__type":"$$EventMessageConfirm","confirm":"2ed87cc1-aa58-487f-987b-39a25b0583b2","ts":"2025-12-06T18:43:16.106-05:00","source":{"id":"0","name":"eventBus"}}
{"__type":"$$EventMessageNode","id":"5a2646ef-25a1-4a10-8050-07f16f975737","ts":"2025-12-06T18:43:16.107-05:00","eventName":"n8n.node.started","message":"n8n.node.started","payload":{"workflowId":"8y5ALZTU2BvkIrm4","workflowName":"General","executionId":"52","nodeType":"n8n-nodes-base.webhook","nodeName":"📱 Streamlit Webhook","nodeId":"ae8059ee-5c26-4af5-83ea-0b147821a989"}}
{"__type":"$$EventMessageConfirm","confirm":"5a2646ef-25a1-4a10-8050-07f16f975737","ts":"2025-12-06T18:43:16.107-05:00","source":{"id":"0","name":"eventBus"}}
{"__type":"$$EventMessageNode","id":"a4a81d24-1f23-48a8-b0cb-1a634d49fac2","ts":"2025-12-06T18:43:16.107-05:00","eventName":"n8n.node.finished","message":"n8n.node.finished","payload":{"workflowId":"8y5ALZTU2BvkIrm4","workflowName":"General","executionId":"52","nodeType":"n8n-nodes-base.webhook","nodeName":"📱 Streamlit Webhook","nodeId":"ae8059ee-5c26-4af5-83ea-0b147821a989"}}
{"__type":"$$EventMessageConfirm","confirm":"a4a81d24-1f23-48a8-b0cb-1a634d49fac2","ts":"2025-12-06T18:43:16.107-05:00","source":{"id":"0","name":"eventBus"}}
{"__type":"$$EventMessageNode","id":"c913b6de-94da-42a7-bb85-1810bbf87d2a","ts":"2025-12-06T18:43:16.107-05:00","eventName":"n8n.node.started","message":"n8n.node.started","payload":{"workflowId":"8y5ALZTU2BvkIrm4","workflowName":"General","executionId":"52","nodeType":"n8n-nodes-base.function","nodeName":"Process Travel Data","nodeId":"02497c10-01cd-4448-8373-576a8cdff0cf"}}
{"__type":"$$EventMessageConfirm","confirm":"c913b6de-94da-42a7-bb85-1810bbf87d2a","ts":"2025-12-06T18:43:16.107-05:00","source":{"id":"0","name":"eventBus"}}
{"__type":"$$EventMessageNode","id":"3d0bee96-d130-489f-934f-d2b6cd55665b","ts":"2025-12-06T18:43:16.114-05:00","eventName":"n8n.node.finished","message":"n8n.node.finished","payload":{"workflowId":"8y5ALZTU2BvkIrm4","workflowName":"General","executionId":"52","nodeType":"n8n-nodes-base.function","nodeName":"Process Travel Data","nodeId":"02497c10-01cd-4448-8373-576a8cdff0cf"}}
{"__type":"$$EventMessageConfirm","confirm":"3d0bee96-d130-489f-934f-d2b6cd55665b","ts":"2025-12-06T18:43:16.114-05:00","source":{"id":"0","name":"eventBus"}}
{"__type":"$$EventMessageNode","id":"d7eedfc5-4b65-47c6-bf31-1b95c3d5ed43","ts":"2025-12-06T18:43:16.115-05:00","eventName":"n8n.node.started","message":"n8n.node.started","payload":{"workflowId":"8y5ALZTU2BvkIrm4","workflowName":"General","executionId":"52","nodeType":"n8n-nodes-base.httpRequest","nodeName":"✈️ Skyscanner Flights","nodeId":"6d1d14dd-30a6-4993-a0b8-2e926b5e6f7d"}}
{"__type":"$$EventMessageConfirm","confirm":"d7eedfc5-4b65-47c6-bf31-1b95c3d5ed43","ts":"2025-12-06T18:43:16.115-05:00","source":{"id":"0","name":"eventBus"}}
{"__type":"$$EventMessageNode","id":"3c2054f9-2003-4b13-8b0b-bee6487f91ba","ts":"2025-12-06T18:43:16.164-05:00","eventName":"n8n.node.finished","message":"n8n.node.finished","payload":{"workflowId":"8y5ALZTU2BvkIrm4","workflowName":"General","executionId":"45","nodeType":"n8n-nodes-base.httpRequest","nodeName":"🏨 Amadeus Hotels Search","nodeId":"335375c3-b2c4-488a-a187-5db699984bb5"}}
{"__type":"$$EventMessageConfirm","confirm":"3c2054f9-2003-4b13-8b0b-bee6487f91ba","ts":"2025-12-06T18:43:16.164-05:00","source":{"id":"0","name":"eventBus"}}
{"__type":"$$EventMessageNode","id":"10c5f1ba-b71d-4c09-ad3f-2f6744947a49","ts":"2025-12-06T18:43:16.164-05:00","eventName":"n8n.node.started","message":"n8n.node.started","payload":{"workflowId":"8y5ALZTU2BvkIrm4","workflowName":"General","executionId":"45","nodeType":"n8n-nodes-base.code","nodeName":"🧩 Parse Amadeus Hotels","nodeId":"47677723-da63-41ea-8c58-4cff95258258"}}
{"__type":"$$EventMessageConfirm","confirm":"10c5f1ba-b71d-4c09-ad3f-2f6744947a49","ts":"2025-12-06T18:43:16.164-05:00","source":{"id":"0","name":"eventBus"}}
{"__type":"$$EventMessageNode","id":"ebbcebb7-66ee-404e-92b3-8d6d53da6453","ts":"2025-12-06T18:43:16.196-05:00","eventName":"n8n.node.finished","message":"n8n.node.finished","payload":{"workflowId":"8y5ALZTU2BvkIrm4","workflowName":"General","executionId":"45","nodeType":"n8n-nodes-base.code","nodeName":"🧩 Parse Amadeus Hotels","nodeId":"47677723-da63-41ea-8c58-4cff95258258"}}
{"__type":"$$EventMessageConfirm","confirm":"ebbcebb7-66ee-404e-92b3-8d6d53da6453","ts":"2025-12-06T18:43:16.196-05:00","source":{"id":"0","name":"eventBus"}}
{"__type":"$$EventMessageNode","id":"67551770-e381-4a51-ba40-f936fffc576e","ts":"2025-12-06T18:43:16.198-05:00","eventName":"n8n.node.started","message":"n8n.node.started","payload":{"workflowId":"8y5ALZTU2BvkIrm4","workflowName":"General","executionId":"45","nodeType":"n8n-nodes-base.code","nodeName":"Code in JavaScript","nodeId":"9ad265ae-5dcc-402a-9191-c6e7792d671f"}}
{"__type":"$$EventMessageConfirm","confirm":"67551770-e381-4a51-ba40-f936fffc576e","ts":"2025-12-06T18:43:16.198-05:00","source":{"id":"0","name":"eventBus"}}
{"__type":"$$EventMessageNode","id":"c7df30d5-b971-46b4-a964-7d2ee03d0b92","ts":"2025-12-06T18:43:16.205-05:00","eventName":"n8n.node.finished","message":"n8n.node.finished","payload":{"workflowId":"8y5ALZTU2BvkIrm4","workflowName":"General","executionId":"45","nodeType":"n8n-nodes-base.code","nodeName":"Code in JavaScript","nodeId":"9ad265ae-5dcc-402a-9191-c6e7792d671f"}}
{"__type":"$$EventMessageConfirm","confirm":"c7df30d5-b971-46b4-a964-7d2ee03d0b92","ts":"2025-12-06T18:43:16.205-05:00","source":{"id":"0","name":"eventBus"}}
{"__type":"$$EventMessageNode","id":"63276f07-0a18-4e58-9c7f-22efb2376f6b","ts":"2025-12-06T18:43:16.206-05:00","eventName":"n8n.node.started","message":"n8n.node.started","payload":{"workflowId":"8y5ALZTU2BvkIrm4","workflowName":"General","executionId":"45","nodeType":"n8n-nodes-base.function","nodeName":"💡 Generate Travel Recommendations","nodeId":"300dd062-67fe-4694-b4db-81170145ca24"}}
{"__type":"$$EventMessageConfirm","confirm":"63276f07-0a18-4e58-9c7f-22efb2376f6b","ts":"2025-12-06T18:43:16.206-05:00","source":{"id":"0","name":"eventBus"}}
{"__type":"$$EventMessageNode","id":"7da5c7de-c9ca-4bc7-8b6b-79e7b975676f","ts":"2025-12-06T18:43:16.215-05:00","eventName":"n8n.node.finished","message":"n8n.node.finished","payload":{"workflowId":"8y5ALZTU2BvkIrm4","workflowName":"General","executionId":"45","nodeType":"n8n-nodes-base.function","nodeName":"💡 Generate Travel Recommendations","nodeId":"300dd062-67fe-4694-b4db-81170145ca24"}}
{"__type":"$$EventMessageConfirm","confirm":"7da5c7de-c9ca-4bc7-8b6b-79e7b975676f","ts":"2025-12-06T18:43:16.215-05:00","source":{"id":"0","name":"eventBus"}}
{"__type":"$$EventMessageNode","id":"97c001c3-4fc2-4251-99ea-33d21b6dc8f1","ts":"2025-12-06T18:43:16.215-05:00","eventName":"n8n.node.started","message":"n8n.node.started","payload":{"workflowId":"8y5ALZTU2BvkIrm4","workflowName":"General","executionId":"45","nodeType":"n8n-nodes-base.supabase","nodeName":"💾 Supabase Storage","nodeId":"5decf8b0-d187-4260-9cad-7841d180e7bb"}}
{"__type":"$$EventMessageConfirm","confirm":"97c001c3-4fc2-4251-99ea-33d21b6dc8f1","ts":"2025-12-06T18:43:16.215-05:00","source":{"id":"0","name":"eventBus"}}
{"__type":"$$EventMessageNode","id":"f60c36e6-1a16-4894-8e75-c254465c6e9e","ts":"2025-12-06T18:43:16.257-05:00","eventName":"n8n.node.finished","message":"n8n.node.finished","payload":{"workflowId":"8y5ALZTU2BvkIrm4","workflowName":"General","executionId":"44","nodeType":"n8n-nodes-base.httpRequest","nodeName":"🏨 Amadeus Hotels Search","nodeId":"335375c3-b2c4-488a-a187-5db699984bb5"}}
{"__type":"$$EventMessageConfirm","confirm":"f60c36e6-1a16-4894-8e75-c254465c6e9e","ts":"2025-12-06T18:43:16.257-05:00","source":{"id":"0","name":"eventBus"}}
{"__type":"$$EventMessageWorkflow","id":"02fc2aac-fc85-42f5-987b-f9fd11f178df","ts":"2025-12-06T18:43:16.257-05:00","eventName":"n8n.workflow.failed","message":"n8n.workflow.failed","payload":{"executionId":"44","success":false,"isManual":false,"workflowId":"8y5ALZTU2BvkIrm4","workflowName":"General","lastNodeExecuted":"🏨 Amadeus Hotels Search","errorNodeType":"n8n-nodes-base.httpRequest","errorMessage":"Bad request - please check your parameters"}}
{"__type":"$$EventMessageConfirm","confirm":"02fc2aac-fc85-42f5-987b-f9fd11f178df","ts":"2025-12-06T18:43:16.257-05:00","source":{"id":"0","name":"eventBus"}}
{"__type":"$$EventMessageNode","id":"fb455e9d-ff77-41c8-9acd-3ff13039fe9f","ts":"2025-12-06T18:43:16.367-05:00","eventName":"n8n.node.finished","message":"n8n.node.finished","payload":{"workflowId":"8y5ALZTU2BvkIrm4","workflowName":"General","executionId":"46","nodeType":"n8n-nodes-base.httpRequest","nodeName":"🏨 Amadeus Hotels Search","nodeId":"335375c3-b2c4-488a-a187-5db699984bb5"}}
{"__type":"$$EventMessageConfirm","confirm":"fb455e9d-ff77-41c8-9acd-3ff13039fe9f","ts":"2025-12-06T18:43:16.367-05:00","source":{"id":"0","name":"eventBus"}}
{"__type":"$$EventMessageNode","id":"72be0d9f-f3a9-4dca-94ad-6bd88bbf8d61","ts":"2025-12-06T18:43:16.367-05:00","eventName":"n8n.node.started","message":"n8n.node.started","payload":{"workflowId":"8y5ALZTU2BvkIrm4","workflowName":"General","executionId":"46","nodeType":"n8n-nodes-base.code","nodeName":"🧩 Parse Amadeus Hotels","nodeId":"47677723-da63-41ea-8c58-4cff95258258"}}
{"__type":"$$EventMessageConfirm","confirm":"72be0d9f-f3a9-4dca-94ad-6bd88bbf8d61","ts":"2025-12-06T18:43:16.367-05:00","source":{"id":"0","name":"eventBus"}}
{"__type":"$$EventMessageNode","id":"9fc8e290-708c-4b1f-b15e-4bdaa1deea52","ts":"2025-12-06T18:43:16.395-05:00","eventName":"n8n.node.finished","message":"n8n.node.finished","payload":{"workflowId":"8y5ALZTU2BvkIrm4","workflowName":"General","executionId":"46","nodeType":"n8n-nodes-base.code","nodeName":"🧩 Parse Amadeus Hotels","nodeId":"47677723-da63-41ea-8c58-4cff95258258"}}
{"__type":"$$EventMessageConfirm","confirm":"9fc8e290-708c-4b1f-b15e-4bdaa1deea52","ts":"2025-12-06T18:43:16.395-05:00","source":{"id":"0","name":"eventBus"}}
{"__type":"$$EventMessageNode","id":"5bb7854c-bedb-44f5-8e11-6d6d6f1e22a8","ts":"2025-12-06T18:43:16.397-05:00","eventName":"n8n.node.started","message":"n8n.node.started","payload":{"workflowId":"8y5ALZTU2BvkIrm4","workflowName":"General","executionId":"46","nodeType":"n8n-nodes-base.code","nodeName":"Code in JavaScript","nodeId":"9ad265ae-5dcc-402a-9191-c6e7792d671f"}}
{"__type":"$$EventMessageConfirm","confirm":"5bb7854c-bedb-44f5-8e11-6d6d6f1e22a8","ts":"2025-12-06T18:43:16.398-05:00","source":{"id":"0","name":"eventBus"}}
{"__type":"$$EventMessageNode","id":"3cb77230-2f4f-4969-967f-37029fc5145b","ts":"2025-12-06T18:43:16.406-05:00","eventName":"n8n.node.finished","message":"n8n.node.finished","payload":{"workflowId":"8y5ALZTU2BvkIrm4","workflowName":"General","executionId":"46","nodeType":"n8n-nodes-base.code","nodeName":"Code in JavaScript","nodeId":"9ad265ae-5dcc-402a-9191-c6e7792d671f"}}
{"__type":"$$EventMessageConfirm","confirm":"3cb77230-2f4f-4969-967f-37029fc5145b","ts":"2025-12-06T18:43:16.406-05:00","source":{"id":"0","name":"eventBus"}}
{"__type":"$$EventMessageNode","id":"6b2ed63a-a482-41d0-8432-86f24d692a96","ts":"2025-12-06T18:43:16.406-05:00","eventName":"n8n.node.started","message":"n8n.node.started","payload":{"workflowId":"8y5ALZTU2BvkIrm4","workflowName":"General","executionId":"46","nodeType":"n8n-nodes-base.function","nodeName":"💡 Generate Travel Recommendations","nodeId":"300dd062-67fe-4694-b4db-81170145ca24"}}
{"__type":"$$EventMessageConfirm","confirm":"6b2ed63a-a482-41d0-8432-86f24d692a96","ts":"2025-12-06T18:43:16.406-05:00","source":{"id":"0","name":"eventBus"}}
{"__type":"$$EventMessageNode","id":"3936132b-e5ea-4b8b-a70f-a876903a4267","ts":"2025-12-06T18:43:16.416-05:00","eventName":"n8n.node.finished","message":"n8n.node.finished","payload":{"workflowId":"8y5ALZTU2BvkIrm4","workflowName":"General","executionId":"46","nodeType":"n8n-nodes-base.function","nodeName":"💡 Generate Travel Recommendations","nodeId":"300dd062-67fe-4694-b4db-81170145ca24"}}
{"__type":"$$EventMessageConfirm","confirm":"3936132b-e5ea-4b8b-a70f-a876903a4267","ts":"2025-12-06T18:43:16.416-05:00","source":{"id":"0","name":"eventBus"}}
{"__type":"$$EventMessageNode","id":"41c50ffa-11ca-4e0e-8d92-c29d8da11e35","ts":"2025-12-06T18:43:16.417-05:00","eventName":"n8n.node.started","message":"n8n.node.started","payload":{"workflowId":"8y5ALZTU2BvkIrm4","workflowName":"General","executionId":"46","nodeType":"n8n-nodes-base.supabase","nodeName":"💾 Supabase Storage","nodeId":"5decf8b0-d187-4260-9cad-7841d180e7bb"}}
{"__type":"$$EventMessageConfirm","confirm":"41c50ffa-11ca-4e0e-8d92-c29d8da11e35","ts":"2025-12-06T18:43:16.417-05:00","source":{"id":"0","name":"eventBus"}}
{"__type":"$$EventMessageWorkflow","id":"2ab5b3df-9a64-4655-894b-4f6f0882144b","ts":"2025-12-06T18:43:16.435-05:00","eventName":"n8n.workflow.started","message":"n8n.workflow.started","payload":{"executionId":"53","workflowId":"8y5ALZTU2BvkIrm4","isManual":false,"workflowName":"General"}}
{"__type":"$$EventMessageConfirm","confirm":"2ab5b3df-9a64-4655-894b-4f6f0882144b","ts":"2025-12-06T18:43:16.436-05:00","source":{"id":"0","name":"eventBus"}}
{"__type":"$$EventMessageNode","id":"e948fc68-6f9f-41e9-bf3b-19b34a58ce79","ts":"2025-12-06T18:43:16.436-05:00","eventName":"n8n.node.started","message":"n8n.node.started","payload":{"workflowId":"8y5ALZTU2BvkIrm4","workflowName":"General","executionId":"53","nodeType":"n8n-nodes-base.webhook","nodeName":"📱 Streamlit Webhook","nodeId":"ae8059ee-5c26-4af5-83ea-0b147821a989"}}
{"__type":"$$EventMessageConfirm","confirm":"e948fc68-6f9f-41e9-bf3b-19b34a58ce79","ts":"2025-12-06T18:43:16.436-05:00","source":{"id":"0","name":"eventBus"}}
{"__type":"$$EventMessageNode","id":"31a0ba06-c202-4b4d-86da-7e269498c409","ts":"2025-12-06T18:43:16.436-05:00","eventName":"n8n.node.finished","message":"n8n.node.finished","payload":{"workflowId":"8y5ALZTU2BvkIrm4","workflowName":"General","executionId":"53","nodeType":"n8n-nodes-base.webhook","nodeName":"📱 Streamlit Webhook","nodeId":"ae8059ee-5c26-4af5-83ea-0b147821a989"}}
{"__type":"$$EventMessageConfirm","confirm":"31a0ba06-c202-4b4d-86da-7e269498c409","ts":"2025-12-06T18:43:16.436-05:00","source":{"id":"0","name":"eventBus"}}
{"__type":"$$EventMessageNode","id":"6a6cae34-a06a-4381-b119-c8951e605cb3","ts":"2025-12-06T18:43:16.436-05:00","eventName":"n8n.node.started","message":"n8n.node.started","payload":{"workflowId":"8y5ALZTU2BvkIrm4","workflowName":"General","executionId":"53","nodeType":"n8n-nodes-base.function","nodeName":"Process Travel Data","nodeId":"02497c10-01cd-4448-8373-576a8cdff0cf"}}
{"__type":"$$EventMessageConfirm","confirm":"6a6cae34-a06a-4381-b119-c8951e605cb3","ts":"2025-12-06T18:43:16.436-05:00","source":{"id":"0","name":"eventBus"}}
{"__type":"$$EventMessageNode","id":"c105985a-229a-4c11-911c-cd90454cf970","ts":"2025-12-06T18:43:16.441-05:00","eventName":"n8n.node.finished","message":"n8n.node.finished","payload":{"workflowId":"8y5ALZTU2BvkIrm4","workflowName":"General","executionId":"53","nodeType":"n8n-nodes-base.function","nodeName":"Process Travel Data","nodeId":"02497c10-01cd-4448-8373-576a8cdff0cf"}}
{"__type":"$$EventMessageConfirm","confirm":"c105985a-229a-4c11-911c-cd90454cf970","ts":"2025-12-06T18:43:16.441-05:00","source":{"id":"0","name":"eventBus"}}
{"__type":"$$EventMessageNode","id":"0f4782be-f0a9-466e-85e9-87df78974dfa","ts":"2025-12-06T18:43:16.442-05:00","eventName":"n8n.node.started","message":"n8n.node.started","payload":{"workflowId":"8y5ALZTU2BvkIrm4","workflowName":"General","executionId":"53","nodeType":"n8n-nodes-base.httpRequest","nodeName":"✈️ Skyscanner Flights","nodeId":"6d1d14dd-30a6-4993-a0b8-2e926b5e6f7d"}}
{"__type":"$$EventMessageConfirm","confirm":"0f4782be-f0a9-466e-85e9-87df78974dfa","ts":"2025-12-06T18:43:16.442-05:00","source":{"id":"0","name":"eventBus"}}
{"__type":"$$EventMessageWorkflow","id":"a5589aa6-1454-49d6-a45a-060e3adb5f35","ts":"2025-12-06T18:43:16.593-05:00","eventName":"n8n.workflow.started","message":"n8n.workflow.started","payload":{"executionId":"54","workflowId":"8y5ALZTU2BvkIrm4","isManual":false,"workflowName":"General"}}
{"__type":"$$EventMessageConfirm","confirm":"a5589aa6-1454-49d6-a45a-060e3adb5f35","ts":"2025-12-06T18:43:16.593-05:00","source":{"id":"0","name":"eventBus"}}
{"__type":"$$EventMessageNode","id":"f43ee9ff-fcf8-44e9-88bc-b59765596020","ts":"2025-12-06T18:43:16.593-05:00","eventName":"n8n.node.started","message":"n8n.node.started","payload":{"workflowId":"8y5ALZTU2BvkIrm4","workflowName":"General","executionId":"54","nodeType":"n8n-nodes-base.webhook","nodeName":"📱 Streamlit Webhook","nodeId":"ae8059ee-5c26-4af5-83ea-0b147821a989"}}
{"__type":"$$EventMessageConfirm","confirm":"f43ee9ff-fcf8-44e9-88bc-b59765596020","ts":"2025-12-06T18:43:16.593-05:00","source":{"id":"0","name":"eventBus"}}
{"__type":"$$EventMessageNode","id":"4e2b4587-88bf-4293-9923-122fcf36d489","ts":"2025-12-06T18:43:16.593-05:00","eventName":"n8n.node.finished","message":"n8n.node.finished","payload":{"workflowId":"8y5ALZTU2BvkIrm4","workflowName":"General","executionId":"54","nodeType":"n8n-nodes-base.webhook","nodeName":"📱 Streamlit Webhook","nodeId":"ae8059ee-5c26-4af5-83ea-0b147821a989"}}
{"__type":"$$EventMessageConfirm","confirm":"4e2b4587-88bf-4293-9923-122fcf36d489","ts":"2025-12-06T18:43:16.593-05:00","source":{"id":"0","name":"eventBus"}}
{"__type":"$$EventMessageNode","id":"fa004c37-383f-4bb8-a1c1-45144f4dead3","ts":"2025-12-06T18:43:16.593-05:00","eventName":"n8n.node.started","message":"n8n.node.started","payload":{"workflowId":"8y5ALZTU2BvkIrm4","workflowName":"General","executionId":"54","nodeType":"n8n-nodes-base.function","nodeName":"Process Travel Data","nodeId":"02497c10-01cd-4448-8373-576a8cdff0cf"}}
{"__type":"$$EventMessageConfirm","confirm":"fa004c37-383f-4bb8-a1c1-45144f4dead3","ts":"2025-12-06T18:43:16.593-05:00","source":{"id":"0","name":"eventBus"}}
{"__type":"$$EventMessageNode","id":"6d6af1cd-20d4-4c50-ab89-9c4ec6be1f61","ts":"2025-12-06T18:43:16.599-05:00","eventName":"n8n.node.finished","message":"n8n.node.finished","payload":{"workflowId":"8y5ALZTU2BvkIrm4","workflowName":"General","executionId":"54","nodeType":"n8n-nodes-base.function","nodeName":"Process Travel Data","nodeId":"02497c10-01cd-4448-8373-576a8cdff0cf"}}
{"__type":"$$EventMessageConfirm","confirm":"6d6af1cd-20d4-4c50-ab89-9c4ec6be1f61","ts":"2025-12-06T18:43:16.599-05:00","source":{"id":"0","name":"eventBus"}}
{"__type":"$$EventMessageNode","id":"870fdbc1-eb39-4d78-82c0-a34fd7fb8f8f","ts":"2025-12-06T18:43:16.599-05:00","eventName":"n8n.node.started","message":"n8n.node.started","payload":{"workflowId":"8y5ALZTU2BvkIrm4","workflowName":"General","executionId":"54","nodeType":"n8n-nodes-base.httpRequest","nodeName":"✈️ Skyscanner Flights","nodeId":"6d1d14dd-30a6-4993-a0b8-2e926b5e6f7d"}}
{"__type":"$$EventMessageConfirm","confirm":"870fdbc1-eb39-4d78-82c0-a34fd7fb8f8f","ts":"2025-12-06T18:43:16.599-05:00","source":{"id":"0","name":"eventBus"}}
{"__type":"$$EventMessageNode","id":"188de30b-9718-45bf-9316-dbea292584f8","ts":"2025-12-06T18:43:16.868-05:00","eventName":"n8n.node.finished","message":"n8n.node.finished","payload":{"workflowId":"8y5ALZTU2BvkIrm4","workflowName":"General","executionId":"45","nodeType":"n8n-nodes-base.supabase","nodeName":"💾 Supabase Storage","nodeId":"5decf8b0-d187-4260-9cad-7841d180e7bb"}}
{"__type":"$$EventMessageConfirm","confirm":"188de30b-9718-45bf-9316-dbea292584f8","ts":"2025-12-06T18:43:16.868-05:00","source":{"id":"0","name":"eventBus"}}
{"__type":"$$EventMessageNode","id":"c32be6e4-c96d-4898-bd02-f28119b24a6a","ts":"2025-12-06T18:43:16.869-05:00","eventName":"n8n.node.started","message":"n8n.node.started","payload":{"workflowId":"8y5ALZTU2BvkIrm4","workflowName":"General","executionId":"45","nodeType":"n8n-nodes-base.code","nodeName":"Code in JavaScript1","nodeId":"fa6afa75-0195-4c00-9736-9fa0dfb030c1"}}
{"__type":"$$EventMessageConfirm","confirm":"c32be6e4-c96d-4898-bd02-f28119b24a6a","ts":"2025-12-06T18:43:16.869-05:00","source":{"id":"0","name":"eventBus"}}
{"__type":"$$EventMessageNode","id":"4d97b256-0425-4a68-acf5-26484f694937","ts":"2025-12-06T18:43:16.875-05:00","eventName":"n8n.node.finished","message":"n8n.node.finished","payload":{"workflowId":"8y5ALZTU2BvkIrm4","workflowName":"General","executionId":"45","nodeType":"n8n-nodes-base.code","nodeName":"Code in JavaScript1","nodeId":"fa6afa75-0195-4c00-9736-9fa0dfb030c1"}}
{"__type":"$$EventMessageConfirm","confirm":"4d97b256-0425-4a68-acf5-26484f694937","ts":"2025-12-06T18:43:16.875-05:00","source":{"id":"0","name":"eventBus"}}
{"__type":"$$EventMessageNode","id":"a2985e73-c929-4e93-92d8-06f503320948","ts":"2025-12-06T18:43:16.876-05:00","eventName":"n8n.node.started","message":"n8n.node.started","payload":{"workflowId":"8y5ALZTU2BvkIrm4","workflowName":"General","executionId":"45","nodeType":"n8n-nodes-base.if","nodeName":"🎯 Check Great Deal","nodeId":"2d5f8692-815e-4325-a900-48f6502f5fc0"}}
{"__type":"$$EventMessageConfirm","confirm":"a2985e73-c929-4e93-92d8-06f503320948","ts":"2025-12-06T18:43:16.876-05:00","source":{"id":"0","name":"eventBus"}}
{"__type":"$$EventMessageNode","id":"a5eeaae2-d604-4111-ab8c-8aae5cc9c66d","ts":"2025-12-06T18:43:16.876-05:00","eventName":"n8n.node.finished","message":"n8n.node.finished","payload":{"workflowId":"8y5ALZTU2BvkIrm4","workflowName":"General","executionId":"45","nodeType":"n8n-nodes-base.if","nodeName":"🎯 Check Great Deal","nodeId":"2d5f8692-815e-4325-a900-48f6502f5fc0"}}
{"__type":"$$EventMessageConfirm","confirm":"a5eeaae2-d604-4111-ab8c-8aae5cc9c66d","ts":"2025-12-06T18:43:16.876-05:00","source":{"id":"0","name":"eventBus"}}
{"__type":"$$EventMessageNode","id":"0380f6d7-6eaf-4aa3-b2d3-ed8666cd456a","ts":"2025-12-06T18:43:16.876-05:00","eventName":"n8n.node.started","message":"n8n.node.started","payload":{"workflowId":"8y5ALZTU2BvkIrm4","workflowName":"General","executionId":"45","nodeType":"n8n-nodes-base.emailSend","nodeName":"Enviar Correo1","nodeId":"cae987c6-c9aa-4be8-abd1-aa4d4e16b230"}}
{"__type":"$$EventMessageConfirm","confirm":"0380f6d7-6eaf-4aa3-b2d3-ed8666cd456a","ts":"2025-12-06T18:43:16.876-05:00","source":{"id":"0","name":"eventBus"}}
{"__type":"$$EventMessageNode","id":"237d8686-f924-4487-8aac-daa2536b5c1a","ts":"2025-12-06T18:43:16.879-05:00","eventName":"n8n.node.finished","message":"n8n.node.finished","payload":{"workflowId":"8y5ALZTU2BvkIrm4","workflowName":"General","executionId":"43","nodeType":"n8n-nodes-base.supabase","nodeName":"💾 Supabase Storage","nodeId":"5decf8b0-d187-4260-9cad-7841d180e7bb"}}
{"__type":"$$EventMessageConfirm","confirm":"237d8686-f924-4487-8aac-daa2536b5c1a","ts":"2025-12-06T18:43:16.879-05:00","source":{"id":"0","name":"eventBus"}}
{"__type":"$$EventMessageNode","id":"7861bbd0-ebda-47b3-98ff-b173f0965b55","ts":"2025-12-06T18:43:16.879-05:00","eventName":"n8n.node.started","message":"n8n.node.started","payload":{"workflowId":"8y5ALZTU2BvkIrm4","workflowName":"General","executionId":"43","nodeType":"n8n-nodes-base.code","nodeName":"Code in JavaScript1","nodeId":"fa6afa75-0195-4c00-9736-9fa0dfb030c1"}}
{"__type":"$$EventMessageConfirm","confirm":"7861bbd0-ebda-47b3-98ff-b173f0965b55","ts":"2025-12-06T18:43:16.879-05:00","source":{"id":"0","name":"eventBus"}}
{"__type":"$$EventMessageNode","id":"f7958c61-f808-4170-8183-975c5f1b8593","ts":"2025-12-06T18:43:16.890-05:00","eventName":"n8n.node.finished","message":"n8n.node.finished","payload":{"workflowId":"8y5ALZTU2BvkIrm4","workflowName":"General","executionId":"43","nodeType":"n8n-nodes-base.code","nodeName":"Code in JavaScript1","nodeId":"fa6afa75-0195-4c00-9736-9fa0dfb030c1"}}
{"__type":"$$EventMessageConfirm","confirm":"f7958c61-f808-4170-8183-975c5f1b8593","ts":"2025-12-06T18:43:16.890-05:00","source":{"id":"0","name":"eventBus"}}
{"__type":"$$EventMessageNode","id":"fc3318ee-54b9-48e0-abba-1d0526397e55","ts":"2025-12-06T18:43:16.891-05:00","eventName":"n8n.node.started","message":"n8n.node.started","payload":{"workflowId":"8y5ALZTU2BvkIrm4","workflowName":"General","executionId":"43","nodeType":"n8n-nodes-base.if","nodeName":"🎯 Check Great Deal","nodeId":"2d5f8692-815e-4325-a900-48f6502f5fc0"}}
{"__type":"$$EventMessageConfirm","confirm":"fc3318ee-54b9-48e0-abba-1d0526397e55","ts":"2025-12-06T18:43:16.892-05:00","source":{"id":"0","name":"eventBus"}}
{"__type":"$$EventMessageNode","id":"2bbc2727-ff70-4a20-8211-4ff4454c7c59","ts":"2025-12-06T18:43:16.892-05:00","eventName":"n8n.node.finished","message":"n8n.node.finished","payload":{"workflowId":"8y5ALZTU2BvkIrm4","workflowName":"General","executionId":"43","nodeType":"n8n-nodes-base.if","nodeName":"🎯 Check Great Deal","nodeId":"2d5f8692-815e-4325-a900-48f6502f5fc0"}}
{"__type":"$$EventMessageConfirm","confirm":"2bbc2727-ff70-4a20-8211-4ff4454c7c59","ts":"2025-12-06T18:43:16.893-05:00","source":{"id":"0","name":"eventBus"}}
{"__type":"$$EventMessageNode","id":"1d170d73-e013-4524-bb51-812f5c54a3d6","ts":"2025-12-06T18:43:16.893-05:00","eventName":"n8n.node.started","message":"n8n.node.started","payload":{"workflowId":"8y5ALZTU2BvkIrm4","workflowName":"General","executionId":"43","nodeType":"n8n-nodes-base.emailSend","nodeName":"Enviar Correo1","nodeId":"cae987c6-c9aa-4be8-abd1-aa4d4e16b230"}}
{"__type":"$$EventMessageConfirm","confirm":"1d170d73-e013-4524-bb51-812f5c54a3d6","ts":"2025-12-06T18:43:16.893-05:00","source":{"id":"0","name":"eventBus"}}
{"__type":"$$EventMessageNode","id":"1dc99e45-752f-4ba9-b64c-7a0d67169121","ts":"2025-12-06T18:43:17.049-05:00","eventName":"n8n.node.finished","message":"n8n.node.finished","payload":{"workflowId":"8y5ALZTU2BvkIrm4","workflowName":"General","executionId":"46","nodeType":"n8n-nodes-base.supabase","nodeName":"💾 Supabase Storage","nodeId":"5decf8b0-d187-4260-9cad-7841d180e7bb"}}
{"__type":"$$EventMessageConfirm","confirm":"1dc99e45-752f-4ba9-b64c-7a0d67169121","ts":"2025-12-06T18:43:17.049-05:00","source":{"id":"0","name":"eventBus"}}
{"__type":"$$EventMessageNode","id":"d1159739-2535-428b-bf81-30637e5580fc","ts":"2025-12-06T18:43:17.049-05:00","eventName":"n8n.node.started","message":"n8n.node.started","payload":{"workflowId":"8y5ALZTU2BvkIrm4","workflowName":"General","executionId":"46","nodeType":"n8n-nodes-base.code","nodeName":"Code in JavaScript1","nodeId":"fa6afa75-0195-4c00-9736-9fa0dfb030c1"}}
{"__type":"$$EventMessageConfirm","confirm":"d1159739-2535-428b-bf81-30637e5580fc","ts":"2025-12-06T18:43:17.049-05:00","source":{"id":"0","name":"eventBus"}}
{"__type":"$$EventMessageNode","id":"ae1d5c1d-f9e4-41c8-8a76-2a32bc8a561f","ts":"2025-12-06T18:43:17.055-05:00","eventName":"n8n.node.finished","message":"n8n.node.finished","payload":{"workflowId":"8y5ALZTU2BvkIrm4","workflowName":"General","executionId":"46","nodeType":"n8n-nodes-base.code","nodeName":"Code in JavaScript1","nodeId":"fa6afa75-0195-4c00-9736-9fa0dfb030c1"}}
{"__type":"$$EventMessageConfirm","confirm":"ae1d5c1d-f9e4-41c8-8a76-2a32bc8a561f","ts":"2025-12-06T18:43:17.055-05:00","source":{"id":"0","name":"eventBus"}}
{"__type":"$$EventMessageNode","id":"92308d85-78d5-4b26-b964-23b9b2bdf35d","ts":"2025-12-06T18:43:17.056-05:00","eventName":"n8n.node.started","message":"n8n.node.started","payload":{"workflowId":"8y5ALZTU2BvkIrm4","workflowName":"General","executionId":"46","nodeType":"n8n-nodes-base.if","nodeName":"🎯 Check Great Deal","nodeId":"2d5f8692-815e-4325-a900-48f6502f5fc0"}}
{"__type":"$$EventMessageConfirm","confirm":"92308d85-78d5-4b26-b964-23b9b2bdf35d","ts":"2025-12-06T18:43:17.056-05:00","source":{"id":"0","name":"eventBus"}}
{"__type":"$$EventMessageNode","id":"9ea09e09-3a2a-4a2a-99db-f804679db666","ts":"2025-12-06T18:43:17.057-05:00","eventName":"n8n.node.finished","message":"n8n.node.finished","payload":{"workflowId":"8y5ALZTU2BvkIrm4","workflowName":"General","executionId":"46","nodeType":"n8n-nodes-base.if","nodeName":"🎯 Check Great Deal","nodeId":"2d5f8692-815e-4325-a900-48f6502f5fc0"}}
{"__type":"$$EventMessageConfirm","confirm":"9ea09e09-3a2a-4a2a-99db-f804679db666","ts":"2025-12-06T18:43:17.057-05:00","source":{"id":"0","name":"eventBus"}}
{"__type":"$$EventMessageNode","id":"75d86679-81fb-48b4-878f-add648a76873","ts":"2025-12-06T18:43:17.057-05:00","eventName":"n8n.node.started","message":"n8n.node.started","payload":{"workflowId":"8y5ALZTU2BvkIrm4","workflowName":"General","executionId":"46","nodeType":"n8n-nodes-base.respondToWebhook","nodeName":"Respond to Webhook1","nodeId":"21d30c3a-21ce-476e-a3c4-2813894cc904"}}
{"__type":"$$EventMessageConfirm","confirm":"75d86679-81fb-48b4-878f-add648a76873","ts":"2025-12-06T18:43:17.058-05:00","source":{"id":"0","name":"eventBus"}}
{"__type":"$$EventMessageNode","id":"2a4ae42d-72a0-458b-ae61-b8e54dd47836","ts":"2025-12-06T18:43:17.059-05:00","eventName":"n8n.node.finished","message":"n8n.node.finished","payload":{"workflowId":"8y5ALZTU2BvkIrm4","workflowName":"General","executionId":"46","nodeType":"n8n-nodes-base.respondToWebhook","nodeName":"Respond to Webhook1","nodeId":"21d30c3a-21ce-476e-a3c4-2813894cc904"}}
{"__type":"$$EventMessageConfirm","confirm":"2a4ae42d-72a0-458b-ae61-b8e54dd47836","ts":"2025-12-06T18:43:17.059-05:00","source":{"id":"0","name":"eventBus"}}
{"__type":"$$EventMessageWorkflow","id":"b6781d7e-2b02-4bce-8a07-a1ba90fe6c6d","ts":"2025-12-06T18:43:17.059-05:00","eventName":"n8n.workflow.success","message":"n8n.workflow.success","payload":{"executionId":"46","success":true,"isManual":false,"workflowId":"8y5ALZTU2BvkIrm4","workflowName":"General"}}
{"__type":"$$EventMessageConfirm","confirm":"b6781d7e-2b02-4bce-8a07-a1ba90fe6c6d","ts":"2025-12-06T18:43:17.059-05:00","source":{"id":"0","name":"eventBus"}}
{"__type":"$$EventMessageNode","id":"b44b827e-ecf2-41c2-9dee-9956d0fa3886","ts":"2025-12-06T18:43:17.074-05:00","eventName":"n8n.node.finished","message":"n8n.node.finished","payload":{"workflowId":"8y5ALZTU2BvkIrm4","workflowName":"General","executionId":"48","nodeType":"n8n-nodes-base.httpRequest","nodeName":"✈️ Skyscanner Flights","nodeId":"6d1d14dd-30a6-4993-a0b8-2e926b5e6f7d"}}
{"__type":"$$EventMessageConfirm","confirm":"b44b827e-ecf2-41c2-9dee-9956d0fa3886","ts":"2025-12-06T18:43:17.075-05:00","source":{"id":"0","name":"eventBus"}}
{"__type":"$$EventMessageNode","id":"2e345df2-5c03-4a1a-a005-f0ce78797ea9","ts":"2025-12-06T18:43:17.075-05:00","eventName":"n8n.node.started","message":"n8n.node.started","payload":{"workflowId":"8y5ALZTU2BvkIrm4","workflowName":"General","executionId":"48","nodeType":"n8n-nodes-base.httpRequest","nodeName":"🗝️ Amadeus Auth Token","nodeId":"ddee2ef7-119f-4f23-8649-7285c81ad086"}}
{"__type":"$$EventMessageConfirm","confirm":"2e345df2-5c03-4a1a-a005-f0ce78797ea9","ts":"2025-12-06T18:43:17.075-05:00","source":{"id":"0","name":"eventBus"}}
{"__type":"$$EventMessageNode","id":"adef9973-63cd-42d2-bcae-c505b894054b","ts":"2025-12-06T18:43:17.191-05:00","eventName":"n8n.node.finished","message":"n8n.node.finished","payload":{"workflowId":"8y5ALZTU2BvkIrm4","workflowName":"General","executionId":"52","nodeType":"n8n-nodes-base.httpRequest","nodeName":"✈️ Skyscanner Flights","nodeId":"6d1d14dd-30a6-4993-a0b8-2e926b5e6f7d"}}
{"__type":"$$EventMessageConfirm","confirm":"adef9973-63cd-42d2-bcae-c505b894054b","ts":"2025-12-06T18:43:17.191-05:00","source":{"id":"0","name":"eventBus"}}
{"__type":"$$EventMessageNode","id":"cf53963f-8d88-481a-961a-e3223f74c463","ts":"2025-12-06T18:43:17.191-05:00","eventName":"n8n.node.started","message":"n8n.node.started","payload":{"workflowId":"8y5ALZTU2BvkIrm4","workflowName":"General","executionId":"52","nodeType":"n8n-nodes-base.httpRequest","nodeName":"🗝️ Amadeus Auth Token","nodeId":"ddee2ef7-119f-4f23-8649-7285c81ad086"}}
{"__type":"$$EventMessageConfirm","confirm":"cf53963f-8d88-481a-961a-e3223f74c463","ts":"2025-12-06T18:43:17.191-05:00","source":{"id":"0","name":"eventBus"}}
{"__type":"$$EventMessageNode","id":"dfc7986a-89e7-4fd6-927e-decdb5fc78ad","ts":"2025-12-06T18:43:17.195-05:00","eventName":"n8n.node.finished","message":"n8n.node.finished","payload":{"workflowId":"8y5ALZTU2BvkIrm4","workflowName":"General","executionId":"51","nodeType":"n8n-nodes-base.httpRequest","nodeName":"✈️ Skyscanner Flights","nodeId":"6d1d14dd-30a6-4993-a0b8-2e926b5e6f7d"}}
{"__type":"$$EventMessageConfirm","confirm":"dfc7986a-89e7-4fd6-927e-decdb5fc78ad","ts":"2025-12-06T18:43:17.196-05:00","source":{"id":"0","name":"eventBus"}}
{"__type":"$$EventMessageNode","id":"6ce843c4-a575-4f3a-b868-bbc47bff5972","ts":"2025-12-06T18:43:17.196-05:00","eventName":"n8n.node.started","message":"n8n.node.started","payload":{"workflowId":"8y5ALZTU2BvkIrm4","workflowName":"General","executionId":"51","nodeType":"n8n-nodes-base.httpRequest","nodeName":"🗝️ Amadeus Auth Token","nodeId":"ddee2ef7-119f-4f23-8649-7285c81ad086"}}
{"__type":"$$EventMessageConfirm","confirm":"6ce843c4-a575-4f3a-b868-bbc47bff5972","ts":"2025-12-06T18:43:17.196-05:00","source":{"id":"0","name":"eventBus"}}
{"__type":"$$EventMessageNode","id":"99ce2508-6b27-47dc-ae58-bb636002c237","ts":"2025-12-06T18:43:17.210-05:00","eventName":"n8n.node.finished","message":"n8n.node.finished","payload":{"workflowId":"8y5ALZTU2BvkIrm4","workflowName":"General","executionId":"50","nodeType":"n8n-nodes-base.httpRequest","nodeName":"✈️ Skyscanner Flights","nodeId":"6d1d14dd-30a6-4993-a0b8-2e926b5e6f7d"}}
{"__type":"$$EventMessageConfirm","confirm":"99ce2508-6b27-47dc-ae58-bb636002c237","ts":"2025-12-06T18:43:17.210-05:00","source":{"id":"0","name":"eventBus"}}
{"__type":"$$EventMessageNode","id":"1357de00-b47d-4023-aba3-842da0888c27","ts":"2025-12-06T18:43:17.211-05:00","eventName":"n8n.node.started","message":"n8n.node.started","payload":{"workflowId":"8y5ALZTU2BvkIrm4","workflowName":"General","executionId":"50","nodeType":"n8n-nodes-base.httpRequest","nodeName":"🗝️ Amadeus Auth Token","nodeId":"ddee2ef7-119f-4f23-8649-7285c81ad086"}}
{"__type":"$$EventMessageConfirm","confirm":"1357de00-b47d-4023-aba3-842da0888c27","ts":"2025-12-06T18:43:17.211-05:00","source":{"id":"0","name":"eventBus"}}
{"__type":"$$EventMessageWorkflow","id":"9e81dce5-dbf6-4546-ae05-40c91d9dbd34","ts":"2025-12-06T18:43:17.308-05:00","eventName":"n8n.workflow.started","message":"n8n.workflow.started","payload":{"executionId":"55","workflowId":"8y5ALZTU2BvkIrm4","isManual":false,"workflowName":"General"}}
{"__type":"$$EventMessageConfirm","confirm":"9e81dce5-dbf6-4546-ae05-40c91d9dbd34","ts":"2025-12-06T18:43:17.308-05:00","source":{"id":"0","name":"eventBus"}}
{"__type":"$$EventMessageNode","id":"f36269a7-c01b-45fa-ab2a-b0e479a01c77","ts":"2025-12-06T18:43:17.309-05:00","eventName":"n8n.node.started","message":"n8n.node.started","payload":{"workflowId":"8y5ALZTU2BvkIrm4","workflowName":"General","executionId":"55","nodeType":"n8n-nodes-base.webhook","nodeName":"📱 Streamlit Webhook","nodeId":"ae8059ee-5c26-4af5-83ea-0b147821a989"}}
{"__type":"$$EventMessageConfirm","confirm":"f36269a7-c01b-45fa-ab2a-b0e479a01c77","ts":"2025-12-06T18:43:17.309-05:00","source":{"id":"0","name":"eventBus"}}
{"__type":"$$EventMessageNode","id":"d4389f4f-252f-4f48-93c5-fadb0f5f4dd7","ts":"2025-12-06T18:43:17.309-05:00","eventName":"n8n.node.finished","message":"n8n.node.finished","payload":{"workflowId":"8y5ALZTU2BvkIrm4","workflowName":"General","executionId":"55","nodeType":"n8n-nodes-base.webhook","nodeName":"📱 Streamlit Webhook","nodeId":"ae8059ee-5c26-4af5-83ea-0b147821a989"}}
{"__type":"$$EventMessageConfirm","confirm":"d4389f4f-252f-4f48-93c5-fadb0f5f4dd7","ts":"2025-12-06T18:43:17.309-05:00","source":{"id":"0","name":"eventBus"}}
{"__type":"$$EventMessageNode","id":"6df12e4c-4589-4f4c-816d-a3c19e740fa3","ts":"2025-12-06T18:43:17.309-05:00","eventName":"n8n.node.started","message":"n8n.node.started","payload":{"workflowId":"8y5ALZTU2BvkIrm4","workflowName":"General","executionId":"55","nodeType":"n8n-nodes-base.function","nodeName":"Process Travel Data","nodeId":"02497c10-01cd-4448-8373-576a8cdff0cf"}}
{"__type":"$$EventMessageConfirm","confirm":"6df12e4c-4589-4f4c-816d-a3c19e740fa3","ts":"2025-12-06T18:43:17.309-05:00","source":{"id":"0","name":"eventBus"}}
{"__type":"$$EventMessageNode","id":"16e416b2-6915-4cbe-beb5-c9aadf20bf71","ts":"2025-12-06T18:43:17.315-05:00","eventName":"n8n.node.finished","message":"n8n.node.finished","payload":{"workflowId":"8y5ALZTU2BvkIrm4","workflowName":"General","executionId":"55","nodeType":"n8n-nodes-base.function","nodeName":"Process Travel Data","nodeId":"02497c10-01cd-4448-8373-576a8cdff0cf"}}
{"__type":"$$EventMessageConfirm","confirm":"16e416b2-6915-4cbe-beb5-c9aadf20bf71","ts":"2025-12-06T18:43:17.315-05:00","source":{"id":"0","name":"eventBus"}}
{"__type":"$$EventMessageNode","id":"de4f29f1-d5be-4a2f-9978-e6072149233c","ts":"2025-12-06T18:43:17.316-05:00","eventName":"n8n.node.started","message":"n8n.node.started","payload":{"workflowId":"8y5ALZTU2BvkIrm4","workflowName":"General","executionId":"55","nodeType":"n8n-nodes-base.httpRequest","nodeName":"✈️ Skyscanner Flights","nodeId":"6d1d14dd-30a6-4993-a0b8-2e926b5e6f7d"}}
{"__type":"$$EventMessageConfirm","confirm":"de4f29f1-d5be-4a2f-9978-e6072149233c","ts":"2025-12-06T18:43:17.316-05:00","source":{"id":"0","name":"eventBus"}}
{"__type":"$$EventMessageNode","id":"6f7501bb-7ac3-4539-b63e-30090614e928","ts":"2025-12-06T18:43:17.351-05:00","eventName":"n8n.node.finished","message":"n8n.node.finished","payload":{"workflowId":"8y5ALZTU2BvkIrm4","workflowName":"General","executionId":"53","nodeType":"n8n-nodes-base.httpRequest","nodeName":"✈️ Skyscanner Flights","nodeId":"6d1d14dd-30a6-4993-a0b8-2e926b5e6f7d"}}
{"__type":"$$EventMessageConfirm","confirm":"6f7501bb-7ac3-4539-b63e-30090614e928","ts":"2025-12-06T18:43:17.351-05:00","source":{"id":"0","name":"eventBus"}}
{"__type":"$$EventMessageNode","id":"843bf878-d467-4c08-affc-081630c64ef1","ts":"2025-12-06T18:43:17.351-05:00","eventName":"n8n.node.started","message":"n8n.node.started","payload":{"workflowId":"8y5ALZTU2BvkIrm4","workflowName":"General","executionId":"53","nodeType":"n8n-nodes-base.httpRequest","nodeName":"🗝️ Amadeus Auth Token","nodeId":"ddee2ef7-119f-4f23-8649-7285c81ad086"}}
{"__type":"$$EventMessageConfirm","confirm":"843bf878-d467-4c08-affc-081630c64ef1","ts":"2025-12-06T18:43:17.351-05:00","source":{"id":"0","name":"eventBus"}}
{"__type":"$$EventMessageNode","id":"f1c20325-116f-4d16-b2c9-2a2f552ee975","ts":"2025-12-06T18:43:17.511-05:00","eventName":"n8n.node.finished","message":"n8n.node.finished","payload":{"workflowId":"8y5ALZTU2BvkIrm4","workflowName":"General","executionId":"47","nodeType":"n8n-nodes-base.httpRequest","nodeName":"🏨 Amadeus Hotels Search","nodeId":"335375c3-b2c4-488a-a187-5db699984bb5"}}
{"__type":"$$EventMessageConfirm","confirm":"f1c20325-116f-4d16-b2c9-2a2f552ee975","ts":"2025-12-06T18:43:17.511-05:00","source":{"id":"0","name":"eventBus"}}
{"__type":"$$EventMessageNode","id":"a5156483-6bf6-4d2c-bda4-31aa1ed060e9","ts":"2025-12-06T18:43:17.512-05:00","eventName":"n8n.node.started","message":"n8n.node.started","payload":{"workflowId":"8y5ALZTU2BvkIrm4","workflowName":"General","executionId":"47","nodeType":"n8n-nodes-base.code","nodeName":"🧩 Parse Amadeus Hotels","nodeId":"47677723-da63-41ea-8c58-4cff95258258"}}
{"__type":"$$EventMessageConfirm","confirm":"a5156483-6bf6-4d2c-bda4-31aa1ed060e9","ts":"2025-12-06T18:43:17.512-05:00","source":{"id":"0","name":"eventBus"}}
{"__type":"$$EventMessageNode","id":"5a472fcc-d591-45e9-b878-e3c251fef608","ts":"2025-12-06T18:43:17.539-05:00","eventName":"n8n.node.finished","message":"n8n.node.finished","payload":{"workflowId":"8y5ALZTU2BvkIrm4","workflowName":"General","executionId":"47","nodeType":"n8n-nodes-base.code","nodeName":"🧩 Parse Amadeus Hotels","nodeId":"47677723-da63-41ea-8c58-4cff95258258"}}
{"__type":"$$EventMessageConfirm","confirm":"5a472fcc-d591-45e9-b878-e3c251fef608","ts":"2025-12-06T18:43:17.539-05:00","source":{"id":"0","name":"eventBus"}}
{"__type":"$$EventMessageNode","id":"30be6c33-614e-428a-bb9e-1ad1e1bd021f","ts":"2025-12-06T18:43:17.541-05:00","eventName":"n8n.node.started","message":"n8n.node.started","payload":{"workflowId":"8y5ALZTU2BvkIrm4","workflowName":"General","executionId":"47","nodeType":"n8n-nodes-base.code","nodeName":"Code in JavaScript","nodeId":"9ad265ae-5dcc-402a-9191-c6e7792d671f"}}
{"__type":"$$EventMessageConfirm","confirm":"30be6c33-614e-428a-bb9e-1ad1e1bd021f","ts":"2025-12-06T18:43:17.541-05:00","source":{"id":"0","name":"eventBus"}}
{"__type":"$$EventMessageNode","id":"e2c53ce2-3a88-4398-8805-2d9ef0ac6571","ts":"2025-12-06T18:43:17.547-05:00","eventName":"n8n.node.finished","message":"n8n.node.finished","payload":{"workflowId":"8y5ALZTU2BvkIrm4","workflowName":"General","executionId":"47","nodeType":"n8n-nodes-base.code","nodeName":"Code in JavaScript","nodeId":"9ad265ae-5dcc-402a-9191-c6e7792d671f"}}
{"__type":"$$EventMessageConfirm","confirm":"e2c53ce2-3a88-4398-8805-2d9ef0ac6571","ts":"2025-12-06T18:43:17.547-05:00","source":{"id":"0","name":"eventBus"}}
{"__type":"$$EventMessageNode","id":"b8e79c63-94e0-4987-a7ca-b5744643f6cb","ts":"2025-12-06T18:43:17.547-05:00","eventName":"n8n.node.started","message":"n8n.node.started","payload":{"workflowId":"8y5ALZTU2BvkIrm4","workflowName":"General","executionId":"47","nodeType":"n8n-nodes-base.function","nodeName":"💡 Generate Travel Recommendations","nodeId":"300dd062-67fe-4694-b4db-81170145ca24"}}
{"__type":"$$EventMessageConfirm","confirm":"b8e79c63-94e0-4987-a7ca-b5744643f6cb","ts":"2025-12-06T18:43:17.548-05:00","source":{"id":"0","name":"eventBus"}}
{"__type":"$$EventMessageNode","id":"fddbc70c-1f35-483c-a88f-e7fca43948e2","ts":"2025-12-06T18:43:17.555-05:00","eventName":"n8n.node.finished","message":"n8n.node.finished","payload":{"workflowId":"8y5ALZTU2BvkIrm4","workflowName":"General","executionId":"47","nodeType":"n8n-nodes-base.function","nodeName":"💡 Generate Travel Recommendations","nodeId":"300dd062-67fe-4694-b4db-81170145ca24"}}
{"__type":"$$EventMessageConfirm","confirm":"fddbc70c-1f35-483c-a88f-e7fca43948e2","ts":"2025-12-06T18:43:17.555-05:00","source":{"id":"0","name":"eventBus"}}
{"__type":"$$EventMessageNode","id":"9a45f332-c2da-4913-aac6-1000eb473ecf","ts":"2025-12-06T18:43:17.555-05:00","eventName":"n8n.node.started","message":"n8n.node.started","payload":{"workflowId":"8y5ALZTU2BvkIrm4","workflowName":"General","executionId":"47","nodeType":"n8n-nodes-base.supabase","nodeName":"💾 Supabase Storage","nodeId":"5decf8b0-d187-4260-9cad-7841d180e7bb"}}
{"__type":"$$EventMessageConfirm","confirm":"9a45f332-c2da-4913-aac6-1000eb473ecf","ts":"2025-12-06T18:43:17.555-05:00","source":{"id":"0","name":"eventBus"}}
{"__type":"$$EventMessageNode","id":"36fc4680-9d8b-43df-88a4-f0204aab6aea","ts":"2025-12-06T18:43:17.737-05:00","eventName":"n8n.node.finished","message":"n8n.node.finished","payload":{"workflowId":"8y5ALZTU2BvkIrm4","workflowName":"General","executionId":"49","nodeType":"n8n-nodes-base.httpRequest","nodeName":"✈️ Skyscanner Flights","nodeId":"6d1d14dd-30a6-4993-a0b8-2e926b5e6f7d"}}
{"__type":"$$EventMessageConfirm","confirm":"36fc4680-9d8b-43df-88a4-f0204aab6aea","ts":"2025-12-06T18:43:17.737-05:00","source":{"id":"0","name":"eventBus"}}
{"__type":"$$EventMessageNode","id":"16e58396-f050-4524-9457-8d0fb73e395a","ts":"2025-12-06T18:43:17.737-05:00","eventName":"n8n.node.started","message":"n8n.node.started","payload":{"workflowId":"8y5ALZTU2BvkIrm4","workflowName":"General","executionId":"49","nodeType":"n8n-nodes-base.httpRequest","nodeName":"🗝️ Amadeus Auth Token","nodeId":"ddee2ef7-119f-4f23-8649-7285c81ad086"}}
{"__type":"$$EventMessageConfirm","confirm":"16e58396-f050-4524-9457-8d0fb73e395a","ts":"2025-12-06T18:43:17.737-05:00","source":{"id":"0","name":"eventBus"}}
{"__type":"$$EventMessageNode","id":"3168e16d-706c-4838-92f5-3a4186579145","ts":"2025-12-06T18:43:17.881-05:00","eventName":"n8n.node.finished","message":"n8n.node.finished","payload":{"workflowId":"8y5ALZTU2BvkIrm4","workflowName":"General","executionId":"54","nodeType":"n8n-nodes-base.httpRequest","nodeName":"✈️ Skyscanner Flights","nodeId":"6d1d14dd-30a6-4993-a0b8-2e926b5e6f7d"}}
{"__type":"$$EventMessageConfirm","confirm":"3168e16d-706c-4838-92f5-3a4186579145","ts":"2025-12-06T18:43:17.881-05:00","source":{"id":"0","name":"eventBus"}}
{"__type":"$$EventMessageNode","id":"47f6bca9-1df0-4b9b-8754-aed9d914b7b0","ts":"2025-12-06T18:43:17.881-05:00","eventName":"n8n.node.started","message":"n8n.node.started","payload":{"workflowId":"8y5ALZTU2BvkIrm4","workflowName":"General","executionId":"54","nodeType":"n8n-nodes-base.httpRequest","nodeName":"🗝️ Amadeus Auth Token","nodeId":"ddee2ef7-119f-4f23-8649-7285c81ad086"}}
{"__type":"$$EventMessageConfirm","confirm":"47f6bca9-1df0-4b9b-8754-aed9d914b7b0","ts":"2025-12-06T18:43:17.881-05:00","source":{"id":"0","name":"eventBus"}}
{"__type":"$$EventMessageNode","id":"a00eb0a5-ea43-4e0f-8b76-f3d9e306b540","ts":"2025-12-06T18:43:18.090-05:00","eventName":"n8n.node.finished","message":"n8n.node.finished","payload":{"workflowId":"8y5ALZTU2BvkIrm4","workflowName":"General","executionId":"47","nodeType":"n8n-nodes-base.supabase","nodeName":"💾 Supabase Storage","nodeId":"5decf8b0-d187-4260-9cad-7841d180e7bb"}}
{"__type":"$$EventMessageConfirm","confirm":"a00eb0a5-ea43-4e0f-8b76-f3d9e306b540","ts":"2025-12-06T18:43:18.090-05:00","source":{"id":"0","name":"eventBus"}}
{"__type":"$$EventMessageNode","id":"0a03d624-3725-4d8d-a86d-e5dfa4223157","ts":"2025-12-06T18:43:18.091-05:00","eventName":"n8n.node.started","message":"n8n.node.started","payload":{"workflowId":"8y5ALZTU2BvkIrm4","workflowName":"General","executionId":"47","nodeType":"n8n-nodes-base.code","nodeName":"Code in JavaScript1","nodeId":"fa6afa75-0195-4c00-9736-9fa0dfb030c1"}}
{"__type":"$$EventMessageConfirm","confirm":"0a03d624-3725-4d8d-a86d-e5dfa4223157","ts":"2025-12-06T18:43:18.091-05:00","source":{"id":"0","name":"eventBus"}}
{"__type":"$$EventMessageNode","id":"68ffaefe-a21c-4ad2-af8a-8af30e4952f6","ts":"2025-12-06T18:43:18.096-05:00","eventName":"n8n.node.finished","message":"n8n.node.finished","payload":{"workflowId":"8y5ALZTU2BvkIrm4","workflowName":"General","executionId":"47","nodeType":"n8n-nodes-base.code","nodeName":"Code in JavaScript1","nodeId":"fa6afa75-0195-4c00-9736-9fa0dfb030c1"}}
{"__type":"$$EventMessageConfirm","confirm":"68ffaefe-a21c-4ad2-af8a-8af30e4952f6","ts":"2025-12-06T18:43:18.097-05:00","source":{"id":"0","name":"eventBus"}}
{"__type":"$$EventMessageNode","id":"bc79146b-4c6f-423f-856f-fe6179c7be87","ts":"2025-12-06T18:43:18.097-05:00","eventName":"n8n.node.started","message":"n8n.node.started","payload":{"workflowId":"8y5ALZTU2BvkIrm4","workflowName":"General","executionId":"47","nodeType":"n8n-nodes-base.if","nodeName":"🎯 Check Great Deal","nodeId":"2d5f8692-815e-4325-a900-48f6502f5fc0"}}
{"__type":"$$EventMessageConfirm","confirm":"bc79146b-4c6f-423f-856f-fe6179c7be87","ts":"2025-12-06T18:43:18.097-05:00","source":{"id":"0","name":"eventBus"}}
{"__type":"$$EventMessageNode","id":"b7e46c1c-04bb-4ea1-9337-2e703af3fa08","ts":"2025-12-06T18:43:18.097-05:00","eventName":"n8n.node.finished","message":"n8n.node.finished","payload":{"workflowId":"8y5ALZTU2BvkIrm4","workflowName":"General","executionId":"47","nodeType":"n8n-nodes-base.if","nodeName":"🎯 Check Great Deal","nodeId":"2d5f8692-815e-4325-a900-48f6502f5fc0"}}
{"__type":"$$EventMessageConfirm","confirm":"b7e46c1c-04bb-4ea1-9337-2e703af3fa08","ts":"2025-12-06T18:43:18.097-05:00","source":{"id":"0","name":"eventBus"}}
{"__type":"$$EventMessageNode","id":"3ffe94b5-3062-4d58-89c8-e783f44588bd","ts":"2025-12-06T18:43:18.097-05:00","eventName":"n8n.node.started","message":"n8n.node.started","payload":{"workflowId":"8y5ALZTU2BvkIrm4","workflowName":"General","executionId":"47","nodeType":"n8n-nodes-base.respondToWebhook","nodeName":"Respond to Webhook1","nodeId":"21d30c3a-21ce-476e-a3c4-2813894cc904"}}
{"__type":"$$EventMessageConfirm","confirm":"3ffe94b5-3062-4d58-89c8-e783f44588bd","ts":"2025-12-06T18:43:18.098-05:00","source":{"id":"0","name":"eventBus"}}
{"__type":"$$EventMessageNode","id":"c28e9695-aa6d-4317-87b8-54db5ce40088","ts":"2025-12-06T18:43:18.099-05:00","eventName":"n8n.node.finished","message":"n8n.node.finished","payload":{"workflowId":"8y5ALZTU2BvkIrm4","workflowName":"General","executionId":"47","nodeType":"n8n-nodes-base.respondToWebhook","nodeName":"Respond to Webhook1","nodeId":"21d30c3a-21ce-476e-a3c4-2813894cc904"}}
{"__type":"$$EventMessageConfirm","confirm":"c28e9695-aa6d-4317-87b8-54db5ce40088","ts":"2025-12-06T18:43:18.099-05:00","source":{"id":"0","name":"eventBus"}}
{"__type":"$$EventMessageWorkflow","id":"95e6a353-6c4b-41ca-bf4d-bf0eb8038371","ts":"2025-12-06T18:43:18.099-05:00","eventName":"n8n.workflow.success","message":"n8n.workflow.success","payload":{"executionId":"47","success":true,"isManual":false,"workflowId":"8y5ALZTU2BvkIrm4","workflowName":"General"}}
{"__type":"$$EventMessageConfirm","confirm":"95e6a353-6c4b-41ca-bf4d-bf0eb8038371","ts":"2025-12-06T18:43:18.099-05:00","source":{"id":"0","name":"eventBus"}}
{"__type":"$$EventMessageWorkflow","id":"c8eb2e4e-c24d-4874-aca3-4f802fc561be","ts":"2025-12-06T18:43:18.322-05:00","eventName":"n8n.workflow.started","message":"n8n.workflow.started","payload":{"executionId":"56","workflowId":"8y5ALZTU2BvkIrm4","isManual":false,"workflowName":"General"}}
{"__type":"$$EventMessageConfirm","confirm":"c8eb2e4e-c24d-4874-aca3-4f802fc561be","ts":"2025-12-06T18:43:18.322-05:00","source":{"id":"0","name":"eventBus"}}
{"__type":"$$EventMessageNode","id":"c9d007b3-1ce5-4414-b3dc-081bc0d336d8","ts":"2025-12-06T18:43:18.322-05:00","eventName":"n8n.node.started","message":"n8n.node.started","payload":{"workflowId":"8y5ALZTU2BvkIrm4","workflowName":"General","executionId":"56","nodeType":"n8n-nodes-base.webhook","nodeName":"📱 Streamlit Webhook","nodeId":"ae8059ee-5c26-4af5-83ea-0b147821a989"}}
{"__type":"$$EventMessageConfirm","confirm":"c9d007b3-1ce5-4414-b3dc-081bc0d336d8","ts":"2025-12-06T18:43:18.322-05:00","source":{"id":"0","name":"eventBus"}}
{"__type":"$$EventMessageNode","id":"dd33ad12-bfa9-43e2-bca5-54f4b6179fee","ts":"2025-12-06T18:43:18.323-05:00","eventName":"n8n.node.finished","message":"n8n.node.finished","payload":{"workflowId":"8y5ALZTU2BvkIrm4","workflowName":"General","executionId":"56","nodeType":"n8n-nodes-base.webhook","nodeName":"📱 Streamlit Webhook","nodeId":"ae8059ee-5c26-4af5-83ea-0b147821a989"}}
{"__type":"$$EventMessageConfirm","confirm":"dd33ad12-bfa9-43e2-bca5-54f4b6179fee","ts":"2025-12-06T18:43:18.323-05:00","source":{"id":"0","name":"eventBus"}}
{"__type":"$$EventMessageNode","id":"df9c3b76-b443-4869-b42a-772c8126d661","ts":"2025-12-06T18:43:18.323-05:00","eventName":"n8n.node.started","message":"n8n.node.started","payload":{"workflowId":"8y5ALZTU2BvkIrm4","workflowName":"General","executionId":"56","nodeType":"n8n-nodes-base.function","nodeName":"Process Travel Data","nodeId":"02497c10-01cd-4448-8373-576a8cdff0cf"}}
{"__type":"$$EventMessageConfirm","confirm":"df9c3b76-b443-4869-b42a-772c8126d661","ts":"2025-12-06T18:43:18.323-05:00","source":{"id":"0","name":"eventBus"}}
{"__type":"$$EventMessageNode","id":"e601e167-380c-45cb-9d42-16d612fa5df7","ts":"2025-12-06T18:43:18.329-05:00","eventName":"n8n.node.finished","message":"n8n.node.finished","payload":{"workflowId":"8y5ALZTU2BvkIrm4","workflowName":"General","executionId":"56","nodeType":"n8n-nodes-base.function","nodeName":"Process Travel Data","nodeId":"02497c10-01cd-4448-8373-576a8cdff0cf"}}
{"__type":"$$EventMessageConfirm","confirm":"e601e167-380c-45cb-9d42-16d612fa5df7","ts":"2025-12-06T18:43:18.329-05:00","source":{"id":"0","name":"eventBus"}}
{"__type":"$$EventMessageNode","id":"9a870562-4e1f-4ed5-a905-4b9bcfb6f2c5","ts":"2025-12-06T18:43:18.329-05:00","eventName":"n8n.node.started","message":"n8n.node.started","payload":{"workflowId":"8y5ALZTU2BvkIrm4","workflowName":"General","executionId":"56","nodeType":"n8n-nodes-base.httpRequest","nodeName":"✈️ Skyscanner Flights","nodeId":"6d1d14dd-30a6-4993-a0b8-2e926b5e6f7d"}}
{"__type":"$$EventMessageConfirm","confirm":"9a870562-4e1f-4ed5-a905-4b9bcfb6f2c5","ts":"2025-12-06T18:43:18.329-05:00","source":{"id":"0","name":"eventBus"}}
{"__type":"$$EventMessageNode","id":"b41fec5b-f37c-4600-8547-324d44a03473","ts":"2025-12-06T18:43:18.336-05:00","eventName":"n8n.node.finished","message":"n8n.node.finished","payload":{"workflowId":"8y5ALZTU2BvkIrm4","workflowName":"General","executionId":"48","nodeType":"n8n-nodes-base.httpRequest","nodeName":"🗝️ Amadeus Auth Token","nodeId":"ddee2ef7-119f-4f23-8649-7285c81ad086"}}
{"__type":"$$EventMessageConfirm","confirm":"b41fec5b-f37c-4600-8547-324d44a03473","ts":"2025-12-06T18:43:18.336-05:00","source":{"id":"0","name":"eventBus"}}
{"__type":"$$EventMessageNode","id":"51d21a84-667b-4c23-b64b-2fe9f68b6ab2","ts":"2025-12-06T18:43:18.336-05:00","eventName":"n8n.node.started","message":"n8n.node.started","payload":{"workflowId":"8y5ALZTU2BvkIrm4","workflowName":"General","executionId":"48","nodeType":"n8n-nodes-base.httpRequest","nodeName":"🏨 Amadeus Hotels Search","nodeId":"335375c3-b2c4-488a-a187-5db699984bb5"}}
{"__type":"$$EventMessageConfirm","confirm":"51d21a84-667b-4c23-b64b-2fe9f68b6ab2","ts":"2025-12-06T18:43:18.336-05:00","source":{"id":"0","name":"eventBus"}}
{"__type":"$$EventMessageNode","id":"5423441f-ca33-4c00-9c24-6a485972cf7a","ts":"2025-12-06T18:43:18.345-05:00","eventName":"n8n.node.finished","message":"n8n.node.finished","payload":{"workflowId":"8y5ALZTU2BvkIrm4","workflowName":"General","executionId":"52","nodeType":"n8n-nodes-base.httpRequest","nodeName":"🗝️ Amadeus Auth Token","nodeId":"ddee2ef7-119f-4f23-8649-7285c81ad086"}}
{"__type":"$$EventMessageConfirm","confirm":"5423441f-ca33-4c00-9c24-6a485972cf7a","ts":"2025-12-06T18:43:18.346-05:00","source":{"id":"0","name":"eventBus"}}
{"__type":"$$EventMessageNode","id":"39daaaca-bb8e-4b4d-b2f6-b308da54555e","ts":"2025-12-06T18:43:18.346-05:00","eventName":"n8n.node.started","message":"n8n.node.started","payload":{"workflowId":"8y5ALZTU2BvkIrm4","workflowName":"General","executionId":"52","nodeType":"n8n-nodes-base.httpRequest","nodeName":"🏨 Amadeus Hotels Search","nodeId":"335375c3-b2c4-488a-a187-5db699984bb5"}}
{"__type":"$$EventMessageConfirm","confirm":"39daaaca-bb8e-4b4d-b2f6-b308da54555e","ts":"2025-12-06T18:43:18.346-05:00","source":{"id":"0","name":"eventBus"}}
{"__type":"$$EventMessageNode","id":"94b30f3e-18a9-4693-a900-3a5a101fa51d","ts":"2025-12-06T18:43:18.463-05:00","eventName":"n8n.node.finished","message":"n8n.node.finished","payload":{"workflowId":"8y5ALZTU2BvkIrm4","workflowName":"General","executionId":"50","nodeType":"n8n-nodes-base.httpRequest","nodeName":"🗝️ Amadeus Auth Token","nodeId":"ddee2ef7-119f-4f23-8649-7285c81ad086"}}
{"__type":"$$EventMessageConfirm","confirm":"94b30f3e-18a9-4693-a900-3a5a101fa51d","ts":"2025-12-06T18:43:18.463-05:00","source":{"id":"0","name":"eventBus"}}
{"__type":"$$EventMessageNode","id":"1c0d5cd2-f17d-402a-940d-768f55eb2cb3","ts":"2025-12-06T18:43:18.463-05:00","eventName":"n8n.node.started","message":"n8n.node.started","payload":{"workflowId":"8y5ALZTU2BvkIrm4","workflowName":"General","executionId":"50","nodeType":"n8n-nodes-base.httpRequest","nodeName":"🏨 Amadeus Hotels Search","nodeId":"335375c3-b2c4-488a-a187-5db699984bb5"}}
{"__type":"$$EventMessageConfirm","confirm":"1c0d5cd2-f17d-402a-940d-768f55eb2cb3","ts":"2025-12-06T18:43:18.463-05:00","source":{"id":"0","name":"eventBus"}}
{"__type":"$$EventMessageNode","id":"e3b0751d-7423-4cba-8ccf-c1ded2e846ac","ts":"2025-12-06T18:43:18.510-05:00","eventName":"n8n.node.finished","message":"n8n.node.finished","payload":{"workflowId":"8y5ALZTU2BvkIrm4","workflowName":"General","executionId":"55","nodeType":"n8n-nodes-base.httpRequest","nodeName":"✈️ Skyscanner Flights","nodeId":"6d1d14dd-30a6-4993-a0b8-2e926b5e6f7d"}}
{"__type":"$$EventMessageConfirm","confirm":"e3b0751d-7423-4cba-8ccf-c1ded2e846ac","ts":"2025-12-06T18:43:18.510-05:00","source":{"id":"0","name":"eventBus"}}
{"__type":"$$EventMessageNode","id":"114d07b4-b45a-4acd-85c1-7fa040fd703d","ts":"2025-12-06T18:43:18.510-05:00","eventName":"n8n.node.started","message":"n8n.node.started","payload":{"workflowId":"8y5ALZTU2BvkIrm4","workflowName":"General","executionId":"55","nodeType":"n8n-nodes-base.httpRequest","nodeName":"🗝️ Amadeus Auth Token","nodeId":"ddee2ef7-119f-4f23-8649-7285c81ad086"}}
{"__type":"$$EventMessageConfirm","confirm":"114d07b4-b45a-4acd-85c1-7fa040fd703d","ts":"2025-12-06T18:43:18.510-05:00","source":{"id":"0","name":"eventBus"}}
{"__type":"$$EventMessageNode","id":"98756e87-f94d-4498-ba19-5a59d96d0752","ts":"2025-12-06T18:43:18.550-05:00","eventName":"n8n.node.finished","message":"n8n.node.finished","payload":{"workflowId":"8y5ALZTU2BvkIrm4","workflowName":"General","executionId":"53","nodeType":"n8n-nodes-base.httpRequest","nodeName":"🗝️ Amadeus Auth Token","nodeId":"ddee2ef7-119f-4f23-8649-7285c81ad086"}}
{"__type":"$$EventMessageConfirm","confirm":"98756e87-f94d-4498-ba19-5a59d96d0752","ts":"2025-12-06T18:43:18.550-05:00","source":{"id":"0","name":"eventBus"}}
{"__type":"$$EventMessageNode","id":"ee2f987d-7393-40f6-a022-85195d67c4a8","ts":"2025-12-06T18:43:18.550-05:00","eventName":"n8n.node.started","message":"n8n.node.started","payload":{"workflowId":"8y5ALZTU2BvkIrm4","workflowName":"General","executionId":"53","nodeType":"n8n-nodes-base.httpRequest","nodeName":"🏨 Amadeus Hotels Search","nodeId":"335375c3-b2c4-488a-a187-5db699984bb5"}}
{"__type":"$$EventMessageConfirm","confirm":"ee2f987d-7393-40f6-a022-85195d67c4a8","ts":"2025-12-06T18:43:18.550-05:00","source":{"id":"0","name":"eventBus"}}
{"__type":"$$EventMessageNode","id":"50a06d8e-1789-489d-bc0a-fa136d5be4a6","ts":"2025-12-06T18:43:18.708-05:00","eventName":"n8n.node.finished","message":"n8n.node.finished","payload":{"workflowId":"8y5ALZTU2BvkIrm4","workflowName":"General","executionId":"49","nodeType":"n8n-nodes-base.httpRequest","nodeName":"🗝️ Amadeus Auth Token","nodeId":"ddee2ef7-119f-4f23-8649-7285c81ad086"}}
{"__type":"$$EventMessageConfirm","confirm":"50a06d8e-1789-489d-bc0a-fa136d5be4a6","ts":"2025-12-06T18:43:18.708-05:00","source":{"id":"0","name":"eventBus"}}
{"__type":"$$EventMessageNode","id":"b75c5021-7f89-4141-9cc9-0185e89ea4a8","ts":"2025-12-06T18:43:18.708-05:00","eventName":"n8n.node.started","message":"n8n.node.started","payload":{"workflowId":"8y5ALZTU2BvkIrm4","workflowName":"General","executionId":"49","nodeType":"n8n-nodes-base.httpRequest","nodeName":"🏨 Amadeus Hotels Search","nodeId":"335375c3-b2c4-488a-a187-5db699984bb5"}}
{"__type":"$$EventMessageConfirm","confirm":"b75c5021-7f89-4141-9cc9-0185e89ea4a8","ts":"2025-12-06T18:43:18.708-05:00","source":{"id":"0","name":"eventBus"}}
{"__type":"$$EventMessageNode","id":"a7d10acf-2980-448f-89aa-a009f20b7597","ts":"2025-12-06T18:43:18.813-05:00","eventName":"n8n.node.finished","message":"n8n.node.finished","payload":{"workflowId":"8y5ALZTU2BvkIrm4","workflowName":"General","executionId":"54","nodeType":"n8n-nodes-base.httpRequest","nodeName":"🗝️ Amadeus Auth Token","nodeId":"ddee2ef7-119f-4f23-8649-7285c81ad086"}}
{"__type":"$$EventMessageConfirm","confirm":"a7d10acf-2980-448f-89aa-a009f20b7597","ts":"2025-12-06T18:43:18.814-05:00","source":{"id":"0","name":"eventBus"}}
{"__type":"$$EventMessageNode","id":"bd55cdc9-c93a-4558-a5e1-1274a8e72222","ts":"2025-12-06T18:43:18.814-05:00","eventName":"n8n.node.started","message":"n8n.node.started","payload":{"workflowId":"8y5ALZTU2BvkIrm4","workflowName":"General","executionId":"54","nodeType":"n8n-nodes-base.httpRequest","nodeName":"🏨 Amadeus Hotels Search","nodeId":"335375c3-b2c4-488a-a187-5db699984bb5"}}
{"__type":"$$EventMessageConfirm","confirm":"bd55cdc9-c93a-4558-a5e1-1274a8e72222","ts":"2025-12-06T18:43:18.814-05:00","source":{"id":"0","name":"eventBus"}}
{"__type":"$$EventMessageNode","id":"0483ae36-f911-4964-84d1-8675f2db3fef","ts":"2025-12-06T18:43:19.126-05:00","eventName":"n8n.node.finished","message":"n8n.node.finished","payload":{"workflowId":"8y5ALZTU2BvkIrm4","workflowName":"General","executionId":"51","nodeType":"n8n-nodes-base.httpRequest","nodeName":"🗝️ Amadeus Auth Token","nodeId":"ddee2ef7-119f-4f23-8649-7285c81ad086"}}
{"__type":"$$EventMessageConfirm","confirm":"0483ae36-f911-4964-84d1-8675f2db3fef","ts":"2025-12-06T18:43:19.126-05:00","source":{"id":"0","name":"eventBus"}}
{"__type":"$$EventMessageNode","id":"9cd5e43c-fa9c-46f0-a739-55c1116c0cc2","ts":"2025-12-06T18:43:19.126-05:00","eventName":"n8n.node.started","message":"n8n.node.started","payload":{"workflowId":"8y5ALZTU2BvkIrm4","workflowName":"General","executionId":"51","nodeType":"n8n-nodes-base.httpRequest","nodeName":"🏨 Amadeus Hotels Search","nodeId":"335375c3-b2c4-488a-a187-5db699984bb5"}}
{"__type":"$$EventMessageConfirm","confirm":"9cd5e43c-fa9c-46f0-a739-55c1116c0cc2","ts":"2025-12-06T18:43:19.126-05:00","source":{"id":"0","name":"eventBus"}}
{"__type":"$$EventMessageNode","id":"35c5a19c-17c2-4a0d-8761-c75f54d30f03","ts":"2025-12-06T18:43:19.269-05:00","eventName":"n8n.node.finished","message":"n8n.node.finished","payload":{"workflowId":"8y5ALZTU2BvkIrm4","workflowName":"General","executionId":"45","nodeType":"n8n-nodes-base.emailSend","nodeName":"Enviar Correo1","nodeId":"cae987c6-c9aa-4be8-abd1-aa4d4e16b230"}}
{"__type":"$$EventMessageConfirm","confirm":"35c5a19c-17c2-4a0d-8761-c75f54d30f03","ts":"2025-12-06T18:43:19.269-05:00","source":{"id":"0","name":"eventBus"}}
{"__type":"$$EventMessageNode","id":"47fd5e83-67e7-4912-b42a-0ad5dbfe3e59","ts":"2025-12-06T18:43:19.269-05:00","eventName":"n8n.node.started","message":"n8n.node.started","payload":{"workflowId":"8y5ALZTU2BvkIrm4","workflowName":"General","executionId":"45","nodeType":"n8n-nodes-base.respondToWebhook","nodeName":"Respond to Webhook1","nodeId":"21d30c3a-21ce-476e-a3c4-2813894cc904"}}
{"__type":"$$EventMessageConfirm","confirm":"47fd5e83-67e7-4912-b42a-0ad5dbfe3e59","ts":"2025-12-06T18:43:19.269-05:00","source":{"id":"0","name":"eventBus"}}
{"__type":"$$EventMessageNode","id":"918ef9df-d5af-4c7a-88f6-4bb244097994","ts":"2025-12-06T18:43:19.271-05:00","eventName":"n8n.node.finished","message":"n8n.node.finished","payload":{"workflowId":"8y5ALZTU2BvkIrm4","workflowName":"General","executionId":"45","nodeType":"n8n-nodes-base.respondToWebhook","nodeName":"Respond to Webhook1","nodeId":"21d30c3a-21ce-476e-a3c4-2813894cc904"}}
{"__type":"$$EventMessageConfirm","confirm":"918ef9df-d5af-4c7a-88f6-4bb244097994","ts":"2025-12-06T18:43:19.271-05:00","source":{"id":"0","name":"eventBus"}}
{"__type":"$$EventMessageWorkflow","id":"6db98e1d-40d6-4732-bce6-d9fb0c4ef3e6","ts":"2025-12-06T18:43:19.271-05:00","eventName":"n8n.workflow.success","message":"n8n.workflow.success","payload":{"executionId":"45","success":true,"isManual":false,"workflowId":"8y5ALZTU2BvkIrm4","workflowName":"General"}}
{"__type":"$$EventMessageConfirm","confirm":"6db98e1d-40d6-4732-bce6-d9fb0c4ef3e6","ts":"2025-12-06T18:43:19.271-05:00","source":{"id":"0","name":"eventBus"}}
{"__type":"$$EventMessageNode","id":"bff8bb6d-de40-4a18-b019-b8c8b914a5cd","ts":"2025-12-06T18:43:19.289-05:00","eventName":"n8n.node.finished","message":"n8n.node.finished","payload":{"workflowId":"8y5ALZTU2BvkIrm4","workflowName":"General","executionId":"56","nodeType":"n8n-nodes-base.httpRequest","nodeName":"✈️ Skyscanner Flights","nodeId":"6d1d14dd-30a6-4993-a0b8-2e926b5e6f7d"}}
{"__type":"$$EventMessageConfirm","confirm":"bff8bb6d-de40-4a18-b019-b8c8b914a5cd","ts":"2025-12-06T18:43:19.289-05:00","source":{"id":"0","name":"eventBus"}}
{"__type":"$$EventMessageNode","id":"46c0d417-01ba-4924-b7d2-90e63132277d","ts":"2025-12-06T18:43:19.289-05:00","eventName":"n8n.node.started","message":"n8n.node.started","payload":{"workflowId":"8y5ALZTU2BvkIrm4","workflowName":"General","executionId":"56","nodeType":"n8n-nodes-base.httpRequest","nodeName":"🗝️ Amadeus Auth Token","nodeId":"ddee2ef7-119f-4f23-8649-7285c81ad086"}}
{"__type":"$$EventMessageConfirm","confirm":"46c0d417-01ba-4924-b7d2-90e63132277d","ts":"2025-12-06T18:43:19.290-05:00","source":{"id":"0","name":"eventBus"}}
{"__type":"$$EventMessageNode","id":"ac4352d1-a4c3-4858-84f8-4bdafc6e5f38","ts":"2025-12-06T18:43:19.418-05:00","eventName":"n8n.node.finished","message":"n8n.node.finished","payload":{"workflowId":"8y5ALZTU2BvkIrm4","workflowName":"General","executionId":"55","nodeType":"n8n-nodes-base.httpRequest","nodeName":"🗝️ Amadeus Auth Token","nodeId":"ddee2ef7-119f-4f23-8649-7285c81ad086"}}
{"__type":"$$EventMessageConfirm","confirm":"ac4352d1-a4c3-4858-84f8-4bdafc6e5f38","ts":"2025-12-06T18:43:19.419-05:00","source":{"id":"0","name":"eventBus"}}
{"__type":"$$EventMessageNode","id":"4c95eb82-e8e0-437e-9d86-ea9847cb946b","ts":"2025-12-06T18:43:19.419-05:00","eventName":"n8n.node.started","message":"n8n.node.started","payload":{"workflowId":"8y5ALZTU2BvkIrm4","workflowName":"General","executionId":"55","nodeType":"n8n-nodes-base.httpRequest","nodeName":"🏨 Amadeus Hotels Search","nodeId":"335375c3-b2c4-488a-a187-5db699984bb5"}}
{"__type":"$$EventMessageConfirm","confirm":"4c95eb82-e8e0-437e-9d86-ea9847cb946b","ts":"2025-12-06T18:43:19.419-05:00","source":{"id":"0","name":"eventBus"}}
{"__type":"$$EventMessageWorkflow","id":"b3931bdd-d647-43e2-9ec7-243ff1a29256","ts":"2025-12-06T18:43:19.552-05:00","eventName":"n8n.workflow.started","message":"n8n.workflow.started","payload":{"executionId":"57","workflowId":"8y5ALZTU2BvkIrm4","isManual":false,"workflowName":"General"}}
{"__type":"$$EventMessageConfirm","confirm":"b3931bdd-d647-43e2-9ec7-243ff1a29256","ts":"2025-12-06T18:43:19.552-05:00","source":{"id":"0","name":"eventBus"}}
{"__type":"$$EventMessageNode","id":"05fc73f2-b92e-435d-b047-cf4eaf5e6db1","ts":"2025-12-06T18:43:19.552-05:00","eventName":"n8n.node.started","message":"n8n.node.started","payload":{"workflowId":"8y5ALZTU2BvkIrm4","workflowName":"General","executionId":"57","nodeType":"n8n-nodes-base.webhook","nodeName":"📱 Streamlit Webhook","nodeId":"ae8059ee-5c26-4af5-83ea-0b147821a989"}}
{"__type":"$$EventMessageConfirm","confirm":"05fc73f2-b92e-435d-b047-cf4eaf5e6db1","ts":"2025-12-06T18:43:19.552-05:00","source":{"id":"0","name":"eventBus"}}
{"__type":"$$EventMessageNode","id":"0a0b91b2-1ca3-4352-b6f4-a9b431385df7","ts":"2025-12-06T18:43:19.553-05:00","eventName":"n8n.node.finished","message":"n8n.node.finished","payload":{"workflowId":"8y5ALZTU2BvkIrm4","workflowName":"General","executionId":"57","nodeType":"n8n-nodes-base.webhook","nodeName":"📱 Streamlit Webhook","nodeId":"ae8059ee-5c26-4af5-83ea-0b147821a989"}}
{"__type":"$$EventMessageConfirm","confirm":"0a0b91b2-1ca3-4352-b6f4-a9b431385df7","ts":"2025-12-06T18:43:19.553-05:00","source":{"id":"0","name":"eventBus"}}
{"__type":"$$EventMessageNode","id":"a7b5763a-1d66-4a82-8f50-ede69817f5d8","ts":"2025-12-06T18:43:19.553-05:00","eventName":"n8n.node.started","message":"n8n.node.started","payload":{"workflowId":"8y5ALZTU2BvkIrm4","workflowName":"General","executionId":"57","nodeType":"n8n-nodes-base.function","nodeName":"Process Travel Data","nodeId":"02497c10-01cd-4448-8373-576a8cdff0cf"}}
{"__type":"$$EventMessageConfirm","confirm":"a7b5763a-1d66-4a82-8f50-ede69817f5d8","ts":"2025-12-06T18:43:19.553-05:00","source":{"id":"0","name":"eventBus"}}
{"__type":"$$EventMessageNode","id":"e2ef04a2-0feb-42cb-b9aa-10e004fa8a22","ts":"2025-12-06T18:43:19.560-05:00","eventName":"n8n.node.finished","message":"n8n.node.finished","payload":{"workflowId":"8y5ALZTU2BvkIrm4","workflowName":"General","executionId":"57","nodeType":"n8n-nodes-base.function","nodeName":"Process Travel Data","nodeId":"02497c10-01cd-4448-8373-576a8cdff0cf"}}
{"__type":"$$EventMessageConfirm","confirm":"e2ef04a2-0feb-42cb-b9aa-10e004fa8a22","ts":"2025-12-06T18:43:19.560-05:00","source":{"id":"0","name":"eventBus"}}
{"__type":"$$EventMessageNode","id":"40e7b54f-fe4e-405b-8b13-46c6ff552376","ts":"2025-12-06T18:43:19.560-05:00","eventName":"n8n.node.started","message":"n8n.node.started","payload":{"workflowId":"8y5ALZTU2BvkIrm4","workflowName":"General","executionId":"57","nodeType":"n8n-nodes-base.httpRequest","nodeName":"✈️ Skyscanner Flights","nodeId":"6d1d14dd-30a6-4993-a0b8-2e926b5e6f7d"}}
{"__type":"$$EventMessageConfirm","confirm":"40e7b54f-fe4e-405b-8b13-46c6ff552376","ts":"2025-12-06T18:43:19.560-05:00","source":{"id":"0","name":"eventBus"}}
{"__type":"$$EventMessageNode","id":"a01c7468-b4d7-47b4-b708-5b2a20586bbd","ts":"2025-12-06T18:43:19.615-05:00","eventName":"n8n.node.finished","message":"n8n.node.finished","payload":{"workflowId":"8y5ALZTU2BvkIrm4","workflowName":"General","executionId":"43","nodeType":"n8n-nodes-base.emailSend","nodeName":"Enviar Correo1","nodeId":"cae987c6-c9aa-4be8-abd1-aa4d4e16b230"}}
{"__type":"$$EventMessageConfirm","confirm":"a01c7468-b4d7-47b4-b708-5b2a20586bbd","ts":"2025-12-06T18:43:19.615-05:00","source":{"id":"0","name":"eventBus"}}
{"__type":"$$EventMessageNode","id":"7917cf07-1d55-4fe5-bd2c-27782352116d","ts":"2025-12-06T18:43:19.616-05:00","eventName":"n8n.node.started","message":"n8n.node.started","payload":{"workflowId":"8y5ALZTU2BvkIrm4","workflowName":"General","executionId":"43","nodeType":"n8n-nodes-base.respondToWebhook","nodeName":"Respond to Webhook1","nodeId":"21d30c3a-21ce-476e-a3c4-2813894cc904"}}
{"__type":"$$EventMessageConfirm","confirm":"7917cf07-1d55-4fe5-bd2c-27782352116d","ts":"2025-12-06T18:43:19.616-05:00","source":{"id":"0","name":"eventBus"}}
{"__type":"$$EventMessageNode","id":"d40b8ea7-4ffe-48db-bdcc-4c8e5f16a9e5","ts":"2025-12-06T18:43:19.617-05:00","eventName":"n8n.node.finished","message":"n8n.node.finished","payload":{"workflowId":"8y5ALZTU2BvkIrm4","workflowName":"General","executionId":"43","nodeType":"n8n-nodes-base.respondToWebhook","nodeName":"Respond to Webhook1","nodeId":"21d30c3a-21ce-476e-a3c4-2813894cc904"}}
{"__type":"$$EventMessageConfirm","confirm":"d40b8ea7-4ffe-48db-bdcc-4c8e5f16a9e5","ts":"2025-12-06T18:43:19.618-05:00","source":{"id":"0","name":"eventBus"}}
{"__type":"$$EventMessageWorkflow","id":"80a72948-1bb1-4a6f-813c-dfa8f09c725c","ts":"2025-12-06T18:43:19.618-05:00","eventName":"n8n.workflow.success","message":"n8n.workflow.success","payload":{"executionId":"43","success":true,"isManual":false,"workflowId":"8y5ALZTU2BvkIrm4","workflowName":"General"}}
{"__type":"$$EventMessageConfirm","confirm":"80a72948-1bb1-4a6f-813c-dfa8f09c725c","ts":"2025-12-06T18:43:19.618-05:00","source":{"id":"0","name":"eventBus"}}
{"__type":"$$EventMessageNode","id":"be7cb99f-44b3-43ae-a634-c68e8cce487e","ts":"2025-12-06T18:43:19.710-05:00","eventName":"n8n.node.finished","message":"n8n.node.finished","payload":{"workflowId":"8y5ALZTU2BvkIrm4","workflowName":"General","executionId":"48","nodeType":"n8n-nodes-base.httpRequest","nodeName":"🏨 Amadeus Hotels Search","nodeId":"335375c3-b2c4-488a-a187-5db699984bb5"}}
{"__type":"$$EventMessageConfirm","confirm":"be7cb99f-44b3-43ae-a634-c68e8cce487e","ts":"2025-12-06T18:43:19.710-05:00","source":{"id":"0","name":"eventBus"}}
{"__type":"$$EventMessageNode","id":"dbc2085e-c682-4e8d-9fbe-6bb070edb38d","ts":"2025-12-06T18:43:19.710-05:00","eventName":"n8n.node.started","message":"n8n.node.started","payload":{"workflowId":"8y5ALZTU2BvkIrm4","workflowName":"General","executionId":"48","nodeType":"n8n-nodes-base.code","nodeName":"🧩 Parse Amadeus Hotels","nodeId":"47677723-da63-41ea-8c58-4cff95258258"}}
{"__type":"$$EventMessageConfirm","confirm":"dbc2085e-c682-4e8d-9fbe-6bb070edb38d","ts":"2025-12-06T18:43:19.711-05:00","source":{"id":"0","name":"eventBus"}}
{"__type":"$$EventMessageNode","id":"44c81866-9789-4705-8c19-aea850be9290","ts":"2025-12-06T18:43:19.748-05:00","eventName":"n8n.node.finished","message":"n8n.node.finished","payload":{"workflowId":"8y5ALZTU2BvkIrm4","workflowName":"General","executionId":"48","nodeType":"n8n-nodes-base.code","nodeName":"🧩 Parse Amadeus Hotels","nodeId":"47677723-da63-41ea-8c58-4cff95258258"}}
{"__type":"$$EventMessageConfirm","confirm":"44c81866-9789-4705-8c19-aea850be9290","ts":"2025-12-06T18:43:19.748-05:00","source":{"id":"0","name":"eventBus"}}
{"__type":"$$EventMessageNode","id":"c7b8ded6-3c48-40aa-abf2-911784debdc3","ts":"2025-12-06T18:43:19.749-05:00","eventName":"n8n.node.started","message":"n8n.node.started","payload":{"workflowId":"8y5ALZTU2BvkIrm4","workflowName":"General","executionId":"48","nodeType":"n8n-nodes-base.code","nodeName":"Code in JavaScript","nodeId":"9ad265ae-5dcc-402a-9191-c6e7792d671f"}}
{"__type":"$$EventMessageConfirm","confirm":"c7b8ded6-3c48-40aa-abf2-911784debdc3","ts":"2025-12-06T18:43:19.750-05:00","source":{"id":"0","name":"eventBus"}}
{"__type":"$$EventMessageNode","id":"0ce530d9-c531-4a85-932b-d11d425d07ec","ts":"2025-12-06T18:43:19.759-05:00","eventName":"n8n.node.finished","message":"n8n.node.finished","payload":{"workflowId":"8y5ALZTU2BvkIrm4","workflowName":"General","executionId":"48","nodeType":"n8n-nodes-base.code","nodeName":"Code in JavaScript","nodeId":"9ad265ae-5dcc-402a-9191-c6e7792d671f"}}
{"__type":"$$EventMessageConfirm","confirm":"0ce530d9-c531-4a85-932b-d11d425d07ec","ts":"2025-12-06T18:43:19.759-05:00","source":{"id":"0","name":"eventBus"}}
{"__type":"$$EventMessageNode","id":"6f07bc8f-793a-4ca6-a567-8600970f8904","ts":"2025-12-06T18:43:19.759-05:00","eventName":"n8n.node.started","message":"n8n.node.started","payload":{"workflowId":"8y5ALZTU2BvkIrm4","workflowName":"General","executionId":"48","nodeType":"n8n-nodes-base.function","nodeName":"💡 Generate Travel Recommendations","nodeId":"300dd062-67fe-4694-b4db-81170145ca24"}}
{"__type":"$$EventMessageConfirm","confirm":"6f07bc8f-793a-4ca6-a567-8600970f8904","ts":"2025-12-06T18:43:19.759-05:00","source":{"id":"0","name":"eventBus"}}
{"__type":"$$EventMessageNode","id":"052d791e-8a64-40cc-bf47-79e8b95d4eac","ts":"2025-12-06T18:43:19.766-05:00","eventName":"n8n.node.finished","message":"n8n.node.finished","payload":{"workflowId":"8y5ALZTU2BvkIrm4","workflowName":"General","executionId":"48","nodeType":"n8n-nodes-base.function","nodeName":"💡 Generate Travel Recommendations","nodeId":"300dd062-67fe-4694-b4db-81170145ca24"}}
{"__type":"$$EventMessageConfirm","confirm":"052d791e-8a64-40cc-bf47-79e8b95d4eac","ts":"2025-12-06T18:43:19.766-05:00","source":{"id":"0","name":"eventBus"}}
{"__type":"$$EventMessageNode","id":"c3cc0f82-3b02-4088-9649-41927aba5383","ts":"2025-12-06T18:43:19.766-05:00","eventName":"n8n.node.started","message":"n8n.node.started","payload":{"workflowId":"8y5ALZTU2BvkIrm4","workflowName":"General","executionId":"48","nodeType":"n8n-nodes-base.supabase","nodeName":"💾 Supabase Storage","nodeId":"5decf8b0-d187-4260-9cad-7841d180e7bb"}}
{"__type":"$$EventMessageConfirm","confirm":"c3cc0f82-3b02-4088-9649-41927aba5383","ts":"2025-12-06T18:43:19.766-05:00","source":{"id":"0","name":"eventBus"}}
{"__type":"$$EventMessageWorkflow","id":"5d7035a0-3956-40ba-9266-a5d05d6ec3f6","ts":"2025-12-06T18:43:19.924-05:00","eventName":"n8n.workflow.started","message":"n8n.workflow.started","payload":{"executionId":"58","workflowId":"8y5ALZTU2BvkIrm4","isManual":false,"workflowName":"General"}}
{"__type":"$$EventMessageConfirm","confirm":"5d7035a0-3956-40ba-9266-a5d05d6ec3f6","ts":"2025-12-06T18:43:19.925-05:00","source":{"id":"0","name":"eventBus"}}
{"__type":"$$EventMessageNode","id":"e6086288-c80b-4cbf-85eb-024d522ab7ce","ts":"2025-12-06T18:43:19.925-05:00","eventName":"n8n.node.started","message":"n8n.node.started","payload":{"workflowId":"8y5ALZTU2BvkIrm4","workflowName":"General","executionId":"58","nodeType":"n8n-nodes-base.webhook","nodeName":"📱 Streamlit Webhook","nodeId":"ae8059ee-5c26-4af5-83ea-0b147821a989"}}
{"__type":"$$EventMessageConfirm","confirm":"e6086288-c80b-4cbf-85eb-024d522ab7ce","ts":"2025-12-06T18:43:19.925-05:00","source":{"id":"0","name":"eventBus"}}
{"__type":"$$EventMessageNode","id":"2a83dffe-6b76-48e1-a45c-ba51ec825433","ts":"2025-12-06T18:43:19.925-05:00","eventName":"n8n.node.finished","message":"n8n.node.finished","payload":{"workflowId":"8y5ALZTU2BvkIrm4","workflowName":"General","executionId":"58","nodeType":"n8n-nodes-base.webhook","nodeName":"📱 Streamlit Webhook","nodeId":"ae8059ee-5c26-4af5-83ea-0b147821a989"}}
{"__type":"$$EventMessageConfirm","confirm":"2a83dffe-6b76-48e1-a45c-ba51ec825433","ts":"2025-12-06T18:43:19.925-05:00","source":{"id":"0","name":"eventBus"}}
{"__type":"$$EventMessageNode","id":"9baaedcd-baaa-430c-8c9b-f323c71d6ab6","ts":"2025-12-06T18:43:19.925-05:00","eventName":"n8n.node.started","message":"n8n.node.started","payload":{"workflowId":"8y5ALZTU2BvkIrm4","workflowName":"General","executionId":"58","nodeType":"n8n-nodes-base.function","nodeName":"Process Travel Data","nodeId":"02497c10-01cd-4448-8373-576a8cdff0cf"}}
{"__type":"$$EventMessageConfirm","confirm":"9baaedcd-baaa-430c-8c9b-f323c71d6ab6","ts":"2025-12-06T18:43:19.925-05:00","source":{"id":"0","name":"eventBus"}}
{"__type":"$$EventMessageNode","id":"d6597326-9593-43de-a317-17c545100a7a","ts":"2025-12-06T18:43:19.933-05:00","eventName":"n8n.node.finished","message":"n8n.node.finished","payload":{"workflowId":"8y5ALZTU2BvkIrm4","workflowName":"General","executionId":"58","nodeType":"n8n-nodes-base.function","nodeName":"Process Travel Data","nodeId":"02497c10-01cd-4448-8373-576a8cdff0cf"}}
{"__type":"$$EventMessageConfirm","confirm":"d6597326-9593-43de-a317-17c545100a7a","ts":"2025-12-06T18:43:19.933-05:00","source":{"id":"0","name":"eventBus"}}
{"__type":"$$EventMessageNode","id":"3d043f3c-9468-4f03-b68c-0f66f15261ba","ts":"2025-12-06T18:43:19.933-05:00","eventName":"n8n.node.started","message":"n8n.node.started","payload":{"workflowId":"8y5ALZTU2BvkIrm4","workflowName":"General","executionId":"58","nodeType":"n8n-nodes-base.httpRequest","nodeName":"✈️ Skyscanner Flights","nodeId":"6d1d14dd-30a6-4993-a0b8-2e926b5e6f7d"}}
{"__type":"$$EventMessageConfirm","confirm":"3d043f3c-9468-4f03-b68c-0f66f15261ba","ts":"2025-12-06T18:43:19.933-05:00","source":{"id":"0","name":"eventBus"}}
{"__type":"$$EventMessageNode","id":"65189f9d-44a1-4726-a9e1-3209f4f5e693","ts":"2025-12-06T18:43:19.995-05:00","eventName":"n8n.node.finished","message":"n8n.node.finished","payload":{"workflowId":"8y5ALZTU2BvkIrm4","workflowName":"General","executionId":"54","nodeType":"n8n-nodes-base.httpRequest","nodeName":"🏨 Amadeus Hotels Search","nodeId":"335375c3-b2c4-488a-a187-5db699984bb5"}}
{"__type":"$$EventMessageConfirm","confirm":"65189f9d-44a1-4726-a9e1-3209f4f5e693","ts":"2025-12-06T18:43:19.995-05:00","source":{"id":"0","name":"eventBus"}}
{"__type":"$$EventMessageWorkflow","id":"b2bc34a5-f3b1-4e18-bf7a-b8b79e8bbb02","ts":"2025-12-06T18:43:19.995-05:00","eventName":"n8n.workflow.failed","message":"n8n.workflow.failed","payload":{"executionId":"54","success":false,"isManual":false,"workflowId":"8y5ALZTU2BvkIrm4","workflowName":"General","lastNodeExecuted":"🏨 Amadeus Hotels Search","errorNodeType":"n8n-nodes-base.httpRequest","errorMessage":"Bad request - please check your parameters"}}
{"__type":"$$EventMessageConfirm","confirm":"b2bc34a5-f3b1-4e18-bf7a-b8b79e8bbb02","ts":"2025-12-06T18:43:19.995-05:00","source":{"id":"0","name":"eventBus"}}
{"__type":"$$EventMessageNode","id":"a0deab53-8b0b-4568-830b-b758fabc5bbc","ts":"2025-12-06T18:43:20.017-05:00","eventName":"n8n.node.finished","message":"n8n.node.finished","payload":{"workflowId":"8y5ALZTU2BvkIrm4","workflowName":"General","executionId":"53","nodeType":"n8n-nodes-base.httpRequest","nodeName":"🏨 Amadeus Hotels Search","nodeId":"335375c3-b2c4-488a-a187-5db699984bb5"}}
{"__type":"$$EventMessageConfirm","confirm":"a0deab53-8b0b-4568-830b-b758fabc5bbc","ts":"2025-12-06T18:43:20.017-05:00","source":{"id":"0","name":"eventBus"}}
{"__type":"$$EventMessageNode","id":"236eec55-3a60-4e31-bc1b-320d121634e6","ts":"2025-12-06T18:43:20.017-05:00","eventName":"n8n.node.started","message":"n8n.node.started","payload":{"workflowId":"8y5ALZTU2BvkIrm4","workflowName":"General","executionId":"53","nodeType":"n8n-nodes-base.code","nodeName":"🧩 Parse Amadeus Hotels","nodeId":"47677723-da63-41ea-8c58-4cff95258258"}}
{"__type":"$$EventMessageConfirm","confirm":"236eec55-3a60-4e31-bc1b-320d121634e6","ts":"2025-12-06T18:43:20.017-05:00","source":{"id":"0","name":"eventBus"}}
{"__type":"$$EventMessageNode","id":"34a5af88-3ffa-42e2-9def-c5883cbe6640","ts":"2025-12-06T18:43:20.048-05:00","eventName":"n8n.node.finished","message":"n8n.node.finished","payload":{"workflowId":"8y5ALZTU2BvkIrm4","workflowName":"General","executionId":"53","nodeType":"n8n-nodes-base.code","nodeName":"🧩 Parse Amadeus Hotels","nodeId":"47677723-da63-41ea-8c58-4cff95258258"}}
{"__type":"$$EventMessageConfirm","confirm":"34a5af88-3ffa-42e2-9def-c5883cbe6640","ts":"2025-12-06T18:43:20.048-05:00","source":{"id":"0","name":"eventBus"}}
{"__type":"$$EventMessageNode","id":"088f38bf-f424-41ff-8d81-80265d530dd4","ts":"2025-12-06T18:43:20.050-05:00","eventName":"n8n.node.started","message":"n8n.node.started","payload":{"workflowId":"8y5ALZTU2BvkIrm4","workflowName":"General","executionId":"53","nodeType":"n8n-nodes-base.code","nodeName":"Code in JavaScript","nodeId":"9ad265ae-5dcc-402a-9191-c6e7792d671f"}}
{"__type":"$$EventMessageConfirm","confirm":"088f38bf-f424-41ff-8d81-80265d530dd4","ts":"2025-12-06T18:43:20.050-05:00","source":{"id":"0","name":"eventBus"}}
{"__type":"$$EventMessageNode","id":"e8e1490f-8912-4a6f-9a44-63eb6850e4ae","ts":"2025-12-06T18:43:20.056-05:00","eventName":"n8n.node.finished","message":"n8n.node.finished","payload":{"workflowId":"8y5ALZTU2BvkIrm4","workflowName":"General","executionId":"53","nodeType":"n8n-nodes-base.code","nodeName":"Code in JavaScript","nodeId":"9ad265ae-5dcc-402a-9191-c6e7792d671f"}}
{"__type":"$$EventMessageConfirm","confirm":"e8e1490f-8912-4a6f-9a44-63eb6850e4ae","ts":"2025-12-06T18:43:20.057-05:00","source":{"id":"0","name":"eventBus"}}
{"__type":"$$EventMessageNode","id":"69de5df9-b3ec-44b9-8a3d-be6bc4051bf1","ts":"2025-12-06T18:43:20.057-05:00","eventName":"n8n.node.started","message":"n8n.node.started","payload":{"workflowId":"8y5ALZTU2BvkIrm4","workflowName":"General","executionId":"53","nodeType":"n8n-nodes-base.function","nodeName":"💡 Generate Travel Recommendations","nodeId":"300dd062-67fe-4694-b4db-81170145ca24"}}
{"__type":"$$EventMessageConfirm","confirm":"69de5df9-b3ec-44b9-8a3d-be6bc4051bf1","ts":"2025-12-06T18:43:20.057-05:00","source":{"id":"0","name":"eventBus"}}
{"__type":"$$EventMessageNode","id":"7b1b5b0a-80d0-43d5-89b2-24eef653c699","ts":"2025-12-06T18:43:20.066-05:00","eventName":"n8n.node.finished","message":"n8n.node.finished","payload":{"workflowId":"8y5ALZTU2BvkIrm4","workflowName":"General","executionId":"53","nodeType":"n8n-nodes-base.function","nodeName":"💡 Generate Travel Recommendations","nodeId":"300dd062-67fe-4694-b4db-81170145ca24"}}
{"__type":"$$EventMessageConfirm","confirm":"7b1b5b0a-80d0-43d5-89b2-24eef653c699","ts":"2025-12-06T18:43:20.066-05:00","source":{"id":"0","name":"eventBus"}}
{"__type":"$$EventMessageNode","id":"b55cf3da-5a2e-46c1-b299-6477907a482d","ts":"2025-12-06T18:43:20.067-05:00","eventName":"n8n.node.started","message":"n8n.node.started","payload":{"workflowId":"8y5ALZTU2BvkIrm4","workflowName":"General","executionId":"53","nodeType":"n8n-nodes-base.supabase","nodeName":"💾 Supabase Storage","nodeId":"5decf8b0-d187-4260-9cad-7841d180e7bb"}}
{"__type":"$$EventMessageConfirm","confirm":"b55cf3da-5a2e-46c1-b299-6477907a482d","ts":"2025-12-06T18:43:20.067-05:00","source":{"id":"0","name":"eventBus"}}
{"__type":"$$EventMessageNode","id":"b9f0504a-0f11-4d5f-9b35-ca0147ef5b44","ts":"2025-12-06T18:43:20.151-05:00","eventName":"n8n.node.finished","message":"n8n.node.finished","payload":{"workflowId":"8y5ALZTU2BvkIrm4","workflowName":"General","executionId":"52","nodeType":"n8n-nodes-base.httpRequest","nodeName":"🏨 Amadeus Hotels Search","nodeId":"335375c3-b2c4-488a-a187-5db699984bb5"}}
{"__type":"$$EventMessageConfirm","confirm":"b9f0504a-0f11-4d5f-9b35-ca0147ef5b44","ts":"2025-12-06T18:43:20.151-05:00","source":{"id":"0","name":"eventBus"}}
{"__type":"$$EventMessageNode","id":"ab5b092e-9323-4752-b136-ae6dd88c420d","ts":"2025-12-06T18:43:20.151-05:00","eventName":"n8n.node.started","message":"n8n.node.started","payload":{"workflowId":"8y5ALZTU2BvkIrm4","workflowName":"General","executionId":"52","nodeType":"n8n-nodes-base.code","nodeName":"🧩 Parse Amadeus Hotels","nodeId":"47677723-da63-41ea-8c58-4cff95258258"}}
{"__type":"$$EventMessageConfirm","confirm":"ab5b092e-9323-4752-b136-ae6dd88c420d","ts":"2025-12-06T18:43:20.151-05:00","source":{"id":"0","name":"eventBus"}}
{"__type":"$$EventMessageNode","id":"40d57a62-a208-416c-bf2e-d99d924db78f","ts":"2025-12-06T18:43:20.192-05:00","eventName":"n8n.node.finished","message":"n8n.node.finished","payload":{"workflowId":"8y5ALZTU2BvkIrm4","workflowName":"General","executionId":"52","nodeType":"n8n-nodes-base.code","nodeName":"🧩 Parse Amadeus Hotels","nodeId":"47677723-da63-41ea-8c58-4cff95258258"}}
{"__type":"$$EventMessageConfirm","confirm":"40d57a62-a208-416c-bf2e-d99d924db78f","ts":"2025-12-06T18:43:20.192-05:00","source":{"id":"0","name":"eventBus"}}
{"__type":"$$EventMessageNode","id":"5ba4e5d7-de35-492a-bf16-fe6a803a1c08","ts":"2025-12-06T18:43:20.194-05:00","eventName":"n8n.node.started","message":"n8n.node.started","payload":{"workflowId":"8y5ALZTU2BvkIrm4","workflowName":"General","executionId":"52","nodeType":"n8n-nodes-base.code","nodeName":"Code in JavaScript","nodeId":"9ad265ae-5dcc-402a-9191-c6e7792d671f"}}
{"__type":"$$EventMessageConfirm","confirm":"5ba4e5d7-de35-492a-bf16-fe6a803a1c08","ts":"2025-12-06T18:43:20.194-05:00","source":{"id":"0","name":"eventBus"}}
{"__type":"$$EventMessageNode","id":"a011d982-14cf-4f98-89c5-02f0449b3c83","ts":"2025-12-06T18:43:20.203-05:00","eventName":"n8n.node.finished","message":"n8n.node.finished","payload":{"workflowId":"8y5ALZTU2BvkIrm4","workflowName":"General","executionId":"52","nodeType":"n8n-nodes-base.code","nodeName":"Code in JavaScript","nodeId":"9ad265ae-5dcc-402a-9191-c6e7792d671f"}}
{"__type":"$$EventMessageConfirm","confirm":"a011d982-14cf-4f98-89c5-02f0449b3c83","ts":"2025-12-06T18:43:20.204-05:00","source":{"id":"0","name":"eventBus"}}
{"__type":"$$EventMessageNode","id":"ab7c2a41-c60b-4a6b-90c4-01a54221af0a","ts":"2025-12-06T18:43:20.206-05:00","eventName":"n8n.node.started","message":"n8n.node.started","payload":{"workflowId":"8y5ALZTU2BvkIrm4","workflowName":"General","executionId":"52","nodeType":"n8n-nodes-base.function","nodeName":"💡 Generate Travel Recommendations","nodeId":"300dd062-67fe-4694-b4db-81170145ca24"}}
{"__type":"$$EventMessageConfirm","confirm":"ab7c2a41-c60b-4a6b-90c4-01a54221af0a","ts":"2025-12-06T18:43:20.206-05:00","source":{"id":"0","name":"eventBus"}}
{"__type":"$$EventMessageNode","id":"7c2ebc8a-c420-4108-8164-7bf240549622","ts":"2025-12-06T18:43:20.228-05:00","eventName":"n8n.node.finished","message":"n8n.node.finished","payload":{"workflowId":"8y5ALZTU2BvkIrm4","workflowName":"General","executionId":"52","nodeType":"n8n-nodes-base.function","nodeName":"💡 Generate Travel Recommendations","nodeId":"300dd062-67fe-4694-b4db-81170145ca24"}}
{"__type":"$$EventMessageConfirm","confirm":"7c2ebc8a-c420-4108-8164-7bf240549622","ts":"2025-12-06T18:43:20.230-05:00","source":{"id":"0","name":"eventBus"}}
{"__type":"$$EventMessageNode","id":"c189c72a-e513-4159-986d-658972fbbbab","ts":"2025-12-06T18:43:20.232-05:00","eventName":"n8n.node.started","message":"n8n.node.started","payload":{"workflowId":"8y5ALZTU2BvkIrm4","workflowName":"General","executionId":"52","nodeType":"n8n-nodes-base.supabase","nodeName":"💾 Supabase Storage","nodeId":"5decf8b0-d187-4260-9cad-7841d180e7bb"}}
{"__type":"$$EventMessageConfirm","confirm":"c189c72a-e513-4159-986d-658972fbbbab","ts":"2025-12-06T18:43:20.233-05:00","source":{"id":"0","name":"eventBus"}}
{"__type":"$$EventMessageNode","id":"d7e8e2bb-bd98-406f-8afa-a56712576e8d","ts":"2025-12-06T18:43:20.249-05:00","eventName":"n8n.node.finished","message":"n8n.node.finished","payload":{"workflowId":"8y5ALZTU2BvkIrm4","workflowName":"General","executionId":"56","nodeType":"n8n-nodes-base.httpRequest","nodeName":"🗝️ Amadeus Auth Token","nodeId":"ddee2ef7-119f-4f23-8649-7285c81ad086"}}
{"__type":"$$EventMessageConfirm","confirm":"d7e8e2bb-bd98-406f-8afa-a56712576e8d","ts":"2025-12-06T18:43:20.249-05:00","source":{"id":"0","name":"eventBus"}}
{"__type":"$$EventMessageNode","id":"7ee06074-fab8-42cb-9844-f827dc674e0a","ts":"2025-12-06T18:43:20.249-05:00","eventName":"n8n.node.started","message":"n8n.node.started","payload":{"workflowId":"8y5ALZTU2BvkIrm4","workflowName":"General","executionId":"56","nodeType":"n8n-nodes-base.httpRequest","nodeName":"🏨 Amadeus Hotels Search","nodeId":"335375c3-b2c4-488a-a187-5db699984bb5"}}
{"__type":"$$EventMessageConfirm","confirm":"7ee06074-fab8-42cb-9844-f827dc674e0a","ts":"2025-12-06T18:43:20.249-05:00","source":{"id":"0","name":"eventBus"}}
{"__type":"$$EventMessageNode","id":"7f855120-1545-4ba5-ad13-7e2ec3d94c2f","ts":"2025-12-06T18:43:20.268-05:00","eventName":"n8n.node.finished","message":"n8n.node.finished","payload":{"workflowId":"8y5ALZTU2BvkIrm4","workflowName":"General","executionId":"48","nodeType":"n8n-nodes-base.supabase","nodeName":"💾 Supabase Storage","nodeId":"5decf8b0-d187-4260-9cad-7841d180e7bb"}}
{"__type":"$$EventMessageConfirm","confirm":"7f855120-1545-4ba5-ad13-7e2ec3d94c2f","ts":"2025-12-06T18:43:20.268-05:00","source":{"id":"0","name":"eventBus"}}
{"__type":"$$EventMessageNode","id":"3047a80e-0d76-4e19-949a-54dff88e3257","ts":"2025-12-06T18:43:20.268-05:00","eventName":"n8n.node.started","message":"n8n.node.started","payload":{"workflowId":"8y5ALZTU2BvkIrm4","workflowName":"General","executionId":"48","nodeType":"n8n-nodes-base.code","nodeName":"Code in JavaScript1","nodeId":"fa6afa75-0195-4c00-9736-9fa0dfb030c1"}}
{"__type":"$$EventMessageConfirm","confirm":"3047a80e-0d76-4e19-949a-54dff88e3257","ts":"2025-12-06T18:43:20.268-05:00","source":{"id":"0","name":"eventBus"}}
{"__type":"$$EventMessageNode","id":"2b922aab-f9c4-4b46-b5db-250b34a85aa1","ts":"2025-12-06T18:43:20.276-05:00","eventName":"n8n.node.finished","message":"n8n.node.finished","payload":{"workflowId":"8y5ALZTU2BvkIrm4","workflowName":"General","executionId":"48","nodeType":"n8n-nodes-base.code","nodeName":"Code in JavaScript1","nodeId":"fa6afa75-0195-4c00-9736-9fa0dfb030c1"}}
{"__type":"$$EventMessageConfirm","confirm":"2b922aab-f9c4-4b46-b5db-250b34a85aa1","ts":"2025-12-06T18:43:20.276-05:00","source":{"id":"0","name":"eventBus"}}
{"__type":"$$EventMessageNode","id":"27b6640a-16fd-42c0-bdd9-f44bb75f6f50","ts":"2025-12-06T18:43:20.277-05:00","eventName":"n8n.node.started","message":"n8n.node.started","payload":{"workflowId":"8y5ALZTU2BvkIrm4","workflowName":"General","executionId":"48","nodeType":"n8n-nodes-base.if","nodeName":"🎯 Check Great Deal","nodeId":"2d5f8692-815e-4325-a900-48f6502f5fc0"}}
{"__type":"$$EventMessageConfirm","confirm":"27b6640a-16fd-42c0-bdd9-f44bb75f6f50","ts":"2025-12-06T18:43:20.277-05:00","source":{"id":"0","name":"eventBus"}}
{"__type":"$$EventMessageNode","id":"7e1c315b-9e3c-44f9-903b-b4039e914e97","ts":"2025-12-06T18:43:20.278-05:00","eventName":"n8n.node.finished","message":"n8n.node.finished","payload":{"workflowId":"8y5ALZTU2BvkIrm4","workflowName":"General","executionId":"48","nodeType":"n8n-nodes-base.if","nodeName":"🎯 Check Great Deal","nodeId":"2d5f8692-815e-4325-a900-48f6502f5fc0"}}
{"__type":"$$EventMessageConfirm","confirm":"7e1c315b-9e3c-44f9-903b-b4039e914e97","ts":"2025-12-06T18:43:20.278-05:00","source":{"id":"0","name":"eventBus"}}
{"__type":"$$EventMessageNode","id":"4475a3ab-04ca-4d1b-94a4-aadb7c7f4054","ts":"2025-12-06T18:43:20.278-05:00","eventName":"n8n.node.started","message":"n8n.node.started","payload":{"workflowId":"8y5ALZTU2BvkIrm4","workflowName":"General","executionId":"48","nodeType":"n8n-nodes-base.emailSend","nodeName":"Enviar Correo1","nodeId":"cae987c6-c9aa-4be8-abd1-aa4d4e16b230"}}
{"__type":"$$EventMessageConfirm","confirm":"4475a3ab-04ca-4d1b-94a4-aadb7c7f4054","ts":"2025-12-06T18:43:20.278-05:00","source":{"id":"0","name":"eventBus"}}
{"__type":"$$EventMessageNode","id":"7da6e4f6-4373-4f91-aa0c-e0dbc8ddbd94","ts":"2025-12-06T18:43:20.284-05:00","eventName":"n8n.node.finished","message":"n8n.node.finished","payload":{"workflowId":"8y5ALZTU2BvkIrm4","workflowName":"General","executionId":"50","nodeType":"n8n-nodes-base.httpRequest","nodeName":"🏨 Amadeus Hotels Search","nodeId":"335375c3-b2c4-488a-a187-5db699984bb5"}}
{"__type":"$$EventMessageConfirm","confirm":"7da6e4f6-4373-4f91-aa0c-e0dbc8ddbd94","ts":"2025-12-06T18:43:20.284-05:00","source":{"id":"0","name":"eventBus"}}
{"__type":"$$EventMessageNode","id":"549d96b6-9ff1-4e00-b68d-67572e55531d","ts":"2025-12-06T18:43:20.285-05:00","eventName":"n8n.node.started","message":"n8n.node.started","payload":{"workflowId":"8y5ALZTU2BvkIrm4","workflowName":"General","executionId":"50","nodeType":"n8n-nodes-base.code","nodeName":"🧩 Parse Amadeus Hotels","nodeId":"47677723-da63-41ea-8c58-4cff95258258"}}
{"__type":"$$EventMessageConfirm","confirm":"549d96b6-9ff1-4e00-b68d-67572e55531d","ts":"2025-12-06T18:43:20.285-05:00","source":{"id":"0","name":"eventBus"}}
{"__type":"$$EventMessageNode","id":"c04eb60d-0c22-4414-803f-7fe83f326aab","ts":"2025-12-06T18:43:20.315-05:00","eventName":"n8n.node.finished","message":"n8n.node.finished","payload":{"workflowId":"8y5ALZTU2BvkIrm4","workflowName":"General","executionId":"50","nodeType":"n8n-nodes-base.code","nodeName":"🧩 Parse Amadeus Hotels","nodeId":"47677723-da63-41ea-8c58-4cff95258258"}}
{"__type":"$$EventMessageConfirm","confirm":"c04eb60d-0c22-4414-803f-7fe83f326aab","ts":"2025-12-06T18:43:20.315-05:00","source":{"id":"0","name":"eventBus"}}
{"__type":"$$EventMessageNode","id":"3d1326ac-54e1-41c0-8579-3602490762bf","ts":"2025-12-06T18:43:20.340-05:00","eventName":"n8n.node.started","message":"n8n.node.started","payload":{"workflowId":"8y5ALZTU2BvkIrm4","workflowName":"General","executionId":"50","nodeType":"n8n-nodes-base.code","nodeName":"Code in JavaScript","nodeId":"9ad265ae-5dcc-402a-9191-c6e7792d671f"}}
{"__type":"$$EventMessageConfirm","confirm":"3d1326ac-54e1-41c0-8579-3602490762bf","ts":"2025-12-06T18:43:20.340-05:00","source":{"id":"0","name":"eventBus"}}
{"__type":"$$EventMessageNode","id":"d78ae85a-8079-4830-9eb0-4f579c78763a","ts":"2025-12-06T18:43:20.353-05:00","eventName":"n8n.node.finished","message":"n8n.node.finished","payload":{"workflowId":"8y5ALZTU2BvkIrm4","workflowName":"General","executionId":"50","nodeType":"n8n-nodes-base.code","nodeName":"Code in JavaScript","nodeId":"9ad265ae-5dcc-402a-9191-c6e7792d671f"}}
{"__type":"$$EventMessageConfirm","confirm":"d78ae85a-8079-4830-9eb0-4f579c78763a","ts":"2025-12-06T18:43:20.353-05:00","source":{"id":"0","name":"eventBus"}}
{"__type":"$$EventMessageNode","id":"17fb3e30-e08f-4ff0-90d0-2c821425940d","ts":"2025-12-06T18:43:20.354-05:00","eventName":"n8n.node.started","message":"n8n.node.started","payload":{"workflowId":"8y5ALZTU2BvkIrm4","workflowName":"General","executionId":"50","nodeType":"n8n-nodes-base.function","nodeName":"💡 Generate Travel Recommendations","nodeId":"300dd062-67fe-4694-b4db-81170145ca24"}}
{"__type":"$$EventMessageConfirm","confirm":"17fb3e30-e08f-4ff0-90d0-2c821425940d","ts":"2025-12-06T18:43:20.354-05:00","source":{"id":"0","name":"eventBus"}}
{"__type":"$$EventMessageNode","id":"8e168c4b-5bce-4398-9698-5a35c3559ffe","ts":"2025-12-06T18:43:20.364-05:00","eventName":"n8n.node.finished","message":"n8n.node.finished","payload":{"workflowId":"8y5ALZTU2BvkIrm4","workflowName":"General","executionId":"50","nodeType":"n8n-nodes-base.function","nodeName":"💡 Generate Travel Recommendations","nodeId":"300dd062-67fe-4694-b4db-81170145ca24"}}
{"__type":"$$EventMessageConfirm","confirm":"8e168c4b-5bce-4398-9698-5a35c3559ffe","ts":"2025-12-06T18:43:20.364-05:00","source":{"id":"0","name":"eventBus"}}
{"__type":"$$EventMessageNode","id":"4c4db292-298b-42bb-a276-6045ec2876de","ts":"2025-12-06T18:43:20.364-05:00","eventName":"n8n.node.started","message":"n8n.node.started","payload":{"workflowId":"8y5ALZTU2BvkIrm4","workflowName":"General","executionId":"50","nodeType":"n8n-nodes-base.supabase","nodeName":"💾 Supabase Storage","nodeId":"5decf8b0-d187-4260-9cad-7841d180e7bb"}}
{"__type":"$$EventMessageConfirm","confirm":"4c4db292-298b-42bb-a276-6045ec2876de","ts":"2025-12-06T18:43:20.364-05:00","source":{"id":"0","name":"eventBus"}}
{"__type":"$$EventMessageNode","id":"75de77ef-86dc-428a-8567-cabadde7bf5d","ts":"2025-12-06T18:43:20.401-05:00","eventName":"n8n.node.finished","message":"n8n.node.finished","payload":{"workflowId":"8y5ALZTU2BvkIrm4","workflowName":"General","executionId":"49","nodeType":"n8n-nodes-base.httpRequest","nodeName":"🏨 Amadeus Hotels Search","nodeId":"335375c3-b2c4-488a-a187-5db699984bb5"}}
{"__type":"$$EventMessageConfirm","confirm":"75de77ef-86dc-428a-8567-cabadde7bf5d","ts":"2025-12-06T18:43:20.402-05:00","source":{"id":"0","name":"eventBus"}}
{"__type":"$$EventMessageNode","id":"9bba377b-3eae-4950-9fd3-2697c860ee18","ts":"2025-12-06T18:43:20.403-05:00","eventName":"n8n.node.started","message":"n8n.node.started","payload":{"workflowId":"8y5ALZTU2BvkIrm4","workflowName":"General","executionId":"49","nodeType":"n8n-nodes-base.code","nodeName":"🧩 Parse Amadeus Hotels","nodeId":"47677723-da63-41ea-8c58-4cff95258258"}}
{"__type":"$$EventMessageConfirm","confirm":"9bba377b-3eae-4950-9fd3-2697c860ee18","ts":"2025-12-06T18:43:20.403-05:00","source":{"id":"0","name":"eventBus"}}
{"__type":"$$EventMessageNode","id":"b6b08265-06dc-4f9a-90f8-d9edf4638436","ts":"2025-12-06T18:43:20.429-05:00","eventName":"n8n.node.finished","message":"n8n.node.finished","payload":{"workflowId":"8y5ALZTU2BvkIrm4","workflowName":"General","executionId":"49","nodeType":"n8n-nodes-base.code","nodeName":"🧩 Parse Amadeus Hotels","nodeId":"47677723-da63-41ea-8c58-4cff95258258"}}
{"__type":"$$EventMessageConfirm","confirm":"b6b08265-06dc-4f9a-90f8-d9edf4638436","ts":"2025-12-06T18:43:20.429-05:00","source":{"id":"0","name":"eventBus"}}
{"__type":"$$EventMessageNode","id":"a89ab07d-5697-4169-b0fd-77eb9c822e96","ts":"2025-12-06T18:43:20.431-05:00","eventName":"n8n.node.started","message":"n8n.node.started","payload":{"workflowId":"8y5ALZTU2BvkIrm4","workflowName":"General","executionId":"49","nodeType":"n8n-nodes-base.code","nodeName":"Code in JavaScript","nodeId":"9ad265ae-5dcc-402a-9191-c6e7792d671f"}}
{"__type":"$$EventMessageConfirm","confirm":"a89ab07d-5697-4169-b0fd-77eb9c822e96","ts":"2025-12-06T18:43:20.431-05:00","source":{"id":"0","name":"eventBus"}}
{"__type":"$$EventMessageNode","id":"529d8faa-77ab-4373-a039-67f9c9aa01d3","ts":"2025-12-06T18:43:20.438-05:00","eventName":"n8n.node.finished","message":"n8n.node.finished","payload":{"workflowId":"8y5ALZTU2BvkIrm4","workflowName":"General","executionId":"49","nodeType":"n8n-nodes-base.code","nodeName":"Code in JavaScript","nodeId":"9ad265ae-5dcc-402a-9191-c6e7792d671f"}}
{"__type":"$$EventMessageConfirm","confirm":"529d8faa-77ab-4373-a039-67f9c9aa01d3","ts":"2025-12-06T18:43:20.438-05:00","source":{"id":"0","name":"eventBus"}}
{"__type":"$$EventMessageNode","id":"3921e75b-2bd6-4ba7-832b-86124d948ce1","ts":"2025-12-06T18:43:20.438-05:00","eventName":"n8n.node.started","message":"n8n.node.started","payload":{"workflowId":"8y5ALZTU2BvkIrm4","workflowName":"General","executionId":"49","nodeType":"n8n-nodes-base.function","nodeName":"💡 Generate Travel Recommendations","nodeId":"300dd062-67fe-4694-b4db-81170145ca24"}}
{"__type":"$$EventMessageConfirm","confirm":"3921e75b-2bd6-4ba7-832b-86124d948ce1","ts":"2025-12-06T18:43:20.439-05:00","source":{"id":"0","name":"eventBus"}}
{"__type":"$$EventMessageNode","id":"7f006924-370a-425a-8af5-fe062cd1fb0e","ts":"2025-12-06T18:43:20.447-05:00","eventName":"n8n.node.finished","message":"n8n.node.finished","payload":{"workflowId":"8y5ALZTU2BvkIrm4","workflowName":"General","executionId":"49","nodeType":"n8n-nodes-base.function","nodeName":"💡 Generate Travel Recommendations","nodeId":"300dd062-67fe-4694-b4db-81170145ca24"}}
{"__type":"$$EventMessageConfirm","confirm":"7f006924-370a-425a-8af5-fe062cd1fb0e","ts":"2025-12-06T18:43:20.447-05:00","source":{"id":"0","name":"eventBus"}}
{"__type":"$$EventMessageNode","id":"11e7f5b8-8976-4918-8313-c7a32f009c6e","ts":"2025-12-06T18:43:20.448-05:00","eventName":"n8n.node.started","message":"n8n.node.started","payload":{"workflowId":"8y5ALZTU2BvkIrm4","workflowName":"General","executionId":"49","nodeType":"n8n-nodes-base.supabase","nodeName":"💾 Supabase Storage","nodeId":"5decf8b0-d187-4260-9cad-7841d180e7bb"}}
{"__type":"$$EventMessageConfirm","confirm":"11e7f5b8-8976-4918-8313-c7a32f009c6e","ts":"2025-12-06T18:43:20.448-05:00","source":{"id":"0","name":"eventBus"}}
{"__type":"$$EventMessageNode","id":"567ddb71-385f-47d6-a48b-25f4bfc7abc5","ts":"2025-12-06T18:43:20.583-05:00","eventName":"n8n.node.finished","message":"n8n.node.finished","payload":{"workflowId":"8y5ALZTU2BvkIrm4","workflowName":"General","executionId":"57","nodeType":"n8n-nodes-base.httpRequest","nodeName":"✈️ Skyscanner Flights","nodeId":"6d1d14dd-30a6-4993-a0b8-2e926b5e6f7d"}}
{"__type":"$$EventMessageConfirm","confirm":"567ddb71-385f-47d6-a48b-25f4bfc7abc5","ts":"2025-12-06T18:43:20.583-05:00","source":{"id":"0","name":"eventBus"}}
{"__type":"$$EventMessageNode","id":"d1de61e2-2c7b-47cc-94ac-f4f2665428ff","ts":"2025-12-06T18:43:20.583-05:00","eventName":"n8n.node.started","message":"n8n.node.started","payload":{"workflowId":"8y5ALZTU2BvkIrm4","workflowName":"General","executionId":"57","nodeType":"n8n-nodes-base.httpRequest","nodeName":"🗝️ Amadeus Auth Token","nodeId":"ddee2ef7-119f-4f23-8649-7285c81ad086"}}
{"__type":"$$EventMessageConfirm","confirm":"d1de61e2-2c7b-47cc-94ac-f4f2665428ff","ts":"2025-12-06T18:43:20.584-05:00","source":{"id":"0","name":"eventBus"}}
{"__type":"$$EventMessageNode","id":"a403d562-ee00-4f09-b5e1-1be00ab0053b","ts":"2025-12-06T18:43:20.635-05:00","eventName":"n8n.node.finished","message":"n8n.node.finished","payload":{"workflowId":"8y5ALZTU2BvkIrm4","workflowName":"General","executionId":"51","nodeType":"n8n-nodes-base.httpRequest","nodeName":"🏨 Amadeus Hotels Search","nodeId":"335375c3-b2c4-488a-a187-5db699984bb5"}}
{"__type":"$$EventMessageConfirm","confirm":"a403d562-ee00-4f09-b5e1-1be00ab0053b","ts":"2025-12-06T18:43:20.635-05:00","source":{"id":"0","name":"eventBus"}}
{"__type":"$$EventMessageNode","id":"265363bd-f5b0-4d2f-b0ed-c352f2ef0029","ts":"2025-12-06T18:43:20.635-05:00","eventName":"n8n.node.started","message":"n8n.node.started","payload":{"workflowId":"8y5ALZTU2BvkIrm4","workflowName":"General","executionId":"51","nodeType":"n8n-nodes-base.code","nodeName":"🧩 Parse Amadeus Hotels","nodeId":"47677723-da63-41ea-8c58-4cff95258258"}}
{"__type":"$$EventMessageConfirm","confirm":"265363bd-f5b0-4d2f-b0ed-c352f2ef0029","ts":"2025-12-06T18:43:20.635-05:00","source":{"id":"0","name":"eventBus"}}
{"__type":"$$EventMessageNode","id":"4a0d3ea7-43d0-4767-aa67-5ea491749484","ts":"2025-12-06T18:43:20.659-05:00","eventName":"n8n.node.finished","message":"n8n.node.finished","payload":{"workflowId":"8y5ALZTU2BvkIrm4","workflowName":"General","executionId":"51","nodeType":"n8n-nodes-base.code","nodeName":"🧩 Parse Amadeus Hotels","nodeId":"47677723-da63-41ea-8c58-4cff95258258"}}
{"__type":"$$EventMessageConfirm","confirm":"4a0d3ea7-43d0-4767-aa67-5ea491749484","ts":"2025-12-06T18:43:20.660-05:00","source":{"id":"0","name":"eventBus"}}
{"__type":"$$EventMessageNode","id":"bd2fb817-04e0-40b6-89f9-95231bdad79d","ts":"2025-12-06T18:43:20.661-05:00","eventName":"n8n.node.started","message":"n8n.node.started","payload":{"workflowId":"8y5ALZTU2BvkIrm4","workflowName":"General","executionId":"51","nodeType":"n8n-nodes-base.code","nodeName":"Code in JavaScript","nodeId":"9ad265ae-5dcc-402a-9191-c6e7792d671f"}}
{"__type":"$$EventMessageConfirm","confirm":"bd2fb817-04e0-40b6-89f9-95231bdad79d","ts":"2025-12-06T18:43:20.661-05:00","source":{"id":"0","name":"eventBus"}}
{"__type":"$$EventMessageNode","id":"666f2beb-fd49-4f02-ac5f-319576247bcf","ts":"2025-12-06T18:43:20.667-05:00","eventName":"n8n.node.finished","message":"n8n.node.finished","payload":{"workflowId":"8y5ALZTU2BvkIrm4","workflowName":"General","executionId":"51","nodeType":"n8n-nodes-base.code","nodeName":"Code in JavaScript","nodeId":"9ad265ae-5dcc-402a-9191-c6e7792d671f"}}
{"__type":"$$EventMessageConfirm","confirm":"666f2beb-fd49-4f02-ac5f-319576247bcf","ts":"2025-12-06T18:43:20.668-05:00","source":{"id":"0","name":"eventBus"}}
{"__type":"$$EventMessageNode","id":"3f902712-46da-4287-b4d4-5df3d4a9b5c6","ts":"2025-12-06T18:43:20.668-05:00","eventName":"n8n.node.started","message":"n8n.node.started","payload":{"workflowId":"8y5ALZTU2BvkIrm4","workflowName":"General","executionId":"51","nodeType":"n8n-nodes-base.function","nodeName":"💡 Generate Travel Recommendations","nodeId":"300dd062-67fe-4694-b4db-81170145ca24"}}
{"__type":"$$EventMessageConfirm","confirm":"3f902712-46da-4287-b4d4-5df3d4a9b5c6","ts":"2025-12-06T18:43:20.668-05:00","source":{"id":"0","name":"eventBus"}}
{"__type":"$$EventMessageNode","id":"8803c53b-6cad-4835-923c-fed6651470fd","ts":"2025-12-06T18:43:20.676-05:00","eventName":"n8n.node.finished","message":"n8n.node.finished","payload":{"workflowId":"8y5ALZTU2BvkIrm4","workflowName":"General","executionId":"51","nodeType":"n8n-nodes-base.function","nodeName":"💡 Generate Travel Recommendations","nodeId":"300dd062-67fe-4694-b4db-81170145ca24"}}
{"__type":"$$EventMessageConfirm","confirm":"8803c53b-6cad-4835-923c-fed6651470fd","ts":"2025-12-06T18:43:20.676-05:00","source":{"id":"0","name":"eventBus"}}
{"__type":"$$EventMessageNode","id":"32623eaa-5518-4432-842d-c401d9c195c7","ts":"2025-12-06T18:43:20.677-05:00","eventName":"n8n.node.started","message":"n8n.node.started","payload":{"workflowId":"8y5ALZTU2BvkIrm4","workflowName":"General","executionId":"51","nodeType":"n8n-nodes-base.supabase","nodeName":"💾 Supabase Storage","nodeId":"5decf8b0-d187-4260-9cad-7841d180e7bb"}}
{"__type":"$$EventMessageConfirm","confirm":"32623eaa-5518-4432-842d-c401d9c195c7","ts":"2025-12-06T18:43:20.677-05:00","source":{"id":"0","name":"eventBus"}}
{"__type":"$$EventMessageNode","id":"51c7041e-b8ab-461a-ba06-e478ee7ecc86","ts":"2025-12-06T18:43:20.779-05:00","eventName":"n8n.node.finished","message":"n8n.node.finished","payload":{"workflowId":"8y5ALZTU2BvkIrm4","workflowName":"General","executionId":"53","nodeType":"n8n-nodes-base.supabase","nodeName":"💾 Supabase Storage","nodeId":"5decf8b0-d187-4260-9cad-7841d180e7bb"}}
{"__type":"$$EventMessageConfirm","confirm":"51c7041e-b8ab-461a-ba06-e478ee7ecc86","ts":"2025-12-06T18:43:20.779-05:00","source":{"id":"0","name":"eventBus"}}
{"__type":"$$EventMessageNode","id":"4e59ad78-f685-4917-b93a-77739b6e91f9","ts":"2025-12-06T18:43:20.779-05:00","eventName":"n8n.node.started","message":"n8n.node.started","payload":{"workflowId":"8y5ALZTU2BvkIrm4","workflowName":"General","executionId":"53","nodeType":"n8n-nodes-base.code","nodeName":"Code in JavaScript1","nodeId":"fa6afa75-0195-4c00-9736-9fa0dfb030c1"}}
{"__type":"$$EventMessageConfirm","confirm":"4e59ad78-f685-4917-b93a-77739b6e91f9","ts":"2025-12-06T18:43:20.779-05:00","source":{"id":"0","name":"eventBus"}}
{"__type":"$$EventMessageNode","id":"1c09f37b-ed2a-4359-a23e-73ad2946e783","ts":"2025-12-06T18:43:20.785-05:00","eventName":"n8n.node.finished","message":"n8n.node.finished","payload":{"workflowId":"8y5ALZTU2BvkIrm4","workflowName":"General","executionId":"53","nodeType":"n8n-nodes-base.code","nodeName":"Code in JavaScript1","nodeId":"fa6afa75-0195-4c00-9736-9fa0dfb030c1"}}
{"__type":"$$EventMessageConfirm","confirm":"1c09f37b-ed2a-4359-a23e-73ad2946e783","ts":"2025-12-06T18:43:20.785-05:00","source":{"id":"0","name":"eventBus"}}
{"__type":"$$EventMessageNode","id":"bac6804b-bd89-409f-8f42-9e24276d91c5","ts":"2025-12-06T18:43:20.785-05:00","eventName":"n8n.node.started","message":"n8n.node.started","payload":{"workflowId":"8y5ALZTU2BvkIrm4","workflowName":"General","executionId":"53","nodeType":"n8n-nodes-base.if","nodeName":"🎯 Check Great Deal","nodeId":"2d5f8692-815e-4325-a900-48f6502f5fc0"}}
{"__type":"$$EventMessageConfirm","confirm":"bac6804b-bd89-409f-8f42-9e24276d91c5","ts":"2025-12-06T18:43:20.785-05:00","source":{"id":"0","name":"eventBus"}}
{"__type":"$$EventMessageNode","id":"d763a93f-0009-4fb2-ba9f-83d87a768678","ts":"2025-12-06T18:43:20.786-05:00","eventName":"n8n.node.finished","message":"n8n.node.finished","payload":{"workflowId":"8y5ALZTU2BvkIrm4","workflowName":"General","executionId":"53","nodeType":"n8n-nodes-base.if","nodeName":"🎯 Check Great Deal","nodeId":"2d5f8692-815e-4325-a900-48f6502f5fc0"}}
{"__type":"$$EventMessageConfirm","confirm":"d763a93f-0009-4fb2-ba9f-83d87a768678","ts":"2025-12-06T18:43:20.786-05:00","source":{"id":"0","name":"eventBus"}}
{"__type":"$$EventMessageNode","id":"d61b1e52-c47e-4a3e-acf8-15f63ccfe535","ts":"2025-12-06T18:43:20.786-05:00","eventName":"n8n.node.started","message":"n8n.node.started","payload":{"workflowId":"8y5ALZTU2BvkIrm4","workflowName":"General","executionId":"53","nodeType":"n8n-nodes-base.respondToWebhook","nodeName":"Respond to Webhook1","nodeId":"21d30c3a-21ce-476e-a3c4-2813894cc904"}}
{"__type":"$$EventMessageConfirm","confirm":"d61b1e52-c47e-4a3e-acf8-15f63ccfe535","ts":"2025-12-06T18:43:20.786-05:00","source":{"id":"0","name":"eventBus"}}
{"__type":"$$EventMessageNode","id":"20331d40-0e33-454b-bff5-d398b563d7fa","ts":"2025-12-06T18:43:20.787-05:00","eventName":"n8n.node.finished","message":"n8n.node.finished","payload":{"workflowId":"8y5ALZTU2BvkIrm4","workflowName":"General","executionId":"53","nodeType":"n8n-nodes-base.respondToWebhook","nodeName":"Respond to Webhook1","nodeId":"21d30c3a-21ce-476e-a3c4-2813894cc904"}}
{"__type":"$$EventMessageConfirm","confirm":"20331d40-0e33-454b-bff5-d398b563d7fa","ts":"2025-12-06T18:43:20.788-05:00","source":{"id":"0","name":"eventBus"}}
{"__type":"$$EventMessageWorkflow","id":"9a50bdbe-7b32-4487-8865-cda02b893372","ts":"2025-12-06T18:43:20.788-05:00","eventName":"n8n.workflow.success","message":"n8n.workflow.success","payload":{"executionId":"53","success":true,"isManual":false,"workflowId":"8y5ALZTU2BvkIrm4","workflowName":"General"}}
{"__type":"$$EventMessageConfirm","confirm":"9a50bdbe-7b32-4487-8865-cda02b893372","ts":"2025-12-06T18:43:20.788-05:00","source":{"id":"0","name":"eventBus"}}
{"__type":"$$EventMessageNode","id":"967f846d-716e-40e4-aac9-dc6917787b62","ts":"2025-12-06T18:43:20.890-05:00","eventName":"n8n.node.finished","message":"n8n.node.finished","payload":{"workflowId":"8y5ALZTU2BvkIrm4","workflowName":"General","executionId":"52","nodeType":"n8n-nodes-base.supabase","nodeName":"💾 Supabase Storage","nodeId":"5decf8b0-d187-4260-9cad-7841d180e7bb"}}
{"__type":"$$EventMessageConfirm","confirm":"967f846d-716e-40e4-aac9-dc6917787b62","ts":"2025-12-06T18:43:20.890-05:00","source":{"id":"0","name":"eventBus"}}
{"__type":"$$EventMessageNode","id":"08ed407a-b5b2-4ab2-8700-d1eec8917b96","ts":"2025-12-06T18:43:20.890-05:00","eventName":"n8n.node.started","message":"n8n.node.started","payload":{"workflowId":"8y5ALZTU2BvkIrm4","workflowName":"General","executionId":"52","nodeType":"n8n-nodes-base.code","nodeName":"Code in JavaScript1","nodeId":"fa6afa75-0195-4c00-9736-9fa0dfb030c1"}}
{"__type":"$$EventMessageConfirm","confirm":"08ed407a-b5b2-4ab2-8700-d1eec8917b96","ts":"2025-12-06T18:43:20.890-05:00","source":{"id":"0","name":"eventBus"}}
{"__type":"$$EventMessageNode","id":"32921b9d-b10a-4028-8a73-7cc11e1506b5","ts":"2025-12-06T18:43:20.896-05:00","eventName":"n8n.node.finished","message":"n8n.node.finished","payload":{"workflowId":"8y5ALZTU2BvkIrm4","workflowName":"General","executionId":"52","nodeType":"n8n-nodes-base.code","nodeName":"Code in JavaScript1","nodeId":"fa6afa75-0195-4c00-9736-9fa0dfb030c1"}}
{"__type":"$$EventMessageConfirm","confirm":"32921b9d-b10a-4028-8a73-7cc11e1506b5","ts":"2025-12-06T18:43:20.896-05:00","source":{"id":"0","name":"eventBus"}}
{"__type":"$$EventMessageNode","id":"7f816dc0-2c5a-43cc-8cea-5a5feddb34c1","ts":"2025-12-06T18:43:20.897-05:00","eventName":"n8n.node.started","message":"n8n.node.started","payload":{"workflowId":"8y5ALZTU2BvkIrm4","workflowName":"General","executionId":"52","nodeType":"n8n-nodes-base.if","nodeName":"🎯 Check Great Deal","nodeId":"2d5f8692-815e-4325-a900-48f6502f5fc0"}}
{"__type":"$$EventMessageConfirm","confirm":"7f816dc0-2c5a-43cc-8cea-5a5feddb34c1","ts":"2025-12-06T18:43:20.897-05:00","source":{"id":"0","name":"eventBus"}}
{"__type":"$$EventMessageNode","id":"a72f5bcb-c519-40dc-aa96-ea71083bd773","ts":"2025-12-06T18:43:20.898-05:00","eventName":"n8n.node.finished","message":"n8n.node.finished","payload":{"workflowId":"8y5ALZTU2BvkIrm4","workflowName":"General","executionId":"52","nodeType":"n8n-nodes-base.if","nodeName":"🎯 Check Great Deal","nodeId":"2d5f8692-815e-4325-a900-48f6502f5fc0"}}
{"__type":"$$EventMessageConfirm","confirm":"a72f5bcb-c519-40dc-aa96-ea71083bd773","ts":"2025-12-06T18:43:20.898-05:00","source":{"id":"0","name":"eventBus"}}
{"__type":"$$EventMessageNode","id":"939a67a3-2aa0-425b-938a-eb04c3cf7416","ts":"2025-12-06T18:43:20.898-05:00","eventName":"n8n.node.started","message":"n8n.node.started","payload":{"workflowId":"8y5ALZTU2BvkIrm4","workflowName":"General","executionId":"52","nodeType":"n8n-nodes-base.emailSend","nodeName":"Enviar Correo1","nodeId":"cae987c6-c9aa-4be8-abd1-aa4d4e16b230"}}
{"__type":"$$EventMessageConfirm","confirm":"939a67a3-2aa0-425b-938a-eb04c3cf7416","ts":"2025-12-06T18:43:20.898-05:00","source":{"id":"0","name":"eventBus"}}
{"__type":"$$EventMessageNode","id":"90b3a870-fa9d-48a5-af2a-774e2318a774","ts":"2025-12-06T18:43:20.941-05:00","eventName":"n8n.node.finished","message":"n8n.node.finished","payload":{"workflowId":"8y5ALZTU2BvkIrm4","workflowName":"General","executionId":"49","nodeType":"n8n-nodes-base.supabase","nodeName":"💾 Supabase Storage","nodeId":"5decf8b0-d187-4260-9cad-7841d180e7bb"}}
{"__type":"$$EventMessageConfirm","confirm":"90b3a870-fa9d-48a5-af2a-774e2318a774","ts":"2025-12-06T18:43:20.941-05:00","source":{"id":"0","name":"eventBus"}}
{"__type":"$$EventMessageNode","id":"d49cbe08-3669-4190-8f76-90555236a7f8","ts":"2025-12-06T18:43:20.941-05:00","eventName":"n8n.node.started","message":"n8n.node.started","payload":{"workflowId":"8y5ALZTU2BvkIrm4","workflowName":"General","executionId":"49","nodeType":"n8n-nodes-base.code","nodeName":"Code in JavaScript1","nodeId":"fa6afa75-0195-4c00-9736-9fa0dfb030c1"}}
{"__type":"$$EventMessageConfirm","confirm":"d49cbe08-3669-4190-8f76-90555236a7f8","ts":"2025-12-06T18:43:20.941-05:00","source":{"id":"0","name":"eventBus"}}
{"__type":"$$EventMessageNode","id":"c8fb1893-d5e5-4a51-bd02-b7ff71472bed","ts":"2025-12-06T18:43:20.948-05:00","eventName":"n8n.node.finished","message":"n8n.node.finished","payload":{"workflowId":"8y5ALZTU2BvkIrm4","workflowName":"General","executionId":"49","nodeType":"n8n-nodes-base.code","nodeName":"Code in JavaScript1","nodeId":"fa6afa75-0195-4c00-9736-9fa0dfb030c1"}}
{"__type":"$$EventMessageConfirm","confirm":"c8fb1893-d5e5-4a51-bd02-b7ff71472bed","ts":"2025-12-06T18:43:20.948-05:00","source":{"id":"0","name":"eventBus"}}
{"__type":"$$EventMessageNode","id":"2e4a971e-a00e-474e-8ef9-1c8206b9a05a","ts":"2025-12-06T18:43:20.949-05:00","eventName":"n8n.node.started","message":"n8n.node.started","payload":{"workflowId":"8y5ALZTU2BvkIrm4","workflowName":"General","executionId":"49","nodeType":"n8n-nodes-base.if","nodeName":"🎯 Check Great Deal","nodeId":"2d5f8692-815e-4325-a900-48f6502f5fc0"}}
{"__type":"$$EventMessageConfirm","confirm":"2e4a971e-a00e-474e-8ef9-1c8206b9a05a","ts":"2025-12-06T18:43:20.949-05:00","source":{"id":"0","name":"eventBus"}}
{"__type":"$$EventMessageNode","id":"65df5ea0-727b-428b-847b-473bffd7da95","ts":"2025-12-06T18:43:20.950-05:00","eventName":"n8n.node.finished","message":"n8n.node.finished","payload":{"workflowId":"8y5ALZTU2BvkIrm4","workflowName":"General","executionId":"49","nodeType":"n8n-nodes-base.if","nodeName":"🎯 Check Great Deal","nodeId":"2d5f8692-815e-4325-a900-48f6502f5fc0"}}
{"__type":"$$EventMessageConfirm","confirm":"65df5ea0-727b-428b-847b-473bffd7da95","ts":"2025-12-06T18:43:20.950-05:00","source":{"id":"0","name":"eventBus"}}
{"__type":"$$EventMessageNode","id":"4ceb32ff-6678-4d4c-bff1-dd375f20272b","ts":"2025-12-06T18:43:20.950-05:00","eventName":"n8n.node.started","message":"n8n.node.started","payload":{"workflowId":"8y5ALZTU2BvkIrm4","workflowName":"General","executionId":"49","nodeType":"n8n-nodes-base.emailSend","nodeName":"Enviar Correo1","nodeId":"cae987c6-c9aa-4be8-abd1-aa4d4e16b230"}}
{"__type":"$$EventMessageConfirm","confirm":"4ceb32ff-6678-4d4c-bff1-dd375f20272b","ts":"2025-12-06T18:43:20.950-05:00","source":{"id":"0","name":"eventBus"}}
{"__type":"$$EventMessageNode","id":"e68e7bb9-50d9-46aa-ae2f-1b9e046b474b","ts":"2025-12-06T18:43:20.967-05:00","eventName":"n8n.node.finished","message":"n8n.node.finished","payload":{"workflowId":"8y5ALZTU2BvkIrm4","workflowName":"General","executionId":"50","nodeType":"n8n-nodes-base.supabase","nodeName":"💾 Supabase Storage","nodeId":"5decf8b0-d187-4260-9cad-7841d180e7bb"}}
{"__type":"$$EventMessageConfirm","confirm":"e68e7bb9-50d9-46aa-ae2f-1b9e046b474b","ts":"2025-12-06T18:43:20.968-05:00","source":{"id":"0","name":"eventBus"}}
{"__type":"$$EventMessageNode","id":"f650ebea-2a72-4c0d-a69f-e3bb9b2f7960","ts":"2025-12-06T18:43:20.968-05:00","eventName":"n8n.node.started","message":"n8n.node.started","payload":{"workflowId":"8y5ALZTU2BvkIrm4","workflowName":"General","executionId":"50","nodeType":"n8n-nodes-base.code","nodeName":"Code in JavaScript1","nodeId":"fa6afa75-0195-4c00-9736-9fa0dfb030c1"}}
{"__type":"$$EventMessageConfirm","confirm":"f650ebea-2a72-4c0d-a69f-e3bb9b2f7960","ts":"2025-12-06T18:43:20.968-05:00","source":{"id":"0","name":"eventBus"}}
{"__type":"$$EventMessageNode","id":"31e74c67-5440-4a57-a4a7-cf769e9d26bb","ts":"2025-12-06T18:43:20.973-05:00","eventName":"n8n.node.finished","message":"n8n.node.finished","payload":{"workflowId":"8y5ALZTU2BvkIrm4","workflowName":"General","executionId":"50","nodeType":"n8n-nodes-base.code","nodeName":"Code in JavaScript1","nodeId":"fa6afa75-0195-4c00-9736-9fa0dfb030c1"}}
{"__type":"$$EventMessageConfirm","confirm":"31e74c67-5440-4a57-a4a7-cf769e9d26bb","ts":"2025-12-06T18:43:20.973-05:00","source":{"id":"0","name":"eventBus"}}
{"__type":"$$EventMessageNode","id":"ec6f7295-6a4c-461b-bd18-131287ed2e7a","ts":"2025-12-06T18:43:20.973-05:00","eventName":"n8n.node.started","message":"n8n.node.started","payload":{"workflowId":"8y5ALZTU2BvkIrm4","workflowName":"General","executionId":"50","nodeType":"n8n-nodes-base.if","nodeName":"🎯 Check Great Deal","nodeId":"2d5f8692-815e-4325-a900-48f6502f5fc0"}}
{"__type":"$$EventMessageConfirm","confirm":"ec6f7295-6a4c-461b-bd18-131287ed2e7a","ts":"2025-12-06T18:43:20.973-05:00","source":{"id":"0","name":"eventBus"}}
{"__type":"$$EventMessageNode","id":"668385fe-2c07-4854-95a9-c6681eb4613c","ts":"2025-12-06T18:43:20.974-05:00","eventName":"n8n.node.finished","message":"n8n.node.finished","payload":{"workflowId":"8y5ALZTU2BvkIrm4","workflowName":"General","executionId":"50","nodeType":"n8n-nodes-base.if","nodeName":"🎯 Check Great Deal","nodeId":"2d5f8692-815e-4325-a900-48f6502f5fc0"}}
{"__type":"$$EventMessageConfirm","confirm":"668385fe-2c07-4854-95a9-c6681eb4613c","ts":"2025-12-06T18:43:20.974-05:00","source":{"id":"0","name":"eventBus"}}
{"__type":"$$EventMessageNode","id":"03f6d227-07cb-47d6-a416-f4f0f0633725","ts":"2025-12-06T18:43:20.974-05:00","eventName":"n8n.node.started","message":"n8n.node.started","payload":{"workflowId":"8y5ALZTU2BvkIrm4","workflowName":"General","executionId":"50","nodeType":"n8n-nodes-base.emailSend","nodeName":"Enviar Correo1","nodeId":"cae987c6-c9aa-4be8-abd1-aa4d4e16b230"}}
{"__type":"$$EventMessageConfirm","confirm":"03f6d227-07cb-47d6-a416-f4f0f0633725","ts":"2025-12-06T18:43:20.974-05:00","source":{"id":"0","name":"eventBus"}}
{"__type":"$$EventMessageNode","id":"853e26bf-2651-4357-a6b5-744584cb1ae1","ts":"2025-12-06T18:43:20.999-05:00","eventName":"n8n.node.finished","message":"n8n.node.finished","payload":{"workflowId":"8y5ALZTU2BvkIrm4","workflowName":"General","executionId":"55","nodeType":"n8n-nodes-base.httpRequest","nodeName":"🏨 Amadeus Hotels Search","nodeId":"335375c3-b2c4-488a-a187-5db699984bb5"}}
{"__type":"$$EventMessageConfirm","confirm":"853e26bf-2651-4357-a6b5-744584cb1ae1","ts":"2025-12-06T18:43:21.000-05:00","source":{"id":"0","name":"eventBus"}}
{"__type":"$$EventMessageNode","id":"c7e5c37f-29cc-40ca-aca0-8e49eb94c9f0","ts":"2025-12-06T18:43:21.000-05:00","eventName":"n8n.node.started","message":"n8n.node.started","payload":{"workflowId":"8y5ALZTU2BvkIrm4","workflowName":"General","executionId":"55","nodeType":"n8n-nodes-base.code","nodeName":"🧩 Parse Amadeus Hotels","nodeId":"47677723-da63-41ea-8c58-4cff95258258"}}
{"__type":"$$EventMessageConfirm","confirm":"c7e5c37f-29cc-40ca-aca0-8e49eb94c9f0","ts":"2025-12-06T18:43:21.000-05:00","source":{"id":"0","name":"eventBus"}}
{"__type":"$$EventMessageNode","id":"b03c685c-120d-4503-af52-ae9ce406e357","ts":"2025-12-06T18:43:21.039-05:00","eventName":"n8n.node.finished","message":"n8n.node.finished","payload":{"workflowId":"8y5ALZTU2BvkIrm4","workflowName":"General","executionId":"55","nodeType":"n8n-nodes-base.code","nodeName":"🧩 Parse Amadeus Hotels","nodeId":"47677723-da63-41ea-8c58-4cff95258258"}}
{"__type":"$$EventMessageConfirm","confirm":"b03c685c-120d-4503-af52-ae9ce406e357","ts":"2025-12-06T18:43:21.039-05:00","source":{"id":"0","name":"eventBus"}}
{"__type":"$$EventMessageNode","id":"0282865e-cf9e-4a6c-90cf-6191e364f4bb","ts":"2025-12-06T18:43:21.040-05:00","eventName":"n8n.node.started","message":"n8n.node.started","payload":{"workflowId":"8y5ALZTU2BvkIrm4","workflowName":"General","executionId":"55","nodeType":"n8n-nodes-base.code","nodeName":"Code in JavaScript","nodeId":"9ad265ae-5dcc-402a-9191-c6e7792d671f"}}
{"__type":"$$EventMessageConfirm","confirm":"0282865e-cf9e-4a6c-90cf-6191e364f4bb","ts":"2025-12-06T18:43:21.041-05:00","source":{"id":"0","name":"eventBus"}}
{"__type":"$$EventMessageNode","id":"738ac9f9-f3cc-4d25-911b-b778ef9752fc","ts":"2025-12-06T18:43:21.050-05:00","eventName":"n8n.node.finished","message":"n8n.node.finished","payload":{"workflowId":"8y5ALZTU2BvkIrm4","workflowName":"General","executionId":"55","nodeType":"n8n-nodes-base.code","nodeName":"Code in JavaScript","nodeId":"9ad265ae-5dcc-402a-9191-c6e7792d671f"}}
{"__type":"$$EventMessageConfirm","confirm":"738ac9f9-f3cc-4d25-911b-b778ef9752fc","ts":"2025-12-06T18:43:21.051-05:00","source":{"id":"0","name":"eventBus"}}
{"__type":"$$EventMessageNode","id":"b0057978-dc47-4d5e-9d20-988a587e21ef","ts":"2025-12-06T18:43:21.051-05:00","eventName":"n8n.node.started","message":"n8n.node.started","payload":{"workflowId":"8y5ALZTU2BvkIrm4","workflowName":"General","executionId":"55","nodeType":"n8n-nodes-base.function","nodeName":"💡 Generate Travel Recommendations","nodeId":"300dd062-67fe-4694-b4db-81170145ca24"}}
{"__type":"$$EventMessageConfirm","confirm":"b0057978-dc47-4d5e-9d20-988a587e21ef","ts":"2025-12-06T18:43:21.051-05:00","source":{"id":"0","name":"eventBus"}}
{"__type":"$$EventMessageNode","id":"1b2a4ff8-c693-4144-91f4-3672bfa7a21f","ts":"2025-12-06T18:43:21.060-05:00","eventName":"n8n.node.finished","message":"n8n.node.finished","payload":{"workflowId":"8y5ALZTU2BvkIrm4","workflowName":"General","executionId":"55","nodeType":"n8n-nodes-base.function","nodeName":"💡 Generate Travel Recommendations","nodeId":"300dd062-67fe-4694-b4db-81170145ca24"}}
{"__type":"$$EventMessageConfirm","confirm":"1b2a4ff8-c693-4144-91f4-3672bfa7a21f","ts":"2025-12-06T18:43:21.060-05:00","source":{"id":"0","name":"eventBus"}}
{"__type":"$$EventMessageNode","id":"e869e98d-90fb-4583-9a5d-9070bd6e6dcd","ts":"2025-12-06T18:43:21.060-05:00","eventName":"n8n.node.started","message":"n8n.node.started","payload":{"workflowId":"8y5ALZTU2BvkIrm4","workflowName":"General","executionId":"55","nodeType":"n8n-nodes-base.supabase","nodeName":"💾 Supabase Storage","nodeId":"5decf8b0-d187-4260-9cad-7841d180e7bb"}}
{"__type":"$$EventMessageConfirm","confirm":"e869e98d-90fb-4583-9a5d-9070bd6e6dcd","ts":"2025-12-06T18:43:21.060-05:00","source":{"id":"0","name":"eventBus"}}
{"__type":"$$EventMessageNode","id":"b36c6499-00b6-402e-89e9-45875ed3b63e","ts":"2025-12-06T18:43:21.109-05:00","eventName":"n8n.node.finished","message":"n8n.node.finished","payload":{"workflowId":"8y5ALZTU2BvkIrm4","workflowName":"General","executionId":"58","nodeType":"n8n-nodes-base.httpRequest","nodeName":"✈️ Skyscanner Flights","nodeId":"6d1d14dd-30a6-4993-a0b8-2e926b5e6f7d"}}
{"__type":"$$EventMessageConfirm","confirm":"b36c6499-00b6-402e-89e9-45875ed3b63e","ts":"2025-12-06T18:43:21.109-05:00","source":{"id":"0","name":"eventBus"}}
{"__type":"$$EventMessageNode","id":"2b310729-e407-4fed-8825-218580879316","ts":"2025-12-06T18:43:21.110-05:00","eventName":"n8n.node.started","message":"n8n.node.started","payload":{"workflowId":"8y5ALZTU2BvkIrm4","workflowName":"General","executionId":"58","nodeType":"n8n-nodes-base.httpRequest","nodeName":"🗝️ Amadeus Auth Token","nodeId":"ddee2ef7-119f-4f23-8649-7285c81ad086"}}
{"__type":"$$EventMessageConfirm","confirm":"2b310729-e407-4fed-8825-218580879316","ts":"2025-12-06T18:43:21.110-05:00","source":{"id":"0","name":"eventBus"}}
{"__type":"$$EventMessageWorkflow","id":"4f4c822d-f078-43d8-b054-298ab8bb523c","ts":"2025-12-06T18:43:21.125-05:00","eventName":"n8n.workflow.started","message":"n8n.workflow.started","payload":{"executionId":"59","workflowId":"8y5ALZTU2BvkIrm4","isManual":false,"workflowName":"General"}}
{"__type":"$$EventMessageConfirm","confirm":"4f4c822d-f078-43d8-b054-298ab8bb523c","ts":"2025-12-06T18:43:21.125-05:00","source":{"id":"0","name":"eventBus"}}
{"__type":"$$EventMessageNode","id":"9d1447d3-bead-4b53-bd2d-26fb468a4336","ts":"2025-12-06T18:43:21.126-05:00","eventName":"n8n.node.started","message":"n8n.node.started","payload":{"workflowId":"8y5ALZTU2BvkIrm4","workflowName":"General","executionId":"59","nodeType":"n8n-nodes-base.webhook","nodeName":"📱 Streamlit Webhook","nodeId":"ae8059ee-5c26-4af5-83ea-0b147821a989"}}
{"__type":"$$EventMessageConfirm","confirm":"9d1447d3-bead-4b53-bd2d-26fb468a4336","ts":"2025-12-06T18:43:21.126-05:00","source":{"id":"0","name":"eventBus"}}
{"__type":"$$EventMessageNode","id":"6242a135-3ec5-4cce-8b8b-f38e30342910","ts":"2025-12-06T18:43:21.126-05:00","eventName":"n8n.node.finished","message":"n8n.node.finished","payload":{"workflowId":"8y5ALZTU2BvkIrm4","workflowName":"General","executionId":"59","nodeType":"n8n-nodes-base.webhook","nodeName":"📱 Streamlit Webhook","nodeId":"ae8059ee-5c26-4af5-83ea-0b147821a989"}}
{"__type":"$$EventMessageConfirm","confirm":"6242a135-3ec5-4cce-8b8b-f38e30342910","ts":"2025-12-06T18:43:21.126-05:00","source":{"id":"0","name":"eventBus"}}
{"__type":"$$EventMessageNode","id":"1177b6af-c5e1-4d83-a899-8386af66a926","ts":"2025-12-06T18:43:21.126-05:00","eventName":"n8n.node.started","message":"n8n.node.started","payload":{"workflowId":"8y5ALZTU2BvkIrm4","workflowName":"General","executionId":"59","nodeType":"n8n-nodes-base.function","nodeName":"Process Travel Data","nodeId":"02497c10-01cd-4448-8373-576a8cdff0cf"}}
{"__type":"$$EventMessageConfirm","confirm":"1177b6af-c5e1-4d83-a899-8386af66a926","ts":"2025-12-06T18:43:21.126-05:00","source":{"id":"0","name":"eventBus"}}
{"__type":"$$EventMessageNode","id":"88a5a50b-5a23-4b94-9244-8363e1da6af7","ts":"2025-12-06T18:43:21.133-05:00","eventName":"n8n.node.finished","message":"n8n.node.finished","payload":{"workflowId":"8y5ALZTU2BvkIrm4","workflowName":"General","executionId":"59","nodeType":"n8n-nodes-base.function","nodeName":"Process Travel Data","nodeId":"02497c10-01cd-4448-8373-576a8cdff0cf"}}
{"__type":"$$EventMessageConfirm","confirm":"88a5a50b-5a23-4b94-9244-8363e1da6af7","ts":"2025-12-06T18:43:21.133-05:00","source":{"id":"0","name":"eventBus"}}
{"__type":"$$EventMessageNode","id":"112886f6-00ae-436a-9987-0ec3834a5e47","ts":"2025-12-06T18:43:21.133-05:00","eventName":"n8n.node.started","message":"n8n.node.started","payload":{"workflowId":"8y5ALZTU2BvkIrm4","workflowName":"General","executionId":"59","nodeType":"n8n-nodes-base.httpRequest","nodeName":"✈️ Skyscanner Flights","nodeId":"6d1d14dd-30a6-4993-a0b8-2e926b5e6f7d"}}
{"__type":"$$EventMessageConfirm","confirm":"112886f6-00ae-436a-9987-0ec3834a5e47","ts":"2025-12-06T18:43:21.133-05:00","source":{"id":"0","name":"eventBus"}}
{"__type":"$$EventMessageNode","id":"30845d51-a7ca-49a4-8737-b86438fe03e5","ts":"2025-12-06T18:43:21.202-05:00","eventName":"n8n.node.finished","message":"n8n.node.finished","payload":{"workflowId":"8y5ALZTU2BvkIrm4","workflowName":"General","executionId":"51","nodeType":"n8n-nodes-base.supabase","nodeName":"💾 Supabase Storage","nodeId":"5decf8b0-d187-4260-9cad-7841d180e7bb"}}
{"__type":"$$EventMessageConfirm","confirm":"30845d51-a7ca-49a4-8737-b86438fe03e5","ts":"2025-12-06T18:43:21.203-05:00","source":{"id":"0","name":"eventBus"}}
{"__type":"$$EventMessageNode","id":"ba8fee37-2abf-4f13-a5cb-24f36461c3fd","ts":"2025-12-06T18:43:21.203-05:00","eventName":"n8n.node.started","message":"n8n.node.started","payload":{"workflowId":"8y5ALZTU2BvkIrm4","workflowName":"General","executionId":"51","nodeType":"n8n-nodes-base.code","nodeName":"Code in JavaScript1","nodeId":"fa6afa75-0195-4c00-9736-9fa0dfb030c1"}}
{"__type":"$$EventMessageConfirm","confirm":"ba8fee37-2abf-4f13-a5cb-24f36461c3fd","ts":"2025-12-06T18:43:21.203-05:00","source":{"id":"0","name":"eventBus"}}
{"__type":"$$EventMessageNode","id":"d938f234-a337-479d-96cd-b3673e98a2a5","ts":"2025-12-06T18:43:21.208-05:00","eventName":"n8n.node.finished","message":"n8n.node.finished","payload":{"workflowId":"8y5ALZTU2BvkIrm4","workflowName":"General","executionId":"51","nodeType":"n8n-nodes-base.code","nodeName":"Code in JavaScript1","nodeId":"fa6afa75-0195-4c00-9736-9fa0dfb030c1"}}
{"__type":"$$EventMessageConfirm","confirm":"d938f234-a337-479d-96cd-b3673e98a2a5","ts":"2025-12-06T18:43:21.208-05:00","source":{"id":"0","name":"eventBus"}}
{"__type":"$$EventMessageNode","id":"c9422523-874e-49e7-ad34-de7dcdfa6760","ts":"2025-12-06T18:43:21.208-05:00","eventName":"n8n.node.started","message":"n8n.node.started","payload":{"workflowId":"8y5ALZTU2BvkIrm4","workflowName":"General","executionId":"51","nodeType":"n8n-nodes-base.if","nodeName":"🎯 Check Great Deal","nodeId":"2d5f8692-815e-4325-a900-48f6502f5fc0"}}
{"__type":"$$EventMessageConfirm","confirm":"c9422523-874e-49e7-ad34-de7dcdfa6760","ts":"2025-12-06T18:43:21.208-05:00","source":{"id":"0","name":"eventBus"}}
{"__type":"$$EventMessageNode","id":"0c928263-f5bd-4d34-8a49-3f072b130c02","ts":"2025-12-06T18:43:21.208-05:00","eventName":"n8n.node.finished","message":"n8n.node.finished","payload":{"workflowId":"8y5ALZTU2BvkIrm4","workflowName":"General","executionId":"51","nodeType":"n8n-nodes-base.if","nodeName":"🎯 Check Great Deal","nodeId":"2d5f8692-815e-4325-a900-48f6502f5fc0"}}
{"__type":"$$EventMessageConfirm","confirm":"0c928263-f5bd-4d34-8a49-3f072b130c02","ts":"2025-12-06T18:43:21.209-05:00","source":{"id":"0","name":"eventBus"}}
{"__type":"$$EventMessageNode","id":"aab3f4e6-a9c8-45e9-afaf-1a534e78f5f3","ts":"2025-12-06T18:43:21.209-05:00","eventName":"n8n.node.started","message":"n8n.node.started","payload":{"workflowId":"8y5ALZTU2BvkIrm4","workflowName":"General","executionId":"51","nodeType":"n8n-nodes-base.emailSend","nodeName":"Enviar Correo1","nodeId":"cae987c6-c9aa-4be8-abd1-aa4d4e16b230"}}
{"__type":"$$EventMessageConfirm","confirm":"aab3f4e6-a9c8-45e9-afaf-1a534e78f5f3","ts":"2025-12-06T18:43:21.209-05:00","source":{"id":"0","name":"eventBus"}}
{"__type":"$$EventMessageNode","id":"933daa39-f5b7-41f9-83dc-a734863d18f0","ts":"2025-12-06T18:43:21.540-05:00","eventName":"n8n.node.finished","message":"n8n.node.finished","payload":{"workflowId":"8y5ALZTU2BvkIrm4","workflowName":"General","executionId":"57","nodeType":"n8n-nodes-base.httpRequest","nodeName":"🗝️ Amadeus Auth Token","nodeId":"ddee2ef7-119f-4f23-8649-7285c81ad086"}}
{"__type":"$$EventMessageConfirm","confirm":"933daa39-f5b7-41f9-83dc-a734863d18f0","ts":"2025-12-06T18:43:21.540-05:00","source":{"id":"0","name":"eventBus"}}
{"__type":"$$EventMessageNode","id":"b3d8b8f0-9f81-484a-b9a9-eae200373785","ts":"2025-12-06T18:43:21.540-05:00","eventName":"n8n.node.started","message":"n8n.node.started","payload":{"workflowId":"8y5ALZTU2BvkIrm4","workflowName":"General","executionId":"57","nodeType":"n8n-nodes-base.httpRequest","nodeName":"🏨 Amadeus Hotels Search","nodeId":"335375c3-b2c4-488a-a187-5db699984bb5"}}
{"__type":"$$EventMessageConfirm","confirm":"b3d8b8f0-9f81-484a-b9a9-eae200373785","ts":"2025-12-06T18:43:21.540-05:00","source":{"id":"0","name":"eventBus"}}
{"__type":"$$EventMessageNode","id":"49119a65-420d-4bc0-af8e-815cc94d4ef8","ts":"2025-12-06T18:43:21.594-05:00","eventName":"n8n.node.finished","message":"n8n.node.finished","payload":{"workflowId":"8y5ALZTU2BvkIrm4","workflowName":"General","executionId":"55","nodeType":"n8n-nodes-base.supabase","nodeName":"💾 Supabase Storage","nodeId":"5decf8b0-d187-4260-9cad-7841d180e7bb"}}
{"__type":"$$EventMessageConfirm","confirm":"49119a65-420d-4bc0-af8e-815cc94d4ef8","ts":"2025-12-06T18:43:21.594-05:00","source":{"id":"0","name":"eventBus"}}
{"__type":"$$EventMessageNode","id":"67737c9e-216f-4174-8e84-3183bb0348da","ts":"2025-12-06T18:43:21.594-05:00","eventName":"n8n.node.started","message":"n8n.node.started","payload":{"workflowId":"8y5ALZTU2BvkIrm4","workflowName":"General","executionId":"55","nodeType":"n8n-nodes-base.code","nodeName":"Code in JavaScript1","nodeId":"fa6afa75-0195-4c00-9736-9fa0dfb030c1"}}
{"__type":"$$EventMessageConfirm","confirm":"67737c9e-216f-4174-8e84-3183bb0348da","ts":"2025-12-06T18:43:21.594-05:00","source":{"id":"0","name":"eventBus"}}
{"__type":"$$EventMessageNode","id":"2808d7ad-f8ae-420b-a4cb-d1fb4a5f91c4","ts":"2025-12-06T18:43:21.600-05:00","eventName":"n8n.node.finished","message":"n8n.node.finished","payload":{"workflowId":"8y5ALZTU2BvkIrm4","workflowName":"General","executionId":"55","nodeType":"n8n-nodes-base.code","nodeName":"Code in JavaScript1","nodeId":"fa6afa75-0195-4c00-9736-9fa0dfb030c1"}}
{"__type":"$$EventMessageConfirm","confirm":"2808d7ad-f8ae-420b-a4cb-d1fb4a5f91c4","ts":"2025-12-06T18:43:21.600-05:00","source":{"id":"0","name":"eventBus"}}
{"__type":"$$EventMessageNode","id":"58d0a41f-b230-4673-b772-3904e269d9f7","ts":"2025-12-06T18:43:21.600-05:00","eventName":"n8n.node.started","message":"n8n.node.started","payload":{"workflowId":"8y5ALZTU2BvkIrm4","workflowName":"General","executionId":"55","nodeType":"n8n-nodes-base.if","nodeName":"🎯 Check Great Deal","nodeId":"2d5f8692-815e-4325-a900-48f6502f5fc0"}}
{"__type":"$$EventMessageConfirm","confirm":"58d0a41f-b230-4673-b772-3904e269d9f7","ts":"2025-12-06T18:43:21.601-05:00","source":{"id":"0","name":"eventBus"}}
{"__type":"$$EventMessageNode","id":"6106a907-ffe5-4b5c-9109-5adea309a0b8","ts":"2025-12-06T18:43:21.602-05:00","eventName":"n8n.node.finished","message":"n8n.node.finished","payload":{"workflowId":"8y5ALZTU2BvkIrm4","workflowName":"General","executionId":"55","nodeType":"n8n-nodes-base.if","nodeName":"🎯 Check Great Deal","nodeId":"2d5f8692-815e-4325-a900-48f6502f5fc0"}}
{"__type":"$$EventMessageConfirm","confirm":"6106a907-ffe5-4b5c-9109-5adea309a0b8","ts":"2025-12-06T18:43:21.602-05:00","source":{"id":"0","name":"eventBus"}}
{"__type":"$$EventMessageNode","id":"df611675-117a-483d-9988-27de71f35b51","ts":"2025-12-06T18:43:21.602-05:00","eventName":"n8n.node.started","message":"n8n.node.started","payload":{"workflowId":"8y5ALZTU2BvkIrm4","workflowName":"General","executionId":"55","nodeType":"n8n-nodes-base.respondToWebhook","nodeName":"Respond to Webhook1","nodeId":"21d30c3a-21ce-476e-a3c4-2813894cc904"}}
{"__type":"$$EventMessageConfirm","confirm":"df611675-117a-483d-9988-27de71f35b51","ts":"2025-12-06T18:43:21.602-05:00","source":{"id":"0","name":"eventBus"}}
{"__type":"$$EventMessageNode","id":"18bc371c-8745-499f-879a-ee7b74774e39","ts":"2025-12-06T18:43:21.604-05:00","eventName":"n8n.node.finished","message":"n8n.node.finished","payload":{"workflowId":"8y5ALZTU2BvkIrm4","workflowName":"General","executionId":"55","nodeType":"n8n-nodes-base.respondToWebhook","nodeName":"Respond to Webhook1","nodeId":"21d30c3a-21ce-476e-a3c4-2813894cc904"}}
{"__type":"$$EventMessageConfirm","confirm":"18bc371c-8745-499f-879a-ee7b74774e39","ts":"2025-12-06T18:43:21.604-05:00","source":{"id":"0","name":"eventBus"}}
{"__type":"$$EventMessageWorkflow","id":"6df30be0-ec19-482c-9940-c9d02858a9a4","ts":"2025-12-06T18:43:21.604-05:00","eventName":"n8n.workflow.success","message":"n8n.workflow.success","payload":{"executionId":"55","success":true,"isManual":false,"workflowId":"8y5ALZTU2BvkIrm4","workflowName":"General"}}
{"__type":"$$EventMessageConfirm","confirm":"6df30be0-ec19-482c-9940-c9d02858a9a4","ts":"2025-12-06T18:43:21.604-05:00","source":{"id":"0","name":"eventBus"}}
{"__type":"$$EventMessageNode","id":"e8f61982-461a-457d-84eb-4d40048a981c","ts":"2025-12-06T18:43:21.762-05:00","eventName":"n8n.node.finished","message":"n8n.node.finished","payload":{"workflowId":"8y5ALZTU2BvkIrm4","workflowName":"General","executionId":"56","nodeType":"n8n-nodes-base.httpRequest","nodeName":"🏨 Amadeus Hotels Search","nodeId":"335375c3-b2c4-488a-a187-5db699984bb5"}}
{"__type":"$$EventMessageConfirm","confirm":"e8f61982-461a-457d-84eb-4d40048a981c","ts":"2025-12-06T18:43:21.763-05:00","source":{"id":"0","name":"eventBus"}}
{"__type":"$$EventMessageNode","id":"365dc6f5-eaf5-47ee-813d-bd7f985bc7f7","ts":"2025-12-06T18:43:21.763-05:00","eventName":"n8n.node.started","message":"n8n.node.started","payload":{"workflowId":"8y5ALZTU2BvkIrm4","workflowName":"General","executionId":"56","nodeType":"n8n-nodes-base.code","nodeName":"🧩 Parse Amadeus Hotels","nodeId":"47677723-da63-41ea-8c58-4cff95258258"}}
{"__type":"$$EventMessageConfirm","confirm":"365dc6f5-eaf5-47ee-813d-bd7f985bc7f7","ts":"2025-12-06T18:43:21.763-05:00","source":{"id":"0","name":"eventBus"}}
{"__type":"$$EventMessageNode","id":"068c83a0-683a-4282-950f-8debc9828709","ts":"2025-12-06T18:43:21.797-05:00","eventName":"n8n.node.finished","message":"n8n.node.finished","payload":{"workflowId":"8y5ALZTU2BvkIrm4","workflowName":"General","executionId":"56","nodeType":"n8n-nodes-base.code","nodeName":"🧩 Parse Amadeus Hotels","nodeId":"47677723-da63-41ea-8c58-4cff95258258"}}
{"__type":"$$EventMessageConfirm","confirm":"068c83a0-683a-4282-950f-8debc9828709","ts":"2025-12-06T18:43:21.797-05:00","source":{"id":"0","name":"eventBus"}}
{"__type":"$$EventMessageNode","id":"b314161a-c823-4afa-8170-5657b0ce52cf","ts":"2025-12-06T18:43:21.799-05:00","eventName":"n8n.node.started","message":"n8n.node.started","payload":{"workflowId":"8y5ALZTU2BvkIrm4","workflowName":"General","executionId":"56","nodeType":"n8n-nodes-base.code","nodeName":"Code in JavaScript","nodeId":"9ad265ae-5dcc-402a-9191-c6e7792d671f"}}
{"__type":"$$EventMessageConfirm","confirm":"b314161a-c823-4afa-8170-5657b0ce52cf","ts":"2025-12-06T18:43:21.799-05:00","source":{"id":"0","name":"eventBus"}}
{"__type":"$$EventMessageNode","id":"f97c46de-08b4-42ba-8bd6-f562dd027dfb","ts":"2025-12-06T18:43:21.810-05:00","eventName":"n8n.node.finished","message":"n8n.node.finished","payload":{"workflowId":"8y5ALZTU2BvkIrm4","workflowName":"General","executionId":"56","nodeType":"n8n-nodes-base.code","nodeName":"Code in JavaScript","nodeId":"9ad265ae-5dcc-402a-9191-c6e7792d671f"}}
{"__type":"$$EventMessageConfirm","confirm":"f97c46de-08b4-42ba-8bd6-f562dd027dfb","ts":"2025-12-06T18:43:21.811-05:00","source":{"id":"0","name":"eventBus"}}
{"__type":"$$EventMessageNode","id":"4eba3c4b-86c5-4cd2-9059-cbf6797f3bfe","ts":"2025-12-06T18:43:21.811-05:00","eventName":"n8n.node.started","message":"n8n.node.started","payload":{"workflowId":"8y5ALZTU2BvkIrm4","workflowName":"General","executionId":"56","nodeType":"n8n-nodes-base.function","nodeName":"💡 Generate Travel Recommendations","nodeId":"300dd062-67fe-4694-b4db-81170145ca24"}}
{"__type":"$$EventMessageConfirm","confirm":"4eba3c4b-86c5-4cd2-9059-cbf6797f3bfe","ts":"2025-12-06T18:43:21.811-05:00","source":{"id":"0","name":"eventBus"}}
{"__type":"$$EventMessageNode","id":"c8b46b53-55a0-4650-9117-f4206b244416","ts":"2025-12-06T18:43:21.820-05:00","eventName":"n8n.node.finished","message":"n8n.node.finished","payload":{"workflowId":"8y5ALZTU2BvkIrm4","workflowName":"General","executionId":"56","nodeType":"n8n-nodes-base.function","nodeName":"💡 Generate Travel Recommendations","nodeId":"300dd062-67fe-4694-b4db-81170145ca24"}}
{"__type":"$$EventMessageConfirm","confirm":"c8b46b53-55a0-4650-9117-f4206b244416","ts":"2025-12-06T18:43:21.820-05:00","source":{"id":"0","name":"eventBus"}}
{"__type":"$$EventMessageNode","id":"89b871f2-f40e-4507-a209-4861d5db6f5f","ts":"2025-12-06T18:43:21.820-05:00","eventName":"n8n.node.started","message":"n8n.node.started","payload":{"workflowId":"8y5ALZTU2BvkIrm4","workflowName":"General","executionId":"56","nodeType":"n8n-nodes-base.supabase","nodeName":"💾 Supabase Storage","nodeId":"5decf8b0-d187-4260-9cad-7841d180e7bb"}}
{"__type":"$$EventMessageConfirm","confirm":"89b871f2-f40e-4507-a209-4861d5db6f5f","ts":"2025-12-06T18:43:21.820-05:00","source":{"id":"0","name":"eventBus"}}
{"__type":"$$EventMessageWorkflow","id":"8f4e6e50-bad4-4b6c-9c76-d2fbc8e61a7c","ts":"2025-12-06T18:43:21.927-05:00","eventName":"n8n.workflow.started","message":"n8n.workflow.started","payload":{"executionId":"60","workflowId":"8y5ALZTU2BvkIrm4","isManual":false,"workflowName":"General"}}
{"__type":"$$EventMessageConfirm","confirm":"8f4e6e50-bad4-4b6c-9c76-d2fbc8e61a7c","ts":"2025-12-06T18:43:21.927-05:00","source":{"id":"0","name":"eventBus"}}
{"__type":"$$EventMessageNode","id":"01c39612-11c2-4185-82dc-93e491cf00e2","ts":"2025-12-06T18:43:21.927-05:00","eventName":"n8n.node.started","message":"n8n.node.started","payload":{"workflowId":"8y5ALZTU2BvkIrm4","workflowName":"General","executionId":"60","nodeType":"n8n-nodes-base.webhook","nodeName":"📱 Streamlit Webhook","nodeId":"ae8059ee-5c26-4af5-83ea-0b147821a989"}}
{"__type":"$$EventMessageConfirm","confirm":"01c39612-11c2-4185-82dc-93e491cf00e2","ts":"2025-12-06T18:43:21.927-05:00","source":{"id":"0","name":"eventBus"}}
{"__type":"$$EventMessageNode","id":"5785e302-e1d8-45be-8a6f-b75bfea44ee3","ts":"2025-12-06T18:43:21.927-05:00","eventName":"n8n.node.finished","message":"n8n.node.finished","payload":{"workflowId":"8y5ALZTU2BvkIrm4","workflowName":"General","executionId":"60","nodeType":"n8n-nodes-base.webhook","nodeName":"📱 Streamlit Webhook","nodeId":"ae8059ee-5c26-4af5-83ea-0b147821a989"}}
{"__type":"$$EventMessageConfirm","confirm":"5785e302-e1d8-45be-8a6f-b75bfea44ee3","ts":"2025-12-06T18:43:21.928-05:00","source":{"id":"0","name":"eventBus"}}
{"__type":"$$EventMessageNode","id":"decffc4e-ab4b-4bc2-a341-a194db96422b","ts":"2025-12-06T18:43:21.928-05:00","eventName":"n8n.node.started","message":"n8n.node.started","payload":{"workflowId":"8y5ALZTU2BvkIrm4","workflowName":"General","executionId":"60","nodeType":"n8n-nodes-base.function","nodeName":"Process Travel Data","nodeId":"02497c10-01cd-4448-8373-576a8cdff0cf"}}
{"__type":"$$EventMessageConfirm","confirm":"decffc4e-ab4b-4bc2-a341-a194db96422b","ts":"2025-12-06T18:43:21.928-05:00","source":{"id":"0","name":"eventBus"}}
{"__type":"$$EventMessageNode","id":"92fd4006-9458-4d8d-b219-2cd5f7131460","ts":"2025-12-06T18:43:21.935-05:00","eventName":"n8n.node.finished","message":"n8n.node.finished","payload":{"workflowId":"8y5ALZTU2BvkIrm4","workflowName":"General","executionId":"60","nodeType":"n8n-nodes-base.function","nodeName":"Process Travel Data","nodeId":"02497c10-01cd-4448-8373-576a8cdff0cf"}}
{"__type":"$$EventMessageConfirm","confirm":"92fd4006-9458-4d8d-b219-2cd5f7131460","ts":"2025-12-06T18:43:21.935-05:00","source":{"id":"0","name":"eventBus"}}
{"__type":"$$EventMessageNode","id":"3b3be17f-e475-48c7-b595-537840be3424","ts":"2025-12-06T18:43:21.935-05:00","eventName":"n8n.node.started","message":"n8n.node.started","payload":{"workflowId":"8y5ALZTU2BvkIrm4","workflowName":"General","executionId":"60","nodeType":"n8n-nodes-base.httpRequest","nodeName":"✈️ Skyscanner Flights","nodeId":"6d1d14dd-30a6-4993-a0b8-2e926b5e6f7d"}}
{"__type":"$$EventMessageConfirm","confirm":"3b3be17f-e475-48c7-b595-537840be3424","ts":"2025-12-06T18:43:21.935-05:00","source":{"id":"0","name":"eventBus"}}
{"__type":"$$EventMessageNode","id":"5cd5035b-4d7c-4270-96ed-8e83c865110a","ts":"2025-12-06T18:43:22.061-05:00","eventName":"n8n.node.finished","message":"n8n.node.finished","payload":{"workflowId":"8y5ALZTU2BvkIrm4","workflowName":"General","executionId":"58","nodeType":"n8n-nodes-base.httpRequest","nodeName":"🗝️ Amadeus Auth Token","nodeId":"ddee2ef7-119f-4f23-8649-7285c81ad086"}}
{"__type":"$$EventMessageConfirm","confirm":"5cd5035b-4d7c-4270-96ed-8e83c865110a","ts":"2025-12-06T18:43:22.061-05:00","source":{"id":"0","name":"eventBus"}}
{"__type":"$$EventMessageNode","id":"020abff2-f3c1-4fce-b147-1f10416a2a1a","ts":"2025-12-06T18:43:22.061-05:00","eventName":"n8n.node.started","message":"n8n.node.started","payload":{"workflowId":"8y5ALZTU2BvkIrm4","workflowName":"General","executionId":"58","nodeType":"n8n-nodes-base.httpRequest","nodeName":"🏨 Amadeus Hotels Search","nodeId":"335375c3-b2c4-488a-a187-5db699984bb5"}}
{"__type":"$$EventMessageConfirm","confirm":"020abff2-f3c1-4fce-b147-1f10416a2a1a","ts":"2025-12-06T18:43:22.061-05:00","source":{"id":"0","name":"eventBus"}}
{"__type":"$$EventMessageNode","id":"83fe7135-abfc-40dd-bb6d-c976701f1190","ts":"2025-12-06T18:43:22.105-05:00","eventName":"n8n.node.finished","message":"n8n.node.finished","payload":{"workflowId":"8y5ALZTU2BvkIrm4","workflowName":"General","executionId":"59","nodeType":"n8n-nodes-base.httpRequest","nodeName":"✈️ Skyscanner Flights","nodeId":"6d1d14dd-30a6-4993-a0b8-2e926b5e6f7d"}}
{"__type":"$$EventMessageConfirm","confirm":"83fe7135-abfc-40dd-bb6d-c976701f1190","ts":"2025-12-06T18:43:22.105-05:00","source":{"id":"0","name":"eventBus"}}
{"__type":"$$EventMessageNode","id":"6681603a-94f8-4f0c-b29e-a18ff605921d","ts":"2025-12-06T18:43:22.105-05:00","eventName":"n8n.node.started","message":"n8n.node.started","payload":{"workflowId":"8y5ALZTU2BvkIrm4","workflowName":"General","executionId":"59","nodeType":"n8n-nodes-base.httpRequest","nodeName":"🗝️ Amadeus Auth Token","nodeId":"ddee2ef7-119f-4f23-8649-7285c81ad086"}}
{"__type":"$$EventMessageConfirm","confirm":"6681603a-94f8-4f0c-b29e-a18ff605921d","ts":"2025-12-06T18:43:22.105-05:00","source":{"id":"0","name":"eventBus"}}
{"__type":"$$EventMessageNode","id":"f792dd00-a2b9-45be-818e-acf8ebd59710","ts":"2025-12-06T18:43:22.302-05:00","eventName":"n8n.node.finished","message":"n8n.node.finished","payload":{"workflowId":"8y5ALZTU2BvkIrm4","workflowName":"General","executionId":"48","nodeType":"n8n-nodes-base.emailSend","nodeName":"Enviar Correo1","nodeId":"cae987c6-c9aa-4be8-abd1-aa4d4e16b230"}}
{"__type":"$$EventMessageConfirm","confirm":"f792dd00-a2b9-45be-818e-acf8ebd59710","ts":"2025-12-06T18:43:22.302-05:00","source":{"id":"0","name":"eventBus"}}
{"__type":"$$EventMessageNode","id":"8a109e0e-e036-454f-80ec-c20b9c712c0a","ts":"2025-12-06T18:43:22.302-05:00","eventName":"n8n.node.started","message":"n8n.node.started","payload":{"workflowId":"8y5ALZTU2BvkIrm4","workflowName":"General","executionId":"48","nodeType":"n8n-nodes-base.respondToWebhook","nodeName":"Respond to Webhook1","nodeId":"21d30c3a-21ce-476e-a3c4-2813894cc904"}}
{"__type":"$$EventMessageConfirm","confirm":"8a109e0e-e036-454f-80ec-c20b9c712c0a","ts":"2025-12-06T18:43:22.303-05:00","source":{"id":"0","name":"eventBus"}}
{"__type":"$$EventMessageNode","id":"977ec210-5470-40f5-aaa6-b9a7e0e40fad","ts":"2025-12-06T18:43:22.304-05:00","eventName":"n8n.node.finished","message":"n8n.node.finished","payload":{"workflowId":"8y5ALZTU2BvkIrm4","workflowName":"General","executionId":"48","nodeType":"n8n-nodes-base.respondToWebhook","nodeName":"Respond to Webhook1","nodeId":"21d30c3a-21ce-476e-a3c4-2813894cc904"}}
{"__type":"$$EventMessageConfirm","confirm":"977ec210-5470-40f5-aaa6-b9a7e0e40fad","ts":"2025-12-06T18:43:22.304-05:00","source":{"id":"0","name":"eventBus"}}
{"__type":"$$EventMessageWorkflow","id":"b957cba5-8acc-48a0-ab62-aaa823b9f48f","ts":"2025-12-06T18:43:22.304-05:00","eventName":"n8n.workflow.success","message":"n8n.workflow.success","payload":{"executionId":"48","success":true,"isManual":false,"workflowId":"8y5ALZTU2BvkIrm4","workflowName":"General"}}
{"__type":"$$EventMessageConfirm","confirm":"b957cba5-8acc-48a0-ab62-aaa823b9f48f","ts":"2025-12-06T18:43:22.304-05:00","source":{"id":"0","name":"eventBus"}}
{"__type":"$$EventMessageNode","id":"0b5b7f8f-17e2-4ecc-b8eb-cced8e641860","ts":"2025-12-06T18:43:22.335-05:00","eventName":"n8n.node.finished","message":"n8n.node.finished","payload":{"workflowId":"8y5ALZTU2BvkIrm4","workflowName":"General","executionId":"56","nodeType":"n8n-nodes-base.supabase","nodeName":"💾 Supabase Storage","nodeId":"5decf8b0-d187-4260-9cad-7841d180e7bb"}}
{"__type":"$$EventMessageConfirm","confirm":"0b5b7f8f-17e2-4ecc-b8eb-cced8e641860","ts":"2025-12-06T18:43:22.335-05:00","source":{"id":"0","name":"eventBus"}}
{"__type":"$$EventMessageNode","id":"473ad629-7c90-4329-91c0-b015e4dc7786","ts":"2025-12-06T18:43:22.335-05:00","eventName":"n8n.node.started","message":"n8n.node.started","payload":{"workflowId":"8y5ALZTU2BvkIrm4","workflowName":"General","executionId":"56","nodeType":"n8n-nodes-base.code","nodeName":"Code in JavaScript1","nodeId":"fa6afa75-0195-4c00-9736-9fa0dfb030c1"}}
{"__type":"$$EventMessageConfirm","confirm":"473ad629-7c90-4329-91c0-b015e4dc7786","ts":"2025-12-06T18:43:22.336-05:00","source":{"id":"0","name":"eventBus"}}
{"__type":"$$EventMessageNode","id":"3b190008-cddf-4eaf-84aa-cb0695de6162","ts":"2025-12-06T18:43:22.344-05:00","eventName":"n8n.node.finished","message":"n8n.node.finished","payload":{"workflowId":"8y5ALZTU2BvkIrm4","workflowName":"General","executionId":"56","nodeType":"n8n-nodes-base.code","nodeName":"Code in JavaScript1","nodeId":"fa6afa75-0195-4c00-9736-9fa0dfb030c1"}}
{"__type":"$$EventMessageConfirm","confirm":"3b190008-cddf-4eaf-84aa-cb0695de6162","ts":"2025-12-06T18:43:22.344-05:00","source":{"id":"0","name":"eventBus"}}
{"__type":"$$EventMessageNode","id":"bdc6a352-3a6a-4765-95b2-9aa823e016c6","ts":"2025-12-06T18:43:22.344-05:00","eventName":"n8n.node.started","message":"n8n.node.started","payload":{"workflowId":"8y5ALZTU2BvkIrm4","workflowName":"General","executionId":"56","nodeType":"n8n-nodes-base.if","nodeName":"🎯 Check Great Deal","nodeId":"2d5f8692-815e-4325-a900-48f6502f5fc0"}}
{"__type":"$$EventMessageConfirm","confirm":"bdc6a352-3a6a-4765-95b2-9aa823e016c6","ts":"2025-12-06T18:43:22.344-05:00","source":{"id":"0","name":"eventBus"}}
{"__type":"$$EventMessageNode","id":"12c5c653-5b7d-4b86-b991-ea27ec193306","ts":"2025-12-06T18:43:22.345-05:00","eventName":"n8n.node.finished","message":"n8n.node.finished","payload":{"workflowId":"8y5ALZTU2BvkIrm4","workflowName":"General","executionId":"56","nodeType":"n8n-nodes-base.if","nodeName":"🎯 Check Great Deal","nodeId":"2d5f8692-815e-4325-a900-48f6502f5fc0"}}
{"__type":"$$EventMessageConfirm","confirm":"12c5c653-5b7d-4b86-b991-ea27ec193306","ts":"2025-12-06T18:43:22.345-05:00","source":{"id":"0","name":"eventBus"}}
{"__type":"$$EventMessageNode","id":"18193914-df2c-4d38-9a08-15a34de00b31","ts":"2025-12-06T18:43:22.345-05:00","eventName":"n8n.node.started","message":"n8n.node.started","payload":{"workflowId":"8y5ALZTU2BvkIrm4","workflowName":"General","executionId":"56","nodeType":"n8n-nodes-base.emailSend","nodeName":"Enviar Correo1","nodeId":"cae987c6-c9aa-4be8-abd1-aa4d4e16b230"}}
{"__type":"$$EventMessageConfirm","confirm":"18193914-df2c-4d38-9a08-15a34de00b31","ts":"2025-12-06T18:43:22.345-05:00","source":{"id":"0","name":"eventBus"}}
{"__type":"$$EventMessageWorkflow","id":"d7277570-9476-4299-8be9-5adb086c9765","ts":"2025-12-06T18:43:22.515-05:00","eventName":"n8n.workflow.started","message":"n8n.workflow.started","payload":{"executionId":"61","workflowId":"8y5ALZTU2BvkIrm4","isManual":false,"workflowName":"General"}}
{"__type":"$$EventMessageConfirm","confirm":"d7277570-9476-4299-8be9-5adb086c9765","ts":"2025-12-06T18:43:22.515-05:00","source":{"id":"0","name":"eventBus"}}
{"__type":"$$EventMessageNode","id":"34df6d79-c013-4860-ba79-b1c625348c44","ts":"2025-12-06T18:43:22.515-05:00","eventName":"n8n.node.started","message":"n8n.node.started","payload":{"workflowId":"8y5ALZTU2BvkIrm4","workflowName":"General","executionId":"61","nodeType":"n8n-nodes-base.webhook","nodeName":"📱 Streamlit Webhook","nodeId":"ae8059ee-5c26-4af5-83ea-0b147821a989"}}
{"__type":"$$EventMessageConfirm","confirm":"34df6d79-c013-4860-ba79-b1c625348c44","ts":"2025-12-06T18:43:22.515-05:00","source":{"id":"0","name":"eventBus"}}
{"__type":"$$EventMessageNode","id":"dc5aad3e-a666-40d2-ad5b-1912dbde6f87","ts":"2025-12-06T18:43:22.515-05:00","eventName":"n8n.node.finished","message":"n8n.node.finished","payload":{"workflowId":"8y5ALZTU2BvkIrm4","workflowName":"General","executionId":"61","nodeType":"n8n-nodes-base.webhook","nodeName":"📱 Streamlit Webhook","nodeId":"ae8059ee-5c26-4af5-83ea-0b147821a989"}}
{"__type":"$$EventMessageConfirm","confirm":"dc5aad3e-a666-40d2-ad5b-1912dbde6f87","ts":"2025-12-06T18:43:22.515-05:00","source":{"id":"0","name":"eventBus"}}
{"__type":"$$EventMessageNode","id":"ba32da05-757c-45ec-a9af-5c2030a76f13","ts":"2025-12-06T18:43:22.516-05:00","eventName":"n8n.node.started","message":"n8n.node.started","payload":{"workflowId":"8y5ALZTU2BvkIrm4","workflowName":"General","executionId":"61","nodeType":"n8n-nodes-base.function","nodeName":"Process Travel Data","nodeId":"02497c10-01cd-4448-8373-576a8cdff0cf"}}
{"__type":"$$EventMessageConfirm","confirm":"ba32da05-757c-45ec-a9af-5c2030a76f13","ts":"2025-12-06T18:43:22.516-05:00","source":{"id":"0","name":"eventBus"}}
{"__type":"$$EventMessageNode","id":"8cdfffa8-dfa6-4036-9ae5-4b9fc062e6cb","ts":"2025-12-06T18:43:22.526-05:00","eventName":"n8n.node.finished","message":"n8n.node.finished","payload":{"workflowId":"8y5ALZTU2BvkIrm4","workflowName":"General","executionId":"61","nodeType":"n8n-nodes-base.function","nodeName":"Process Travel Data","nodeId":"02497c10-01cd-4448-8373-576a8cdff0cf"}}
{"__type":"$$EventMessageConfirm","confirm":"8cdfffa8-dfa6-4036-9ae5-4b9fc062e6cb","ts":"2025-12-06T18:43:22.526-05:00","source":{"id":"0","name":"eventBus"}}
{"__type":"$$EventMessageNode","id":"3ead04b5-efb2-4513-8d29-a98b2428375f","ts":"2025-12-06T18:43:22.527-05:00","eventName":"n8n.node.started","message":"n8n.node.started","payload":{"workflowId":"8y5ALZTU2BvkIrm4","workflowName":"General","executionId":"61","nodeType":"n8n-nodes-base.httpRequest","nodeName":"✈️ Skyscanner Flights","nodeId":"6d1d14dd-30a6-4993-a0b8-2e926b5e6f7d"}}
{"__type":"$$EventMessageConfirm","confirm":"3ead04b5-efb2-4513-8d29-a98b2428375f","ts":"2025-12-06T18:43:22.527-05:00","source":{"id":"0","name":"eventBus"}}
{"__type":"$$EventMessageNode","id":"fcb7a4e1-cd35-432f-bddc-d8e45b8f5fc7","ts":"2025-12-06T18:43:22.965-05:00","eventName":"n8n.node.finished","message":"n8n.node.finished","payload":{"workflowId":"8y5ALZTU2BvkIrm4","workflowName":"General","executionId":"50","nodeType":"n8n-nodes-base.emailSend","nodeName":"Enviar Correo1","nodeId":"cae987c6-c9aa-4be8-abd1-aa4d4e16b230"}}
{"__type":"$$EventMessageConfirm","confirm":"fcb7a4e1-cd35-432f-bddc-d8e45b8f5fc7","ts":"2025-12-06T18:43:22.966-05:00","source":{"id":"0","name":"eventBus"}}
{"__type":"$$EventMessageNode","id":"8448108e-f9cd-4af7-bb0c-66987504e429","ts":"2025-12-06T18:43:22.966-05:00","eventName":"n8n.node.started","message":"n8n.node.started","payload":{"workflowId":"8y5ALZTU2BvkIrm4","workflowName":"General","executionId":"50","nodeType":"n8n-nodes-base.respondToWebhook","nodeName":"Respond to Webhook1","nodeId":"21d30c3a-21ce-476e-a3c4-2813894cc904"}}
{"__type":"$$EventMessageConfirm","confirm":"8448108e-f9cd-4af7-bb0c-66987504e429","ts":"2025-12-06T18:43:22.967-05:00","source":{"id":"0","name":"eventBus"}}
{"__type":"$$EventMessageNode","id":"72f8ca70-0860-4aa1-bb59-c9df4bd8a652","ts":"2025-12-06T18:43:22.968-05:00","eventName":"n8n.node.finished","message":"n8n.node.finished","payload":{"workflowId":"8y5ALZTU2BvkIrm4","workflowName":"General","executionId":"50","nodeType":"n8n-nodes-base.respondToWebhook","nodeName":"Respond to Webhook1","nodeId":"21d30c3a-21ce-476e-a3c4-2813894cc904"}}
{"__type":"$$EventMessageConfirm","confirm":"72f8ca70-0860-4aa1-bb59-c9df4bd8a652","ts":"2025-12-06T18:43:22.968-05:00","source":{"id":"0","name":"eventBus"}}
{"__type":"$$EventMessageWorkflow","id":"3caa7912-337a-4e71-8318-70ed875d1f52","ts":"2025-12-06T18:43:22.969-05:00","eventName":"n8n.workflow.success","message":"n8n.workflow.success","payload":{"executionId":"50","success":true,"isManual":false,"workflowId":"8y5ALZTU2BvkIrm4","workflowName":"General"}}
{"__type":"$$EventMessageConfirm","confirm":"3caa7912-337a-4e71-8318-70ed875d1f52","ts":"2025-12-06T18:43:22.969-05:00","source":{"id":"0","name":"eventBus"}}
{"__type":"$$EventMessageNode","id":"7a092fa4-c390-4354-bbc6-e4cea1ce1b51","ts":"2025-12-06T18:43:23.015-05:00","eventName":"n8n.node.finished","message":"n8n.node.finished","payload":{"workflowId":"8y5ALZTU2BvkIrm4","workflowName":"General","executionId":"59","nodeType":"n8n-nodes-base.httpRequest","nodeName":"🗝️ Amadeus Auth Token","nodeId":"ddee2ef7-119f-4f23-8649-7285c81ad086"}}
{"__type":"$$EventMessageConfirm","confirm":"7a092fa4-c390-4354-bbc6-e4cea1ce1b51","ts":"2025-12-06T18:43:23.015-05:00","source":{"id":"0","name":"eventBus"}}
{"__type":"$$EventMessageNode","id":"2000ebaa-d7ce-47f4-a212-54e85ac58028","ts":"2025-12-06T18:43:23.015-05:00","eventName":"n8n.node.started","message":"n8n.node.started","payload":{"workflowId":"8y5ALZTU2BvkIrm4","workflowName":"General","executionId":"59","nodeType":"n8n-nodes-base.httpRequest","nodeName":"🏨 Amadeus Hotels Search","nodeId":"335375c3-b2c4-488a-a187-5db699984bb5"}}
{"__type":"$$EventMessageConfirm","confirm":"2000ebaa-d7ce-47f4-a212-54e85ac58028","ts":"2025-12-06T18:43:23.015-05:00","source":{"id":"0","name":"eventBus"}}
{"__type":"$$EventMessageNode","id":"2bb5a575-b1d8-45a9-990f-c62ed7017c96","ts":"2025-12-06T18:43:23.025-05:00","eventName":"n8n.node.finished","message":"n8n.node.finished","payload":{"workflowId":"8y5ALZTU2BvkIrm4","workflowName":"General","executionId":"60","nodeType":"n8n-nodes-base.httpRequest","nodeName":"✈️ Skyscanner Flights","nodeId":"6d1d14dd-30a6-4993-a0b8-2e926b5e6f7d"}}
{"__type":"$$EventMessageConfirm","confirm":"2bb5a575-b1d8-45a9-990f-c62ed7017c96","ts":"2025-12-06T18:43:23.025-05:00","source":{"id":"0","name":"eventBus"}}
{"__type":"$$EventMessageNode","id":"48b31758-df53-4be1-8770-bda258da675d","ts":"2025-12-06T18:43:23.025-05:00","eventName":"n8n.node.started","message":"n8n.node.started","payload":{"workflowId":"8y5ALZTU2BvkIrm4","workflowName":"General","executionId":"60","nodeType":"n8n-nodes-base.httpRequest","nodeName":"🗝️ Amadeus Auth Token","nodeId":"ddee2ef7-119f-4f23-8649-7285c81ad086"}}
{"__type":"$$EventMessageConfirm","confirm":"48b31758-df53-4be1-8770-bda258da675d","ts":"2025-12-06T18:43:23.025-05:00","source":{"id":"0","name":"eventBus"}}
{"__type":"$$EventMessageNode","id":"d96817bd-7501-4be7-b58c-aaa78e88bad8","ts":"2025-12-06T18:43:23.125-05:00","eventName":"n8n.node.finished","message":"n8n.node.finished","payload":{"workflowId":"8y5ALZTU2BvkIrm4","workflowName":"General","executionId":"52","nodeType":"n8n-nodes-base.emailSend","nodeName":"Enviar Correo1","nodeId":"cae987c6-c9aa-4be8-abd1-aa4d4e16b230"}}
{"__type":"$$EventMessageConfirm","confirm":"d96817bd-7501-4be7-b58c-aaa78e88bad8","ts":"2025-12-06T18:43:23.125-05:00","source":{"id":"0","name":"eventBus"}}
{"__type":"$$EventMessageNode","id":"6591c9e8-2c96-4686-b5bb-8670624a1b99","ts":"2025-12-06T18:43:23.126-05:00","eventName":"n8n.node.started","message":"n8n.node.started","payload":{"workflowId":"8y5ALZTU2BvkIrm4","workflowName":"General","executionId":"52","nodeType":"n8n-nodes-base.respondToWebhook","nodeName":"Respond to Webhook1","nodeId":"21d30c3a-21ce-476e-a3c4-2813894cc904"}}
{"__type":"$$EventMessageConfirm","confirm":"6591c9e8-2c96-4686-b5bb-8670624a1b99","ts":"2025-12-06T18:43:23.126-05:00","source":{"id":"0","name":"eventBus"}}
{"__type":"$$EventMessageNode","id":"3493a7c1-4829-4b06-ad07-c33fc3a2a1ec","ts":"2025-12-06T18:43:23.127-05:00","eventName":"n8n.node.finished","message":"n8n.node.finished","payload":{"workflowId":"8y5ALZTU2BvkIrm4","workflowName":"General","executionId":"52","nodeType":"n8n-nodes-base.respondToWebhook","nodeName":"Respond to Webhook1","nodeId":"21d30c3a-21ce-476e-a3c4-2813894cc904"}}
{"__type":"$$EventMessageConfirm","confirm":"3493a7c1-4829-4b06-ad07-c33fc3a2a1ec","ts":"2025-12-06T18:43:23.128-05:00","source":{"id":"0","name":"eventBus"}}
{"__type":"$$EventMessageWorkflow","id":"066b8b90-8845-4ca2-ba4d-9434921e9dca","ts":"2025-12-06T18:43:23.128-05:00","eventName":"n8n.workflow.success","message":"n8n.workflow.success","payload":{"executionId":"52","success":true,"isManual":false,"workflowId":"8y5ALZTU2BvkIrm4","workflowName":"General"}}
{"__type":"$$EventMessageConfirm","confirm":"066b8b90-8845-4ca2-ba4d-9434921e9dca","ts":"2025-12-06T18:43:23.128-05:00","source":{"id":"0","name":"eventBus"}}
{"__type":"$$EventMessageNode","id":"f71d62fe-c613-4195-b9c5-7412ebfe0c5c","ts":"2025-12-06T18:43:23.181-05:00","eventName":"n8n.node.finished","message":"n8n.node.finished","payload":{"workflowId":"8y5ALZTU2BvkIrm4","workflowName":"General","executionId":"57","nodeType":"n8n-nodes-base.httpRequest","nodeName":"🏨 Amadeus Hotels Search","nodeId":"335375c3-b2c4-488a-a187-5db699984bb5"}}
{"__type":"$$EventMessageConfirm","confirm":"f71d62fe-c613-4195-b9c5-7412ebfe0c5c","ts":"2025-12-06T18:43:23.181-05:00","source":{"id":"0","name":"eventBus"}}
{"__type":"$$EventMessageNode","id":"0a9d1bb6-533b-417d-9ff4-8870632e4108","ts":"2025-12-06T18:43:23.181-05:00","eventName":"n8n.node.started","message":"n8n.node.started","payload":{"workflowId":"8y5ALZTU2BvkIrm4","workflowName":"General","executionId":"57","nodeType":"n8n-nodes-base.code","nodeName":"🧩 Parse Amadeus Hotels","nodeId":"47677723-da63-41ea-8c58-4cff95258258"}}
{"__type":"$$EventMessageConfirm","confirm":"0a9d1bb6-533b-417d-9ff4-8870632e4108","ts":"2025-12-06T18:43:23.181-05:00","source":{"id":"0","name":"eventBus"}}
{"__type":"$$EventMessageNode","id":"21097645-39ca-4e6d-9696-7bcd05ca0e68","ts":"2025-12-06T18:43:23.210-05:00","eventName":"n8n.node.finished","message":"n8n.node.finished","payload":{"workflowId":"8y5ALZTU2BvkIrm4","workflowName":"General","executionId":"57","nodeType":"n8n-nodes-base.code","nodeName":"🧩 Parse Amadeus Hotels","nodeId":"47677723-da63-41ea-8c58-4cff95258258"}}
{"__type":"$$EventMessageConfirm","confirm":"21097645-39ca-4e6d-9696-7bcd05ca0e68","ts":"2025-12-06T18:43:23.211-05:00","source":{"id":"0","name":"eventBus"}}
{"__type":"$$EventMessageNode","id":"4a9aca18-b708-4158-abc8-3d5889c1ee09","ts":"2025-12-06T18:43:23.214-05:00","eventName":"n8n.node.started","message":"n8n.node.started","payload":{"workflowId":"8y5ALZTU2BvkIrm4","workflowName":"General","executionId":"57","nodeType":"n8n-nodes-base.code","nodeName":"Code in JavaScript","nodeId":"9ad265ae-5dcc-402a-9191-c6e7792d671f"}}
{"__type":"$$EventMessageConfirm","confirm":"4a9aca18-b708-4158-abc8-3d5889c1ee09","ts":"2025-12-06T18:43:23.214-05:00","source":{"id":"0","name":"eventBus"}}
{"__type":"$$EventMessageNode","id":"7762686a-e11c-41a9-9897-e40c01140e44","ts":"2025-12-06T18:43:23.222-05:00","eventName":"n8n.node.finished","message":"n8n.node.finished","payload":{"workflowId":"8y5ALZTU2BvkIrm4","workflowName":"General","executionId":"57","nodeType":"n8n-nodes-base.code","nodeName":"Code in JavaScript","nodeId":"9ad265ae-5dcc-402a-9191-c6e7792d671f"}}
{"__type":"$$EventMessageConfirm","confirm":"7762686a-e11c-41a9-9897-e40c01140e44","ts":"2025-12-06T18:43:23.222-05:00","source":{"id":"0","name":"eventBus"}}
{"__type":"$$EventMessageNode","id":"934e8bde-d8c9-4e23-a4b7-03cb01e7aad8","ts":"2025-12-06T18:43:23.223-05:00","eventName":"n8n.node.started","message":"n8n.node.started","payload":{"workflowId":"8y5ALZTU2BvkIrm4","workflowName":"General","executionId":"57","nodeType":"n8n-nodes-base.function","nodeName":"💡 Generate Travel Recommendations","nodeId":"300dd062-67fe-4694-b4db-81170145ca24"}}
{"__type":"$$EventMessageConfirm","confirm":"934e8bde-d8c9-4e23-a4b7-03cb01e7aad8","ts":"2025-12-06T18:43:23.223-05:00","source":{"id":"0","name":"eventBus"}}
{"__type":"$$EventMessageNode","id":"9b26fd06-b61e-471b-962b-c29fcbc07493","ts":"2025-12-06T18:43:23.230-05:00","eventName":"n8n.node.finished","message":"n8n.node.finished","payload":{"workflowId":"8y5ALZTU2BvkIrm4","workflowName":"General","executionId":"57","nodeType":"n8n-nodes-base.function","nodeName":"💡 Generate Travel Recommendations","nodeId":"300dd062-67fe-4694-b4db-81170145ca24"}}
{"__type":"$$EventMessageConfirm","confirm":"9b26fd06-b61e-471b-962b-c29fcbc07493","ts":"2025-12-06T18:43:23.230-05:00","source":{"id":"0","name":"eventBus"}}
{"__type":"$$EventMessageNode","id":"9c28fd77-eacb-4e4e-ab18-2def3003d2d4","ts":"2025-12-06T18:43:23.231-05:00","eventName":"n8n.node.started","message":"n8n.node.started","payload":{"workflowId":"8y5ALZTU2BvkIrm4","workflowName":"General","executionId":"57","nodeType":"n8n-nodes-base.supabase","nodeName":"💾 Supabase Storage","nodeId":"5decf8b0-d187-4260-9cad-7841d180e7bb"}}
{"__type":"$$EventMessageConfirm","confirm":"9c28fd77-eacb-4e4e-ab18-2def3003d2d4","ts":"2025-12-06T18:43:23.231-05:00","source":{"id":"0","name":"eventBus"}}
{"__type":"$$EventMessageNode","id":"6c85b2e6-9666-4a1a-b291-831829495af3","ts":"2025-12-06T18:43:23.316-05:00","eventName":"n8n.node.finished","message":"n8n.node.finished","payload":{"workflowId":"8y5ALZTU2BvkIrm4","workflowName":"General","executionId":"51","nodeType":"n8n-nodes-base.emailSend","nodeName":"Enviar Correo1","nodeId":"cae987c6-c9aa-4be8-abd1-aa4d4e16b230"}}
{"__type":"$$EventMessageConfirm","confirm":"6c85b2e6-9666-4a1a-b291-831829495af3","ts":"2025-12-06T18:43:23.316-05:00","source":{"id":"0","name":"eventBus"}}
{"__type":"$$EventMessageNode","id":"f1d53d80-d1c8-433a-894a-0285e8505005","ts":"2025-12-06T18:43:23.316-05:00","eventName":"n8n.node.started","message":"n8n.node.started","payload":{"workflowId":"8y5ALZTU2BvkIrm4","workflowName":"General","executionId":"51","nodeType":"n8n-nodes-base.respondToWebhook","nodeName":"Respond to Webhook1","nodeId":"21d30c3a-21ce-476e-a3c4-2813894cc904"}}
{"__type":"$$EventMessageConfirm","confirm":"f1d53d80-d1c8-433a-894a-0285e8505005","ts":"2025-12-06T18:43:23.317-05:00","source":{"id":"0","name":"eventBus"}}
{"__type":"$$EventMessageNode","id":"beef832d-3ddd-43e4-8d2a-d6f5ae0cf8c4","ts":"2025-12-06T18:43:23.319-05:00","eventName":"n8n.node.finished","message":"n8n.node.finished","payload":{"workflowId":"8y5ALZTU2BvkIrm4","workflowName":"General","executionId":"51","nodeType":"n8n-nodes-base.respondToWebhook","nodeName":"Respond to Webhook1","nodeId":"21d30c3a-21ce-476e-a3c4-2813894cc904"}}
{"__type":"$$EventMessageConfirm","confirm":"beef832d-3ddd-43e4-8d2a-d6f5ae0cf8c4","ts":"2025-12-06T18:43:23.319-05:00","source":{"id":"0","name":"eventBus"}}
{"__type":"$$EventMessageWorkflow","id":"c4162927-8541-47b0-a73e-90cf943da7c4","ts":"2025-12-06T18:43:23.319-05:00","eventName":"n8n.workflow.success","message":"n8n.workflow.success","payload":{"executionId":"51","success":true,"isManual":false,"workflowId":"8y5ALZTU2BvkIrm4","workflowName":"General"}}
{"__type":"$$EventMessageConfirm","confirm":"c4162927-8541-47b0-a73e-90cf943da7c4","ts":"2025-12-06T18:43:23.319-05:00","source":{"id":"0","name":"eventBus"}}
{"__type":"$$EventMessageWorkflow","id":"859ef3da-e02a-41f0-80de-d9c168f41443","ts":"2025-12-06T18:43:23.437-05:00","eventName":"n8n.workflow.started","message":"n8n.workflow.started","payload":{"executionId":"62","workflowId":"8y5ALZTU2BvkIrm4","isManual":false,"workflowName":"General"}}
{"__type":"$$EventMessageConfirm","confirm":"859ef3da-e02a-41f0-80de-d9c168f41443","ts":"2025-12-06T18:43:23.438-05:00","source":{"id":"0","name":"eventBus"}}
{"__type":"$$EventMessageNode","id":"3ddb1193-4f07-4598-8099-e6cd8983069b","ts":"2025-12-06T18:43:23.438-05:00","eventName":"n8n.node.started","message":"n8n.node.started","payload":{"workflowId":"8y5ALZTU2BvkIrm4","workflowName":"General","executionId":"62","nodeType":"n8n-nodes-base.webhook","nodeName":"📱 Streamlit Webhook","nodeId":"ae8059ee-5c26-4af5-83ea-0b147821a989"}}
{"__type":"$$EventMessageConfirm","confirm":"3ddb1193-4f07-4598-8099-e6cd8983069b","ts":"2025-12-06T18:43:23.438-05:00","source":{"id":"0","name":"eventBus"}}
{"__type":"$$EventMessageNode","id":"73c105db-09f3-4923-b37a-b8cba8423548","ts":"2025-12-06T18:43:23.438-05:00","eventName":"n8n.node.finished","message":"n8n.node.finished","payload":{"workflowId":"8y5ALZTU2BvkIrm4","workflowName":"General","executionId":"62","nodeType":"n8n-nodes-base.webhook","nodeName":"📱 Streamlit Webhook","nodeId":"ae8059ee-5c26-4af5-83ea-0b147821a989"}}
{"__type":"$$EventMessageConfirm","confirm":"73c105db-09f3-4923-b37a-b8cba8423548","ts":"2025-12-06T18:43:23.438-05:00","source":{"id":"0","name":"eventBus"}}
{"__type":"$$EventMessageNode","id":"ec7ee505-3f69-47c8-a5ff-9c5f67ab7b56","ts":"2025-12-06T18:43:23.438-05:00","eventName":"n8n.node.started","message":"n8n.node.started","payload":{"workflowId":"8y5ALZTU2BvkIrm4","workflowName":"General","executionId":"62","nodeType":"n8n-nodes-base.function","nodeName":"Process Travel Data","nodeId":"02497c10-01cd-4448-8373-576a8cdff0cf"}}
{"__type":"$$EventMessageConfirm","confirm":"ec7ee505-3f69-47c8-a5ff-9c5f67ab7b56","ts":"2025-12-06T18:43:23.438-05:00","source":{"id":"0","name":"eventBus"}}
{"__type":"$$EventMessageNode","id":"bacc3736-51ee-4a2d-8f5e-e6c793928c9d","ts":"2025-12-06T18:43:23.447-05:00","eventName":"n8n.node.finished","message":"n8n.node.finished","payload":{"workflowId":"8y5ALZTU2BvkIrm4","workflowName":"General","executionId":"62","nodeType":"n8n-nodes-base.function","nodeName":"Process Travel Data","nodeId":"02497c10-01cd-4448-8373-576a8cdff0cf"}}
{"__type":"$$EventMessageConfirm","confirm":"bacc3736-51ee-4a2d-8f5e-e6c793928c9d","ts":"2025-12-06T18:43:23.447-05:00","source":{"id":"0","name":"eventBus"}}
{"__type":"$$EventMessageNode","id":"2007ab43-c926-4a96-81d8-d2cd3701d5b6","ts":"2025-12-06T18:43:23.448-05:00","eventName":"n8n.node.started","message":"n8n.node.started","payload":{"workflowId":"8y5ALZTU2BvkIrm4","workflowName":"General","executionId":"62","nodeType":"n8n-nodes-base.httpRequest","nodeName":"✈️ Skyscanner Flights","nodeId":"6d1d14dd-30a6-4993-a0b8-2e926b5e6f7d"}}
{"__type":"$$EventMessageConfirm","confirm":"2007ab43-c926-4a96-81d8-d2cd3701d5b6","ts":"2025-12-06T18:43:23.448-05:00","source":{"id":"0","name":"eventBus"}}
{"__type":"$$EventMessageNode","id":"ae903603-61bf-4359-8933-7d68f1673dd2","ts":"2025-12-06T18:43:23.636-05:00","eventName":"n8n.node.finished","message":"n8n.node.finished","payload":{"workflowId":"8y5ALZTU2BvkIrm4","workflowName":"General","executionId":"61","nodeType":"n8n-nodes-base.httpRequest","nodeName":"✈️ Skyscanner Flights","nodeId":"6d1d14dd-30a6-4993-a0b8-2e926b5e6f7d"}}
{"__type":"$$EventMessageConfirm","confirm":"ae903603-61bf-4359-8933-7d68f1673dd2","ts":"2025-12-06T18:43:23.636-05:00","source":{"id":"0","name":"eventBus"}}
{"__type":"$$EventMessageNode","id":"0266afeb-c6bc-4f1f-bb01-74ea9b37b521","ts":"2025-12-06T18:43:23.636-05:00","eventName":"n8n.node.started","message":"n8n.node.started","payload":{"workflowId":"8y5ALZTU2BvkIrm4","workflowName":"General","executionId":"61","nodeType":"n8n-nodes-base.httpRequest","nodeName":"🗝️ Amadeus Auth Token","nodeId":"ddee2ef7-119f-4f23-8649-7285c81ad086"}}
{"__type":"$$EventMessageConfirm","confirm":"0266afeb-c6bc-4f1f-bb01-74ea9b37b521","ts":"2025-12-06T18:43:23.636-05:00","source":{"id":"0","name":"eventBus"}}
{"__type":"$$EventMessageNode","id":"792c77d4-efca-4590-a303-5574ba27ebc3","ts":"2025-12-06T18:43:23.650-05:00","eventName":"n8n.node.finished","message":"n8n.node.finished","payload":{"workflowId":"8y5ALZTU2BvkIrm4","workflowName":"General","executionId":"49","nodeType":"n8n-nodes-base.emailSend","nodeName":"Enviar Correo1","nodeId":"cae987c6-c9aa-4be8-abd1-aa4d4e16b230"}}
{"__type":"$$EventMessageConfirm","confirm":"792c77d4-efca-4590-a303-5574ba27ebc3","ts":"2025-12-06T18:43:23.650-05:00","source":{"id":"0","name":"eventBus"}}
{"__type":"$$EventMessageNode","id":"77530bb6-271c-49ca-bef3-0cdb88a4db03","ts":"2025-12-06T18:43:23.651-05:00","eventName":"n8n.node.started","message":"n8n.node.started","payload":{"workflowId":"8y5ALZTU2BvkIrm4","workflowName":"General","executionId":"49","nodeType":"n8n-nodes-base.respondToWebhook","nodeName":"Respond to Webhook1","nodeId":"21d30c3a-21ce-476e-a3c4-2813894cc904"}}
{"__type":"$$EventMessageConfirm","confirm":"77530bb6-271c-49ca-bef3-0cdb88a4db03","ts":"2025-12-06T18:43:23.651-05:00","source":{"id":"0","name":"eventBus"}}
{"__type":"$$EventMessageNode","id":"e6397329-29b8-403b-9785-a407a73e9004","ts":"2025-12-06T18:43:23.653-05:00","eventName":"n8n.node.finished","message":"n8n.node.finished","payload":{"workflowId":"8y5ALZTU2BvkIrm4","workflowName":"General","executionId":"49","nodeType":"n8n-nodes-base.respondToWebhook","nodeName":"Respond to Webhook1","nodeId":"21d30c3a-21ce-476e-a3c4-2813894cc904"}}
{"__type":"$$EventMessageConfirm","confirm":"e6397329-29b8-403b-9785-a407a73e9004","ts":"2025-12-06T18:43:23.654-05:00","source":{"id":"0","name":"eventBus"}}
{"__type":"$$EventMessageWorkflow","id":"ba10ffe5-9fd1-48ab-87c4-843637f4b4ba","ts":"2025-12-06T18:43:23.654-05:00","eventName":"n8n.workflow.success","message":"n8n.workflow.success","payload":{"executionId":"49","success":true,"isManual":false,"workflowId":"8y5ALZTU2BvkIrm4","workflowName":"General"}}
{"__type":"$$EventMessageConfirm","confirm":"ba10ffe5-9fd1-48ab-87c4-843637f4b4ba","ts":"2025-12-06T18:43:23.654-05:00","source":{"id":"0","name":"eventBus"}}
{"__type":"$$EventMessageWorkflow","id":"14dc35c2-ec48-4f78-b221-196e8d3b4ddb","ts":"2025-12-06T18:43:23.798-05:00","eventName":"n8n.workflow.started","message":"n8n.workflow.started","payload":{"executionId":"63","workflowId":"8y5ALZTU2BvkIrm4","isManual":false,"workflowName":"General"}}
{"__type":"$$EventMessageConfirm","confirm":"14dc35c2-ec48-4f78-b221-196e8d3b4ddb","ts":"2025-12-06T18:43:23.798-05:00","source":{"id":"0","name":"eventBus"}}
{"__type":"$$EventMessageNode","id":"92e1dec5-696b-4110-91aa-ab752c5a074c","ts":"2025-12-06T18:43:23.798-05:00","eventName":"n8n.node.started","message":"n8n.node.started","payload":{"workflowId":"8y5ALZTU2BvkIrm4","workflowName":"General","executionId":"63","nodeType":"n8n-nodes-base.webhook","nodeName":"📱 Streamlit Webhook","nodeId":"ae8059ee-5c26-4af5-83ea-0b147821a989"}}
{"__type":"$$EventMessageConfirm","confirm":"92e1dec5-696b-4110-91aa-ab752c5a074c","ts":"2025-12-06T18:43:23.798-05:00","source":{"id":"0","name":"eventBus"}}
{"__type":"$$EventMessageNode","id":"853d974f-21c3-4119-9f74-884a18182b4e","ts":"2025-12-06T18:43:23.798-05:00","eventName":"n8n.node.finished","message":"n8n.node.finished","payload":{"workflowId":"8y5ALZTU2BvkIrm4","workflowName":"General","executionId":"63","nodeType":"n8n-nodes-base.webhook","nodeName":"📱 Streamlit Webhook","nodeId":"ae8059ee-5c26-4af5-83ea-0b147821a989"}}
{"__type":"$$EventMessageConfirm","confirm":"853d974f-21c3-4119-9f74-884a18182b4e","ts":"2025-12-06T18:43:23.798-05:00","source":{"id":"0","name":"eventBus"}}
{"__type":"$$EventMessageNode","id":"4cb58885-44a3-4a9e-80b7-a705366881e7","ts":"2025-12-06T18:43:23.798-05:00","eventName":"n8n.node.started","message":"n8n.node.started","payload":{"workflowId":"8y5ALZTU2BvkIrm4","workflowName":"General","executionId":"63","nodeType":"n8n-nodes-base.function","nodeName":"Process Travel Data","nodeId":"02497c10-01cd-4448-8373-576a8cdff0cf"}}
{"__type":"$$EventMessageConfirm","confirm":"4cb58885-44a3-4a9e-80b7-a705366881e7","ts":"2025-12-06T18:43:23.798-05:00","source":{"id":"0","name":"eventBus"}}
{"__type":"$$EventMessageNode","id":"dfae279a-34b1-470f-97dc-83efd1336b15","ts":"2025-12-06T18:43:23.804-05:00","eventName":"n8n.node.finished","message":"n8n.node.finished","payload":{"workflowId":"8y5ALZTU2BvkIrm4","workflowName":"General","executionId":"63","nodeType":"n8n-nodes-base.function","nodeName":"Process Travel Data","nodeId":"02497c10-01cd-4448-8373-576a8cdff0cf"}}
{"__type":"$$EventMessageConfirm","confirm":"dfae279a-34b1-470f-97dc-83efd1336b15","ts":"2025-12-06T18:43:23.805-05:00","source":{"id":"0","name":"eventBus"}}
{"__type":"$$EventMessageNode","id":"2ac04d73-c0d5-4331-ad72-b98da75403b2","ts":"2025-12-06T18:43:23.805-05:00","eventName":"n8n.node.started","message":"n8n.node.started","payload":{"workflowId":"8y5ALZTU2BvkIrm4","workflowName":"General","executionId":"63","nodeType":"n8n-nodes-base.httpRequest","nodeName":"✈️ Skyscanner Flights","nodeId":"6d1d14dd-30a6-4993-a0b8-2e926b5e6f7d"}}
{"__type":"$$EventMessageConfirm","confirm":"2ac04d73-c0d5-4331-ad72-b98da75403b2","ts":"2025-12-06T18:43:23.805-05:00","source":{"id":"0","name":"eventBus"}}
{"__type":"$$EventMessageNode","id":"7a944a6d-af75-481f-aba3-fff1f235c372","ts":"2025-12-06T18:43:23.819-05:00","eventName":"n8n.node.finished","message":"n8n.node.finished","payload":{"workflowId":"8y5ALZTU2BvkIrm4","workflowName":"General","executionId":"58","nodeType":"n8n-nodes-base.httpRequest","nodeName":"🏨 Amadeus Hotels Search","nodeId":"335375c3-b2c4-488a-a187-5db699984bb5"}}
{"__type":"$$EventMessageConfirm","confirm":"7a944a6d-af75-481f-aba3-fff1f235c372","ts":"2025-12-06T18:43:23.819-05:00","source":{"id":"0","name":"eventBus"}}
{"__type":"$$EventMessageNode","id":"7c138618-27b6-4dbb-b1eb-799023bca50c","ts":"2025-12-06T18:43:23.819-05:00","eventName":"n8n.node.started","message":"n8n.node.started","payload":{"workflowId":"8y5ALZTU2BvkIrm4","workflowName":"General","executionId":"58","nodeType":"n8n-nodes-base.code","nodeName":"🧩 Parse Amadeus Hotels","nodeId":"47677723-da63-41ea-8c58-4cff95258258"}}
{"__type":"$$EventMessageConfirm","confirm":"7c138618-27b6-4dbb-b1eb-799023bca50c","ts":"2025-12-06T18:43:23.819-05:00","source":{"id":"0","name":"eventBus"}}
{"__type":"$$EventMessageNode","id":"01c84bd9-89e2-4441-89b4-a6c61af1e5d1","ts":"2025-12-06T18:43:23.850-05:00","eventName":"n8n.node.finished","message":"n8n.node.finished","payload":{"workflowId":"8y5ALZTU2BvkIrm4","workflowName":"General","executionId":"58","nodeType":"n8n-nodes-base.code","nodeName":"🧩 Parse Amadeus Hotels","nodeId":"47677723-da63-41ea-8c58-4cff95258258"}}
{"__type":"$$EventMessageConfirm","confirm":"01c84bd9-89e2-4441-89b4-a6c61af1e5d1","ts":"2025-12-06T18:43:23.850-05:00","source":{"id":"0","name":"eventBus"}}
{"__type":"$$EventMessageNode","id":"ffee1438-822a-4a0d-9c4e-bfbd3df58fc8","ts":"2025-12-06T18:43:23.852-05:00","eventName":"n8n.node.started","message":"n8n.node.started","payload":{"workflowId":"8y5ALZTU2BvkIrm4","workflowName":"General","executionId":"58","nodeType":"n8n-nodes-base.code","nodeName":"Code in JavaScript","nodeId":"9ad265ae-5dcc-402a-9191-c6e7792d671f"}}
{"__type":"$$EventMessageConfirm","confirm":"ffee1438-822a-4a0d-9c4e-bfbd3df58fc8","ts":"2025-12-06T18:43:23.852-05:00","source":{"id":"0","name":"eventBus"}}
{"__type":"$$EventMessageNode","id":"9f001734-1395-4f81-a55b-2aac6437d7f0","ts":"2025-12-06T18:43:23.861-05:00","eventName":"n8n.node.finished","message":"n8n.node.finished","payload":{"workflowId":"8y5ALZTU2BvkIrm4","workflowName":"General","executionId":"58","nodeType":"n8n-nodes-base.code","nodeName":"Code in JavaScript","nodeId":"9ad265ae-5dcc-402a-9191-c6e7792d671f"}}
{"__type":"$$EventMessageConfirm","confirm":"9f001734-1395-4f81-a55b-2aac6437d7f0","ts":"2025-12-06T18:43:23.861-05:00","source":{"id":"0","name":"eventBus"}}
{"__type":"$$EventMessageNode","id":"e3a2f94a-91fb-4519-ac73-be2124bbf91e","ts":"2025-12-06T18:43:23.861-05:00","eventName":"n8n.node.started","message":"n8n.node.started","payload":{"workflowId":"8y5ALZTU2BvkIrm4","workflowName":"General","executionId":"58","nodeType":"n8n-nodes-base.function","nodeName":"💡 Generate Travel Recommendations","nodeId":"300dd062-67fe-4694-b4db-81170145ca24"}}
{"__type":"$$EventMessageConfirm","confirm":"e3a2f94a-91fb-4519-ac73-be2124bbf91e","ts":"2025-12-06T18:43:23.861-05:00","source":{"id":"0","name":"eventBus"}}
{"__type":"$$EventMessageNode","id":"a121c018-2791-4444-b1a8-8e65aedc4d58","ts":"2025-12-06T18:43:23.873-05:00","eventName":"n8n.node.finished","message":"n8n.node.finished","payload":{"workflowId":"8y5ALZTU2BvkIrm4","workflowName":"General","executionId":"58","nodeType":"n8n-nodes-base.function","nodeName":"💡 Generate Travel Recommendations","nodeId":"300dd062-67fe-4694-b4db-81170145ca24"}}
{"__type":"$$EventMessageConfirm","confirm":"a121c018-2791-4444-b1a8-8e65aedc4d58","ts":"2025-12-06T18:43:23.873-05:00","source":{"id":"0","name":"eventBus"}}
{"__type":"$$EventMessageNode","id":"2272bcd7-1390-4533-99c2-5dd4d7fef441","ts":"2025-12-06T18:43:23.873-05:00","eventName":"n8n.node.started","message":"n8n.node.started","payload":{"workflowId":"8y5ALZTU2BvkIrm4","workflowName":"General","executionId":"58","nodeType":"n8n-nodes-base.supabase","nodeName":"💾 Supabase Storage","nodeId":"5decf8b0-d187-4260-9cad-7841d180e7bb"}}
{"__type":"$$EventMessageConfirm","confirm":"2272bcd7-1390-4533-99c2-5dd4d7fef441","ts":"2025-12-06T18:43:23.873-05:00","source":{"id":"0","name":"eventBus"}}
{"__type":"$$EventMessageNode","id":"b198d77d-ac07-49d7-b40b-e99d03a81d12","ts":"2025-12-06T18:43:23.916-05:00","eventName":"n8n.node.finished","message":"n8n.node.finished","payload":{"workflowId":"8y5ALZTU2BvkIrm4","workflowName":"General","executionId":"57","nodeType":"n8n-nodes-base.supabase","nodeName":"💾 Supabase Storage","nodeId":"5decf8b0-d187-4260-9cad-7841d180e7bb"}}
{"__type":"$$EventMessageConfirm","confirm":"b198d77d-ac07-49d7-b40b-e99d03a81d12","ts":"2025-12-06T18:43:23.916-05:00","source":{"id":"0","name":"eventBus"}}
{"__type":"$$EventMessageNode","id":"46d2d46a-10c8-4df8-8598-c9c36dcf56ca","ts":"2025-12-06T18:43:23.916-05:00","eventName":"n8n.node.started","message":"n8n.node.started","payload":{"workflowId":"8y5ALZTU2BvkIrm4","workflowName":"General","executionId":"57","nodeType":"n8n-nodes-base.code","nodeName":"Code in JavaScript1","nodeId":"fa6afa75-0195-4c00-9736-9fa0dfb030c1"}}
{"__type":"$$EventMessageConfirm","confirm":"46d2d46a-10c8-4df8-8598-c9c36dcf56ca","ts":"2025-12-06T18:43:23.916-05:00","source":{"id":"0","name":"eventBus"}}
{"__type":"$$EventMessageNode","id":"83e2dddf-7054-4c4a-9b01-2713482d975d","ts":"2025-12-06T18:43:23.921-05:00","eventName":"n8n.node.finished","message":"n8n.node.finished","payload":{"workflowId":"8y5ALZTU2BvkIrm4","workflowName":"General","executionId":"57","nodeType":"n8n-nodes-base.code","nodeName":"Code in JavaScript1","nodeId":"fa6afa75-0195-4c00-9736-9fa0dfb030c1"}}
{"__type":"$$EventMessageConfirm","confirm":"83e2dddf-7054-4c4a-9b01-2713482d975d","ts":"2025-12-06T18:43:23.921-05:00","source":{"id":"0","name":"eventBus"}}
{"__type":"$$EventMessageNode","id":"220bbdcb-f6d5-4bd7-9c55-72d8b24659c7","ts":"2025-12-06T18:43:23.922-05:00","eventName":"n8n.node.started","message":"n8n.node.started","payload":{"workflowId":"8y5ALZTU2BvkIrm4","workflowName":"General","executionId":"57","nodeType":"n8n-nodes-base.if","nodeName":"🎯 Check Great Deal","nodeId":"2d5f8692-815e-4325-a900-48f6502f5fc0"}}
{"__type":"$$EventMessageConfirm","confirm":"220bbdcb-f6d5-4bd7-9c55-72d8b24659c7","ts":"2025-12-06T18:43:23.922-05:00","source":{"id":"0","name":"eventBus"}}
{"__type":"$$EventMessageNode","id":"319cf116-8ff4-4fa2-8412-bb4f5d768d7c","ts":"2025-12-06T18:43:23.922-05:00","eventName":"n8n.node.finished","message":"n8n.node.finished","payload":{"workflowId":"8y5ALZTU2BvkIrm4","workflowName":"General","executionId":"57","nodeType":"n8n-nodes-base.if","nodeName":"🎯 Check Great Deal","nodeId":"2d5f8692-815e-4325-a900-48f6502f5fc0"}}
{"__type":"$$EventMessageConfirm","confirm":"319cf116-8ff4-4fa2-8412-bb4f5d768d7c","ts":"2025-12-06T18:43:23.923-05:00","source":{"id":"0","name":"eventBus"}}
{"__type":"$$EventMessageNode","id":"6ba6a4bb-aade-4665-afba-fc5bbc251109","ts":"2025-12-06T18:43:23.923-05:00","eventName":"n8n.node.started","message":"n8n.node.started","payload":{"workflowId":"8y5ALZTU2BvkIrm4","workflowName":"General","executionId":"57","nodeType":"n8n-nodes-base.respondToWebhook","nodeName":"Respond to Webhook1","nodeId":"21d30c3a-21ce-476e-a3c4-2813894cc904"}}
{"__type":"$$EventMessageConfirm","confirm":"6ba6a4bb-aade-4665-afba-fc5bbc251109","ts":"2025-12-06T18:43:23.923-05:00","source":{"id":"0","name":"eventBus"}}
{"__type":"$$EventMessageNode","id":"8c27eb39-f077-4235-9e05-30e2f3ef2c02","ts":"2025-12-06T18:43:23.924-05:00","eventName":"n8n.node.finished","message":"n8n.node.finished","payload":{"workflowId":"8y5ALZTU2BvkIrm4","workflowName":"General","executionId":"57","nodeType":"n8n-nodes-base.respondToWebhook","nodeName":"Respond to Webhook1","nodeId":"21d30c3a-21ce-476e-a3c4-2813894cc904"}}
{"__type":"$$EventMessageConfirm","confirm":"8c27eb39-f077-4235-9e05-30e2f3ef2c02","ts":"2025-12-06T18:43:23.924-05:00","source":{"id":"0","name":"eventBus"}}
{"__type":"$$EventMessageWorkflow","id":"7a7160e5-cc54-49f8-ad86-3074b850181b","ts":"2025-12-06T18:43:23.924-05:00","eventName":"n8n.workflow.success","message":"n8n.workflow.success","payload":{"executionId":"57","success":true,"isManual":false,"workflowId":"8y5ALZTU2BvkIrm4","workflowName":"General"}}
{"__type":"$$EventMessageConfirm","confirm":"7a7160e5-cc54-49f8-ad86-3074b850181b","ts":"2025-12-06T18:43:23.924-05:00","source":{"id":"0","name":"eventBus"}}
{"__type":"$$EventMessageWorkflow","id":"2e45d8d3-512f-4d64-b5c3-ffbf391d0cf2","ts":"2025-12-06T18:43:24.024-05:00","eventName":"n8n.workflow.started","message":"n8n.workflow.started","payload":{"executionId":"64","workflowId":"8y5ALZTU2BvkIrm4","isManual":false,"workflowName":"General"}}
{"__type":"$$EventMessageConfirm","confirm":"2e45d8d3-512f-4d64-b5c3-ffbf391d0cf2","ts":"2025-12-06T18:43:24.024-05:00","source":{"id":"0","name":"eventBus"}}
{"__type":"$$EventMessageNode","id":"78997a75-1487-43fb-8de2-9e3806a3eadb","ts":"2025-12-06T18:43:24.024-05:00","eventName":"n8n.node.started","message":"n8n.node.started","payload":{"workflowId":"8y5ALZTU2BvkIrm4","workflowName":"General","executionId":"64","nodeType":"n8n-nodes-base.webhook","nodeName":"📱 Streamlit Webhook","nodeId":"ae8059ee-5c26-4af5-83ea-0b147821a989"}}
{"__type":"$$EventMessageConfirm","confirm":"78997a75-1487-43fb-8de2-9e3806a3eadb","ts":"2025-12-06T18:43:24.024-05:00","source":{"id":"0","name":"eventBus"}}
{"__type":"$$EventMessageNode","id":"071e1f15-f2b3-45b3-85ef-e18935a84340","ts":"2025-12-06T18:43:24.025-05:00","eventName":"n8n.node.finished","message":"n8n.node.finished","payload":{"workflowId":"8y5ALZTU2BvkIrm4","workflowName":"General","executionId":"64","nodeType":"n8n-nodes-base.webhook","nodeName":"📱 Streamlit Webhook","nodeId":"ae8059ee-5c26-4af5-83ea-0b147821a989"}}
{"__type":"$$EventMessageConfirm","confirm":"071e1f15-f2b3-45b3-85ef-e18935a84340","ts":"2025-12-06T18:43:24.025-05:00","source":{"id":"0","name":"eventBus"}}
{"__type":"$$EventMessageNode","id":"ef62f6c7-d35a-4fed-8078-eeb6f3add60b","ts":"2025-12-06T18:43:24.025-05:00","eventName":"n8n.node.started","message":"n8n.node.started","payload":{"workflowId":"8y5ALZTU2BvkIrm4","workflowName":"General","executionId":"64","nodeType":"n8n-nodes-base.function","nodeName":"Process Travel Data","nodeId":"02497c10-01cd-4448-8373-576a8cdff0cf"}}
{"__type":"$$EventMessageConfirm","confirm":"ef62f6c7-d35a-4fed-8078-eeb6f3add60b","ts":"2025-12-06T18:43:24.025-05:00","source":{"id":"0","name":"eventBus"}}
{"__type":"$$EventMessageNode","id":"40b4e4c8-1e02-42ad-9cc5-f8cf00964613","ts":"2025-12-06T18:43:24.033-05:00","eventName":"n8n.node.finished","message":"n8n.node.finished","payload":{"workflowId":"8y5ALZTU2BvkIrm4","workflowName":"General","executionId":"64","nodeType":"n8n-nodes-base.function","nodeName":"Process Travel Data","nodeId":"02497c10-01cd-4448-8373-576a8cdff0cf"}}
{"__type":"$$EventMessageConfirm","confirm":"40b4e4c8-1e02-42ad-9cc5-f8cf00964613","ts":"2025-12-06T18:43:24.033-05:00","source":{"id":"0","name":"eventBus"}}
{"__type":"$$EventMessageNode","id":"a9262f0c-6c43-4412-bc90-c88d6912bbb0","ts":"2025-12-06T18:43:24.033-05:00","eventName":"n8n.node.started","message":"n8n.node.started","payload":{"workflowId":"8y5ALZTU2BvkIrm4","workflowName":"General","executionId":"64","nodeType":"n8n-nodes-base.httpRequest","nodeName":"✈️ Skyscanner Flights","nodeId":"6d1d14dd-30a6-4993-a0b8-2e926b5e6f7d"}}
{"__type":"$$EventMessageConfirm","confirm":"a9262f0c-6c43-4412-bc90-c88d6912bbb0","ts":"2025-12-06T18:43:24.033-05:00","source":{"id":"0","name":"eventBus"}}
{"__type":"$$EventMessageNode","id":"ed3ce1a4-24fd-47a5-b132-de9b9ccbcd86","ts":"2025-12-06T18:43:24.051-05:00","eventName":"n8n.node.finished","message":"n8n.node.finished","payload":{"workflowId":"8y5ALZTU2BvkIrm4","workflowName":"General","executionId":"60","nodeType":"n8n-nodes-base.httpRequest","nodeName":"🗝️ Amadeus Auth Token","nodeId":"ddee2ef7-119f-4f23-8649-7285c81ad086"}}
{"__type":"$$EventMessageConfirm","confirm":"ed3ce1a4-24fd-47a5-b132-de9b9ccbcd86","ts":"2025-12-06T18:43:24.051-05:00","source":{"id":"0","name":"eventBus"}}
{"__type":"$$EventMessageNode","id":"0f7f4832-6da7-440c-acd2-d67efa99fc63","ts":"2025-12-06T18:43:24.051-05:00","eventName":"n8n.node.started","message":"n8n.node.started","payload":{"workflowId":"8y5ALZTU2BvkIrm4","workflowName":"General","executionId":"60","nodeType":"n8n-nodes-base.httpRequest","nodeName":"🏨 Amadeus Hotels Search","nodeId":"335375c3-b2c4-488a-a187-5db699984bb5"}}
{"__type":"$$EventMessageConfirm","confirm":"0f7f4832-6da7-440c-acd2-d67efa99fc63","ts":"2025-12-06T18:43:24.051-05:00","source":{"id":"0","name":"eventBus"}}
{"__type":"$$EventMessageWorkflow","id":"2090feb5-a328-4009-bde4-c5f2ab1ee8b7","ts":"2025-12-06T18:43:24.249-05:00","eventName":"n8n.workflow.started","message":"n8n.workflow.started","payload":{"executionId":"65","workflowId":"8y5ALZTU2BvkIrm4","isManual":false,"workflowName":"General"}}
{"__type":"$$EventMessageConfirm","confirm":"2090feb5-a328-4009-bde4-c5f2ab1ee8b7","ts":"2025-12-06T18:43:24.250-05:00","source":{"id":"0","name":"eventBus"}}
{"__type":"$$EventMessageNode","id":"22d5e81d-b2dd-4c01-9858-98aaf2d8b7ee","ts":"2025-12-06T18:43:24.250-05:00","eventName":"n8n.node.started","message":"n8n.node.started","payload":{"workflowId":"8y5ALZTU2BvkIrm4","workflowName":"General","executionId":"65","nodeType":"n8n-nodes-base.webhook","nodeName":"📱 Streamlit Webhook","nodeId":"ae8059ee-5c26-4af5-83ea-0b147821a989"}}
{"__type":"$$EventMessageConfirm","confirm":"22d5e81d-b2dd-4c01-9858-98aaf2d8b7ee","ts":"2025-12-06T18:43:24.250-05:00","source":{"id":"0","name":"eventBus"}}
{"__type":"$$EventMessageNode","id":"d976075a-d2c9-49be-a3b6-77f534964416","ts":"2025-12-06T18:43:24.250-05:00","eventName":"n8n.node.finished","message":"n8n.node.finished","payload":{"workflowId":"8y5ALZTU2BvkIrm4","workflowName":"General","executionId":"65","nodeType":"n8n-nodes-base.webhook","nodeName":"📱 Streamlit Webhook","nodeId":"ae8059ee-5c26-4af5-83ea-0b147821a989"}}
{"__type":"$$EventMessageConfirm","confirm":"d976075a-d2c9-49be-a3b6-77f534964416","ts":"2025-12-06T18:43:24.250-05:00","source":{"id":"0","name":"eventBus"}}
{"__type":"$$EventMessageNode","id":"d950fe52-8e81-4dac-9f2a-816203158961","ts":"2025-12-06T18:43:24.250-05:00","eventName":"n8n.node.started","message":"n8n.node.started","payload":{"workflowId":"8y5ALZTU2BvkIrm4","workflowName":"General","executionId":"65","nodeType":"n8n-nodes-base.function","nodeName":"Process Travel Data","nodeId":"02497c10-01cd-4448-8373-576a8cdff0cf"}}
{"__type":"$$EventMessageConfirm","confirm":"d950fe52-8e81-4dac-9f2a-816203158961","ts":"2025-12-06T18:43:24.250-05:00","source":{"id":"0","name":"eventBus"}}
{"__type":"$$EventMessageNode","id":"f7045d80-037b-46f3-91df-d4b889be635b","ts":"2025-12-06T18:43:24.255-05:00","eventName":"n8n.node.finished","message":"n8n.node.finished","payload":{"workflowId":"8y5ALZTU2BvkIrm4","workflowName":"General","executionId":"65","nodeType":"n8n-nodes-base.function","nodeName":"Process Travel Data","nodeId":"02497c10-01cd-4448-8373-576a8cdff0cf"}}
{"__type":"$$EventMessageConfirm","confirm":"f7045d80-037b-46f3-91df-d4b889be635b","ts":"2025-12-06T18:43:24.255-05:00","source":{"id":"0","name":"eventBus"}}
{"__type":"$$EventMessageNode","id":"10b4e4ef-aef1-4d3f-a0d1-302d815898ed","ts":"2025-12-06T18:43:24.255-05:00","eventName":"n8n.node.started","message":"n8n.node.started","payload":{"workflowId":"8y5ALZTU2BvkIrm4","workflowName":"General","executionId":"65","nodeType":"n8n-nodes-base.httpRequest","nodeName":"✈️ Skyscanner Flights","nodeId":"6d1d14dd-30a6-4993-a0b8-2e926b5e6f7d"}}
{"__type":"$$EventMessageConfirm","confirm":"10b4e4ef-aef1-4d3f-a0d1-302d815898ed","ts":"2025-12-06T18:43:24.255-05:00","source":{"id":"0","name":"eventBus"}}
{"__type":"$$EventMessageWorkflow","id":"a9c701f7-4697-48ae-b3b0-717f3e4016c5","ts":"2025-12-06T18:43:24.333-05:00","eventName":"n8n.workflow.started","message":"n8n.workflow.started","payload":{"executionId":"66","workflowId":"8y5ALZTU2BvkIrm4","isManual":false,"workflowName":"General"}}
{"__type":"$$EventMessageConfirm","confirm":"a9c701f7-4697-48ae-b3b0-717f3e4016c5","ts":"2025-12-06T18:43:24.333-05:00","source":{"id":"0","name":"eventBus"}}
{"__type":"$$EventMessageNode","id":"4a1c6052-0c8f-4f2c-adbc-cf29c7753149","ts":"2025-12-06T18:43:24.333-05:00","eventName":"n8n.node.started","message":"n8n.node.started","payload":{"workflowId":"8y5ALZTU2BvkIrm4","workflowName":"General","executionId":"66","nodeType":"n8n-nodes-base.webhook","nodeName":"📱 Streamlit Webhook","nodeId":"ae8059ee-5c26-4af5-83ea-0b147821a989"}}
{"__type":"$$EventMessageConfirm","confirm":"4a1c6052-0c8f-4f2c-adbc-cf29c7753149","ts":"2025-12-06T18:43:24.333-05:00","source":{"id":"0","name":"eventBus"}}
{"__type":"$$EventMessageNode","id":"19523ca9-de71-4df1-8f53-3ab558901655","ts":"2025-12-06T18:43:24.333-05:00","eventName":"n8n.node.finished","message":"n8n.node.finished","payload":{"workflowId":"8y5ALZTU2BvkIrm4","workflowName":"General","executionId":"66","nodeType":"n8n-nodes-base.webhook","nodeName":"📱 Streamlit Webhook","nodeId":"ae8059ee-5c26-4af5-83ea-0b147821a989"}}
{"__type":"$$EventMessageConfirm","confirm":"19523ca9-de71-4df1-8f53-3ab558901655","ts":"2025-12-06T18:43:24.333-05:00","source":{"id":"0","name":"eventBus"}}
{"__type":"$$EventMessageNode","id":"6eaf3430-6d3e-4c1c-83a1-6f34a3afab12","ts":"2025-12-06T18:43:24.333-05:00","eventName":"n8n.node.started","message":"n8n.node.started","payload":{"workflowId":"8y5ALZTU2BvkIrm4","workflowName":"General","executionId":"66","nodeType":"n8n-nodes-base.function","nodeName":"Process Travel Data","nodeId":"02497c10-01cd-4448-8373-576a8cdff0cf"}}
{"__type":"$$EventMessageConfirm","confirm":"6eaf3430-6d3e-4c1c-83a1-6f34a3afab12","ts":"2025-12-06T18:43:24.333-05:00","source":{"id":"0","name":"eventBus"}}
{"__type":"$$EventMessageNode","id":"c9a75563-3aa4-4834-bd38-29af3d12aaf3","ts":"2025-12-06T18:43:24.338-05:00","eventName":"n8n.node.finished","message":"n8n.node.finished","payload":{"workflowId":"8y5ALZTU2BvkIrm4","workflowName":"General","executionId":"66","nodeType":"n8n-nodes-base.function","nodeName":"Process Travel Data","nodeId":"02497c10-01cd-4448-8373-576a8cdff0cf"}}
{"__type":"$$EventMessageConfirm","confirm":"c9a75563-3aa4-4834-bd38-29af3d12aaf3","ts":"2025-12-06T18:43:24.339-05:00","source":{"id":"0","name":"eventBus"}}
{"__type":"$$EventMessageNode","id":"089a2ab3-1fb0-4820-b98c-ba647cb5c516","ts":"2025-12-06T18:43:24.339-05:00","eventName":"n8n.node.started","message":"n8n.node.started","payload":{"workflowId":"8y5ALZTU2BvkIrm4","workflowName":"General","executionId":"66","nodeType":"n8n-nodes-base.httpRequest","nodeName":"✈️ Skyscanner Flights","nodeId":"6d1d14dd-30a6-4993-a0b8-2e926b5e6f7d"}}
{"__type":"$$EventMessageConfirm","confirm":"089a2ab3-1fb0-4820-b98c-ba647cb5c516","ts":"2025-12-06T18:43:24.339-05:00","source":{"id":"0","name":"eventBus"}}
{"__type":"$$EventMessageNode","id":"4e9e6a5d-6fe5-4359-93b0-933a23a80ede","ts":"2025-12-06T18:43:24.541-05:00","eventName":"n8n.node.finished","message":"n8n.node.finished","payload":{"workflowId":"8y5ALZTU2BvkIrm4","workflowName":"General","executionId":"58","nodeType":"n8n-nodes-base.supabase","nodeName":"💾 Supabase Storage","nodeId":"5decf8b0-d187-4260-9cad-7841d180e7bb"}}
{"__type":"$$EventMessageConfirm","confirm":"4e9e6a5d-6fe5-4359-93b0-933a23a80ede","ts":"2025-12-06T18:43:24.541-05:00","source":{"id":"0","name":"eventBus"}}
{"__type":"$$EventMessageNode","id":"16ea9814-9d13-463e-af88-a8456b36a4b2","ts":"2025-12-06T18:43:24.542-05:00","eventName":"n8n.node.started","message":"n8n.node.started","payload":{"workflowId":"8y5ALZTU2BvkIrm4","workflowName":"General","executionId":"58","nodeType":"n8n-nodes-base.code","nodeName":"Code in JavaScript1","nodeId":"fa6afa75-0195-4c00-9736-9fa0dfb030c1"}}
{"__type":"$$EventMessageConfirm","confirm":"16ea9814-9d13-463e-af88-a8456b36a4b2","ts":"2025-12-06T18:43:24.542-05:00","source":{"id":"0","name":"eventBus"}}
{"__type":"$$EventMessageNode","id":"8c46d814-ee46-41de-aacf-e0d15bdac806","ts":"2025-12-06T18:43:24.554-05:00","eventName":"n8n.node.finished","message":"n8n.node.finished","payload":{"workflowId":"8y5ALZTU2BvkIrm4","workflowName":"General","executionId":"58","nodeType":"n8n-nodes-base.code","nodeName":"Code in JavaScript1","nodeId":"fa6afa75-0195-4c00-9736-9fa0dfb030c1"}}
{"__type":"$$EventMessageConfirm","confirm":"8c46d814-ee46-41de-aacf-e0d15bdac806","ts":"2025-12-06T18:43:24.555-05:00","source":{"id":"0","name":"eventBus"}}
{"__type":"$$EventMessageNode","id":"ca916d72-dd5d-4344-aac5-085a3d05e830","ts":"2025-12-06T18:43:24.555-05:00","eventName":"n8n.node.started","message":"n8n.node.started","payload":{"workflowId":"8y5ALZTU2BvkIrm4","workflowName":"General","executionId":"58","nodeType":"n8n-nodes-base.if","nodeName":"🎯 Check Great Deal","nodeId":"2d5f8692-815e-4325-a900-48f6502f5fc0"}}
{"__type":"$$EventMessageConfirm","confirm":"ca916d72-dd5d-4344-aac5-085a3d05e830","ts":"2025-12-06T18:43:24.556-05:00","source":{"id":"0","name":"eventBus"}}
{"__type":"$$EventMessageNode","id":"c29b0588-2679-410d-a416-20bcebee5eae","ts":"2025-12-06T18:43:24.557-05:00","eventName":"n8n.node.finished","message":"n8n.node.finished","payload":{"workflowId":"8y5ALZTU2BvkIrm4","workflowName":"General","executionId":"58","nodeType":"n8n-nodes-base.if","nodeName":"🎯 Check Great Deal","nodeId":"2d5f8692-815e-4325-a900-48f6502f5fc0"}}
{"__type":"$$EventMessageConfirm","confirm":"c29b0588-2679-410d-a416-20bcebee5eae","ts":"2025-12-06T18:43:24.558-05:00","source":{"id":"0","name":"eventBus"}}
{"__type":"$$EventMessageNode","id":"7bcb0eec-fde1-4b85-ba76-5d8d3a8e4ee4","ts":"2025-12-06T18:43:24.558-05:00","eventName":"n8n.node.started","message":"n8n.node.started","payload":{"workflowId":"8y5ALZTU2BvkIrm4","workflowName":"General","executionId":"58","nodeType":"n8n-nodes-base.emailSend","nodeName":"Enviar Correo1","nodeId":"cae987c6-c9aa-4be8-abd1-aa4d4e16b230"}}
{"__type":"$$EventMessageConfirm","confirm":"7bcb0eec-fde1-4b85-ba76-5d8d3a8e4ee4","ts":"2025-12-06T18:43:24.559-05:00","source":{"id":"0","name":"eventBus"}}
{"__type":"$$EventMessageNode","id":"05cc0a36-4946-48c4-9667-529884cc5cd7","ts":"2025-12-06T18:43:24.607-05:00","eventName":"n8n.node.finished","message":"n8n.node.finished","payload":{"workflowId":"8y5ALZTU2BvkIrm4","workflowName":"General","executionId":"56","nodeType":"n8n-nodes-base.emailSend","nodeName":"Enviar Correo1","nodeId":"cae987c6-c9aa-4be8-abd1-aa4d4e16b230"}}
{"__type":"$$EventMessageConfirm","confirm":"05cc0a36-4946-48c4-9667-529884cc5cd7","ts":"2025-12-06T18:43:24.608-05:00","source":{"id":"0","name":"eventBus"}}
{"__type":"$$EventMessageNode","id":"b682e969-67d0-4589-8408-9853225729ac","ts":"2025-12-06T18:43:24.609-05:00","eventName":"n8n.node.started","message":"n8n.node.started","payload":{"workflowId":"8y5ALZTU2BvkIrm4","workflowName":"General","executionId":"56","nodeType":"n8n-nodes-base.respondToWebhook","nodeName":"Respond to Webhook1","nodeId":"21d30c3a-21ce-476e-a3c4-2813894cc904"}}
{"__type":"$$EventMessageConfirm","confirm":"b682e969-67d0-4589-8408-9853225729ac","ts":"2025-12-06T18:43:24.609-05:00","source":{"id":"0","name":"eventBus"}}
{"__type":"$$EventMessageNode","id":"57feca66-80d4-4dc2-8763-96b4ede86f48","ts":"2025-12-06T18:43:24.614-05:00","eventName":"n8n.node.finished","message":"n8n.node.finished","payload":{"workflowId":"8y5ALZTU2BvkIrm4","workflowName":"General","executionId":"56","nodeType":"n8n-nodes-base.respondToWebhook","nodeName":"Respond to Webhook1","nodeId":"21d30c3a-21ce-476e-a3c4-2813894cc904"}}
{"__type":"$$EventMessageConfirm","confirm":"57feca66-80d4-4dc2-8763-96b4ede86f48","ts":"2025-12-06T18:43:24.615-05:00","source":{"id":"0","name":"eventBus"}}
{"__type":"$$EventMessageWorkflow","id":"4656ba4a-0274-4158-aec6-5a0836dc873f","ts":"2025-12-06T18:43:24.615-05:00","eventName":"n8n.workflow.success","message":"n8n.workflow.success","payload":{"executionId":"56","success":true,"isManual":false,"workflowId":"8y5ALZTU2BvkIrm4","workflowName":"General"}}
{"__type":"$$EventMessageConfirm","confirm":"4656ba4a-0274-4158-aec6-5a0836dc873f","ts":"2025-12-06T18:43:24.616-05:00","source":{"id":"0","name":"eventBus"}}
{"__type":"$$EventMessageNode","id":"3fa84b84-5192-45c6-92f9-cb238c4ad8fa","ts":"2025-12-06T18:43:24.657-05:00","eventName":"n8n.node.finished","message":"n8n.node.finished","payload":{"workflowId":"8y5ALZTU2BvkIrm4","workflowName":"General","executionId":"61","nodeType":"n8n-nodes-base.httpRequest","nodeName":"🗝️ Amadeus Auth Token","nodeId":"ddee2ef7-119f-4f23-8649-7285c81ad086"}}
{"__type":"$$EventMessageConfirm","confirm":"3fa84b84-5192-45c6-92f9-cb238c4ad8fa","ts":"2025-12-06T18:43:24.658-05:00","source":{"id":"0","name":"eventBus"}}
{"__type":"$$EventMessageNode","id":"50dea9f4-e1bf-49f5-959c-605d2bc12dac","ts":"2025-12-06T18:43:24.658-05:00","eventName":"n8n.node.started","message":"n8n.node.started","payload":{"workflowId":"8y5ALZTU2BvkIrm4","workflowName":"General","executionId":"61","nodeType":"n8n-nodes-base.httpRequest","nodeName":"🏨 Amadeus Hotels Search","nodeId":"335375c3-b2c4-488a-a187-5db699984bb5"}}
{"__type":"$$EventMessageConfirm","confirm":"50dea9f4-e1bf-49f5-959c-605d2bc12dac","ts":"2025-12-06T18:43:24.658-05:00","source":{"id":"0","name":"eventBus"}}
{"__type":"$$EventMessageNode","id":"45838e6f-4a3f-4e2d-9494-373d1db66538","ts":"2025-12-06T18:43:24.691-05:00","eventName":"n8n.node.finished","message":"n8n.node.finished","payload":{"workflowId":"8y5ALZTU2BvkIrm4","workflowName":"General","executionId":"62","nodeType":"n8n-nodes-base.httpRequest","nodeName":"✈️ Skyscanner Flights","nodeId":"6d1d14dd-30a6-4993-a0b8-2e926b5e6f7d"}}
{"__type":"$$EventMessageConfirm","confirm":"45838e6f-4a3f-4e2d-9494-373d1db66538","ts":"2025-12-06T18:43:24.691-05:00","source":{"id":"0","name":"eventBus"}}
{"__type":"$$EventMessageNode","id":"757d8669-42c8-4118-9f59-d5eb97b4af01","ts":"2025-12-06T18:43:24.691-05:00","eventName":"n8n.node.started","message":"n8n.node.started","payload":{"workflowId":"8y5ALZTU2BvkIrm4","workflowName":"General","executionId":"62","nodeType":"n8n-nodes-base.httpRequest","nodeName":"🗝️ Amadeus Auth Token","nodeId":"ddee2ef7-119f-4f23-8649-7285c81ad086"}}
{"__type":"$$EventMessageConfirm","confirm":"757d8669-42c8-4118-9f59-d5eb97b4af01","ts":"2025-12-06T18:43:24.691-05:00","source":{"id":"0","name":"eventBus"}}
{"__type":"$$EventMessageNode","id":"12c26a17-7ed2-4e50-a69f-03f102c736dd","ts":"2025-12-06T18:43:24.700-05:00","eventName":"n8n.node.finished","message":"n8n.node.finished","payload":{"workflowId":"8y5ALZTU2BvkIrm4","workflowName":"General","executionId":"59","nodeType":"n8n-nodes-base.httpRequest","nodeName":"🏨 Amadeus Hotels Search","nodeId":"335375c3-b2c4-488a-a187-5db699984bb5"}}
{"__type":"$$EventMessageConfirm","confirm":"12c26a17-7ed2-4e50-a69f-03f102c736dd","ts":"2025-12-06T18:43:24.700-05:00","source":{"id":"0","name":"eventBus"}}
{"__type":"$$EventMessageNode","id":"85d9e6ba-3ce8-4f8b-9791-69b2973daa34","ts":"2025-12-06T18:43:24.701-05:00","eventName":"n8n.node.started","message":"n8n.node.started","payload":{"workflowId":"8y5ALZTU2BvkIrm4","workflowName":"General","executionId":"59","nodeType":"n8n-nodes-base.code","nodeName":"🧩 Parse Amadeus Hotels","nodeId":"47677723-da63-41ea-8c58-4cff95258258"}}
{"__type":"$$EventMessageConfirm","confirm":"85d9e6ba-3ce8-4f8b-9791-69b2973daa34","ts":"2025-12-06T18:43:24.701-05:00","source":{"id":"0","name":"eventBus"}}
{"__type":"$$EventMessageNode","id":"c49bab2d-1644-414f-a4dc-c55b293ace88","ts":"2025-12-06T18:43:24.736-05:00","eventName":"n8n.node.finished","message":"n8n.node.finished","payload":{"workflowId":"8y5ALZTU2BvkIrm4","workflowName":"General","executionId":"59","nodeType":"n8n-nodes-base.code","nodeName":"🧩 Parse Amadeus Hotels","nodeId":"47677723-da63-41ea-8c58-4cff95258258"}}
{"__type":"$$EventMessageConfirm","confirm":"c49bab2d-1644-414f-a4dc-c55b293ace88","ts":"2025-12-06T18:43:24.737-05:00","source":{"id":"0","name":"eventBus"}}
{"__type":"$$EventMessageNode","id":"2109d7fc-577a-4002-97e8-7cdced9a4f3e","ts":"2025-12-06T18:43:24.738-05:00","eventName":"n8n.node.started","message":"n8n.node.started","payload":{"workflowId":"8y5ALZTU2BvkIrm4","workflowName":"General","executionId":"59","nodeType":"n8n-nodes-base.code","nodeName":"Code in JavaScript","nodeId":"9ad265ae-5dcc-402a-9191-c6e7792d671f"}}
{"__type":"$$EventMessageConfirm","confirm":"2109d7fc-577a-4002-97e8-7cdced9a4f3e","ts":"2025-12-06T18:43:24.739-05:00","source":{"id":"0","name":"eventBus"}}
{"__type":"$$EventMessageNode","id":"100e3ec6-214f-4c17-8ed5-d0ecf49608e9","ts":"2025-12-06T18:43:24.752-05:00","eventName":"n8n.node.finished","message":"n8n.node.finished","payload":{"workflowId":"8y5ALZTU2BvkIrm4","workflowName":"General","executionId":"59","nodeType":"n8n-nodes-base.code","nodeName":"Code in JavaScript","nodeId":"9ad265ae-5dcc-402a-9191-c6e7792d671f"}}
{"__type":"$$EventMessageConfirm","confirm":"100e3ec6-214f-4c17-8ed5-d0ecf49608e9","ts":"2025-12-06T18:43:24.753-05:00","source":{"id":"0","name":"eventBus"}}
{"__type":"$$EventMessageNode","id":"10eb1176-e776-4964-ab8e-93625561bbf9","ts":"2025-12-06T18:43:24.753-05:00","eventName":"n8n.node.started","message":"n8n.node.started","payload":{"workflowId":"8y5ALZTU2BvkIrm4","workflowName":"General","executionId":"59","nodeType":"n8n-nodes-base.function","nodeName":"💡 Generate Travel Recommendations","nodeId":"300dd062-67fe-4694-b4db-81170145ca24"}}
{"__type":"$$EventMessageConfirm","confirm":"10eb1176-e776-4964-ab8e-93625561bbf9","ts":"2025-12-06T18:43:24.753-05:00","source":{"id":"0","name":"eventBus"}}
{"__type":"$$EventMessageNode","id":"a277631a-71a5-4aa6-9703-db5a5845fbf1","ts":"2025-12-06T18:43:24.769-05:00","eventName":"n8n.node.finished","message":"n8n.node.finished","payload":{"workflowId":"8y5ALZTU2BvkIrm4","workflowName":"General","executionId":"59","nodeType":"n8n-nodes-base.function","nodeName":"💡 Generate Travel Recommendations","nodeId":"300dd062-67fe-4694-b4db-81170145ca24"}}
{"__type":"$$EventMessageConfirm","confirm":"a277631a-71a5-4aa6-9703-db5a5845fbf1","ts":"2025-12-06T18:43:24.769-05:00","source":{"id":"0","name":"eventBus"}}
{"__type":"$$EventMessageNode","id":"470b8364-ddf8-4fe8-80fa-42f14216b3db","ts":"2025-12-06T18:43:24.769-05:00","eventName":"n8n.node.started","message":"n8n.node.started","payload":{"workflowId":"8y5ALZTU2BvkIrm4","workflowName":"General","executionId":"59","nodeType":"n8n-nodes-base.supabase","nodeName":"💾 Supabase Storage","nodeId":"5decf8b0-d187-4260-9cad-7841d180e7bb"}}
{"__type":"$$EventMessageConfirm","confirm":"470b8364-ddf8-4fe8-80fa-42f14216b3db","ts":"2025-12-06T18:43:24.769-05:00","source":{"id":"0","name":"eventBus"}}
{"__type":"$$EventMessageNode","id":"27019cf9-fade-4108-9220-d39c64c2b8e8","ts":"2025-12-06T18:43:24.880-05:00","eventName":"n8n.node.finished","message":"n8n.node.finished","payload":{"workflowId":"8y5ALZTU2BvkIrm4","workflowName":"General","executionId":"63","nodeType":"n8n-nodes-base.httpRequest","nodeName":"✈️ Skyscanner Flights","nodeId":"6d1d14dd-30a6-4993-a0b8-2e926b5e6f7d"}}
{"__type":"$$EventMessageConfirm","confirm":"27019cf9-fade-4108-9220-d39c64c2b8e8","ts":"2025-12-06T18:43:24.880-05:00","source":{"id":"0","name":"eventBus"}}
{"__type":"$$EventMessageNode","id":"2e9479fd-fae8-4dee-a663-83cf2a714c43","ts":"2025-12-06T18:43:24.880-05:00","eventName":"n8n.node.started","message":"n8n.node.started","payload":{"workflowId":"8y5ALZTU2BvkIrm4","workflowName":"General","executionId":"63","nodeType":"n8n-nodes-base.httpRequest","nodeName":"🗝️ Amadeus Auth Token","nodeId":"ddee2ef7-119f-4f23-8649-7285c81ad086"}}
{"__type":"$$EventMessageConfirm","confirm":"2e9479fd-fae8-4dee-a663-83cf2a714c43","ts":"2025-12-06T18:43:24.880-05:00","source":{"id":"0","name":"eventBus"}}
{"__type":"$$EventMessageWorkflow","id":"ed6b5100-85bd-4ca8-a88b-5c7bbdd82a9d","ts":"2025-12-06T18:43:25.005-05:00","eventName":"n8n.workflow.started","message":"n8n.workflow.started","payload":{"executionId":"67","workflowId":"8y5ALZTU2BvkIrm4","isManual":false,"workflowName":"General"}}
{"__type":"$$EventMessageConfirm","confirm":"ed6b5100-85bd-4ca8-a88b-5c7bbdd82a9d","ts":"2025-12-06T18:43:25.005-05:00","source":{"id":"0","name":"eventBus"}}
{"__type":"$$EventMessageNode","id":"796f6c9d-9d70-4bea-a058-90479748d8bb","ts":"2025-12-06T18:43:25.005-05:00","eventName":"n8n.node.started","message":"n8n.node.started","payload":{"workflowId":"8y5ALZTU2BvkIrm4","workflowName":"General","executionId":"67","nodeType":"n8n-nodes-base.webhook","nodeName":"📱 Streamlit Webhook","nodeId":"ae8059ee-5c26-4af5-83ea-0b147821a989"}}
{"__type":"$$EventMessageConfirm","confirm":"796f6c9d-9d70-4bea-a058-90479748d8bb","ts":"2025-12-06T18:43:25.005-05:00","source":{"id":"0","name":"eventBus"}}
{"__type":"$$EventMessageNode","id":"98c39a20-3b55-4efd-a844-a49992868553","ts":"2025-12-06T18:43:25.005-05:00","eventName":"n8n.node.finished","message":"n8n.node.finished","payload":{"workflowId":"8y5ALZTU2BvkIrm4","workflowName":"General","executionId":"67","nodeType":"n8n-nodes-base.webhook","nodeName":"📱 Streamlit Webhook","nodeId":"ae8059ee-5c26-4af5-83ea-0b147821a989"}}
{"__type":"$$EventMessageConfirm","confirm":"98c39a20-3b55-4efd-a844-a49992868553","ts":"2025-12-06T18:43:25.005-05:00","source":{"id":"0","name":"eventBus"}}
{"__type":"$$EventMessageNode","id":"ce4da2c6-c8b5-4df8-a5d9-b8c6dc2f4e72","ts":"2025-12-06T18:43:25.005-05:00","eventName":"n8n.node.started","message":"n8n.node.started","payload":{"workflowId":"8y5ALZTU2BvkIrm4","workflowName":"General","executionId":"67","nodeType":"n8n-nodes-base.function","nodeName":"Process Travel Data","nodeId":"02497c10-01cd-4448-8373-576a8cdff0cf"}}
{"__type":"$$EventMessageConfirm","confirm":"ce4da2c6-c8b5-4df8-a5d9-b8c6dc2f4e72","ts":"2025-12-06T18:43:25.006-05:00","source":{"id":"0","name":"eventBus"}}
{"__type":"$$EventMessageNode","id":"5cef3127-25f2-4cb9-810c-b129a7c8e43a","ts":"2025-12-06T18:43:25.014-05:00","eventName":"n8n.node.finished","message":"n8n.node.finished","payload":{"workflowId":"8y5ALZTU2BvkIrm4","workflowName":"General","executionId":"67","nodeType":"n8n-nodes-base.function","nodeName":"Process Travel Data","nodeId":"02497c10-01cd-4448-8373-576a8cdff0cf"}}
{"__type":"$$EventMessageConfirm","confirm":"5cef3127-25f2-4cb9-810c-b129a7c8e43a","ts":"2025-12-06T18:43:25.014-05:00","source":{"id":"0","name":"eventBus"}}
{"__type":"$$EventMessageNode","id":"d8680267-eb5f-4029-b0d2-74d2a5bbd5e5","ts":"2025-12-06T18:43:25.014-05:00","eventName":"n8n.node.started","message":"n8n.node.started","payload":{"workflowId":"8y5ALZTU2BvkIrm4","workflowName":"General","executionId":"67","nodeType":"n8n-nodes-base.httpRequest","nodeName":"✈️ Skyscanner Flights","nodeId":"6d1d14dd-30a6-4993-a0b8-2e926b5e6f7d"}}
{"__type":"$$EventMessageConfirm","confirm":"d8680267-eb5f-4029-b0d2-74d2a5bbd5e5","ts":"2025-12-06T18:43:25.014-05:00","source":{"id":"0","name":"eventBus"}}
{"__type":"$$EventMessageNode","id":"e4417728-7d9a-4dcd-a4f4-a982a71240fe","ts":"2025-12-06T18:43:25.025-05:00","eventName":"n8n.node.finished","message":"n8n.node.finished","payload":{"workflowId":"8y5ALZTU2BvkIrm4","workflowName":"General","executionId":"64","nodeType":"n8n-nodes-base.httpRequest","nodeName":"✈️ Skyscanner Flights","nodeId":"6d1d14dd-30a6-4993-a0b8-2e926b5e6f7d"}}
{"__type":"$$EventMessageConfirm","confirm":"e4417728-7d9a-4dcd-a4f4-a982a71240fe","ts":"2025-12-06T18:43:25.025-05:00","source":{"id":"0","name":"eventBus"}}
{"__type":"$$EventMessageNode","id":"2b720b1f-a5ce-4557-820d-e6edeee553e5","ts":"2025-12-06T18:43:25.026-05:00","eventName":"n8n.node.started","message":"n8n.node.started","payload":{"workflowId":"8y5ALZTU2BvkIrm4","workflowName":"General","executionId":"64","nodeType":"n8n-nodes-base.httpRequest","nodeName":"🗝️ Amadeus Auth Token","nodeId":"ddee2ef7-119f-4f23-8649-7285c81ad086"}}
{"__type":"$$EventMessageConfirm","confirm":"2b720b1f-a5ce-4557-820d-e6edeee553e5","ts":"2025-12-06T18:43:25.026-05:00","source":{"id":"0","name":"eventBus"}}
{"__type":"$$EventMessageNode","id":"8ede463e-0da0-4074-b199-9e35f91e70f9","ts":"2025-12-06T18:43:25.156-05:00","eventName":"n8n.node.finished","message":"n8n.node.finished","payload":{"workflowId":"8y5ALZTU2BvkIrm4","workflowName":"General","executionId":"65","nodeType":"n8n-nodes-base.httpRequest","nodeName":"✈️ Skyscanner Flights","nodeId":"6d1d14dd-30a6-4993-a0b8-2e926b5e6f7d"}}
{"__type":"$$EventMessageConfirm","confirm":"8ede463e-0da0-4074-b199-9e35f91e70f9","ts":"2025-12-06T18:43:25.157-05:00","source":{"id":"0","name":"eventBus"}}
{"__type":"$$EventMessageNode","id":"e1f8d3c6-b6bf-4235-8167-4a55603ccba2","ts":"2025-12-06T18:43:25.157-05:00","eventName":"n8n.node.started","message":"n8n.node.started","payload":{"workflowId":"8y5ALZTU2BvkIrm4","workflowName":"General","executionId":"65","nodeType":"n8n-nodes-base.httpRequest","nodeName":"🗝️ Amadeus Auth Token","nodeId":"ddee2ef7-119f-4f23-8649-7285c81ad086"}}
{"__type":"$$EventMessageConfirm","confirm":"e1f8d3c6-b6bf-4235-8167-4a55603ccba2","ts":"2025-12-06T18:43:25.157-05:00","source":{"id":"0","name":"eventBus"}}
{"__type":"$$EventMessageNode","id":"1a3891d4-9bde-4285-9ca1-8d035cd27b0b","ts":"2025-12-06T18:43:25.340-05:00","eventName":"n8n.node.finished","message":"n8n.node.finished","payload":{"workflowId":"8y5ALZTU2BvkIrm4","workflowName":"General","executionId":"59","nodeType":"n8n-nodes-base.supabase","nodeName":"💾 Supabase Storage","nodeId":"5decf8b0-d187-4260-9cad-7841d180e7bb"}}
{"__type":"$$EventMessageConfirm","confirm":"1a3891d4-9bde-4285-9ca1-8d035cd27b0b","ts":"2025-12-06T18:43:25.341-05:00","source":{"id":"0","name":"eventBus"}}
{"__type":"$$EventMessageNode","id":"7973c9b5-6a3e-4365-af1e-b351e559a404","ts":"2025-12-06T18:43:25.341-05:00","eventName":"n8n.node.started","message":"n8n.node.started","payload":{"workflowId":"8y5ALZTU2BvkIrm4","workflowName":"General","executionId":"59","nodeType":"n8n-nodes-base.code","nodeName":"Code in JavaScript1","nodeId":"fa6afa75-0195-4c00-9736-9fa0dfb030c1"}}
{"__type":"$$EventMessageConfirm","confirm":"7973c9b5-6a3e-4365-af1e-b351e559a404","ts":"2025-12-06T18:43:25.341-05:00","source":{"id":"0","name":"eventBus"}}
{"__type":"$$EventMessageNode","id":"30325e89-433d-44c2-812a-7480217e64d9","ts":"2025-12-06T18:43:25.347-05:00","eventName":"n8n.node.finished","message":"n8n.node.finished","payload":{"workflowId":"8y5ALZTU2BvkIrm4","workflowName":"General","executionId":"59","nodeType":"n8n-nodes-base.code","nodeName":"Code in JavaScript1","nodeId":"fa6afa75-0195-4c00-9736-9fa0dfb030c1"}}
{"__type":"$$EventMessageConfirm","confirm":"30325e89-433d-44c2-812a-7480217e64d9","ts":"2025-12-06T18:43:25.347-05:00","source":{"id":"0","name":"eventBus"}}
{"__type":"$$EventMessageNode","id":"ebe42796-3ce7-40d6-823a-5780e4a7ac3f","ts":"2025-12-06T18:43:25.348-05:00","eventName":"n8n.node.started","message":"n8n.node.started","payload":{"workflowId":"8y5ALZTU2BvkIrm4","workflowName":"General","executionId":"59","nodeType":"n8n-nodes-base.if","nodeName":"🎯 Check Great Deal","nodeId":"2d5f8692-815e-4325-a900-48f6502f5fc0"}}
{"__type":"$$EventMessageConfirm","confirm":"ebe42796-3ce7-40d6-823a-5780e4a7ac3f","ts":"2025-12-06T18:43:25.348-05:00","source":{"id":"0","name":"eventBus"}}
{"__type":"$$EventMessageNode","id":"97e0683c-eaae-45c5-98ab-38454c723710","ts":"2025-12-06T18:43:25.349-05:00","eventName":"n8n.node.finished","message":"n8n.node.finished","payload":{"workflowId":"8y5ALZTU2BvkIrm4","workflowName":"General","executionId":"59","nodeType":"n8n-nodes-base.if","nodeName":"🎯 Check Great Deal","nodeId":"2d5f8692-815e-4325-a900-48f6502f5fc0"}}
{"__type":"$$EventMessageConfirm","confirm":"97e0683c-eaae-45c5-98ab-38454c723710","ts":"2025-12-06T18:43:25.349-05:00","source":{"id":"0","name":"eventBus"}}
{"__type":"$$EventMessageNode","id":"173b401d-f7fd-41de-b90d-8f6c47f6cf9a","ts":"2025-12-06T18:43:25.349-05:00","eventName":"n8n.node.started","message":"n8n.node.started","payload":{"workflowId":"8y5ALZTU2BvkIrm4","workflowName":"General","executionId":"59","nodeType":"n8n-nodes-base.respondToWebhook","nodeName":"Respond to Webhook1","nodeId":"21d30c3a-21ce-476e-a3c4-2813894cc904"}}
{"__type":"$$EventMessageConfirm","confirm":"173b401d-f7fd-41de-b90d-8f6c47f6cf9a","ts":"2025-12-06T18:43:25.349-05:00","source":{"id":"0","name":"eventBus"}}
{"__type":"$$EventMessageNode","id":"4c7870dd-eaf8-41cd-b017-03de9b79238e","ts":"2025-12-06T18:43:25.350-05:00","eventName":"n8n.node.finished","message":"n8n.node.finished","payload":{"workflowId":"8y5ALZTU2BvkIrm4","workflowName":"General","executionId":"59","nodeType":"n8n-nodes-base.respondToWebhook","nodeName":"Respond to Webhook1","nodeId":"21d30c3a-21ce-476e-a3c4-2813894cc904"}}
{"__type":"$$EventMessageConfirm","confirm":"4c7870dd-eaf8-41cd-b017-03de9b79238e","ts":"2025-12-06T18:43:25.350-05:00","source":{"id":"0","name":"eventBus"}}
{"__type":"$$EventMessageWorkflow","id":"bda32b51-0778-47a1-bbec-3ac2cbd89f6e","ts":"2025-12-06T18:43:25.351-05:00","eventName":"n8n.workflow.success","message":"n8n.workflow.success","payload":{"executionId":"59","success":true,"isManual":false,"workflowId":"8y5ALZTU2BvkIrm4","workflowName":"General"}}
{"__type":"$$EventMessageConfirm","confirm":"bda32b51-0778-47a1-bbec-3ac2cbd89f6e","ts":"2025-12-06T18:43:25.351-05:00","source":{"id":"0","name":"eventBus"}}
{"__type":"$$EventMessageNode","id":"943d8d9c-b958-4e1c-8b96-2df215f2b5aa","ts":"2025-12-06T18:43:25.487-05:00","eventName":"n8n.node.finished","message":"n8n.node.finished","payload":{"workflowId":"8y5ALZTU2BvkIrm4","workflowName":"General","executionId":"66","nodeType":"n8n-nodes-base.httpRequest","nodeName":"✈️ Skyscanner Flights","nodeId":"6d1d14dd-30a6-4993-a0b8-2e926b5e6f7d"}}
{"__type":"$$EventMessageConfirm","confirm":"943d8d9c-b958-4e1c-8b96-2df215f2b5aa","ts":"2025-12-06T18:43:25.487-05:00","source":{"id":"0","name":"eventBus"}}
{"__type":"$$EventMessageNode","id":"79ea4c84-8781-44ea-b04e-3780b2012652","ts":"2025-12-06T18:43:25.488-05:00","eventName":"n8n.node.started","message":"n8n.node.started","payload":{"workflowId":"8y5ALZTU2BvkIrm4","workflowName":"General","executionId":"66","nodeType":"n8n-nodes-base.httpRequest","nodeName":"🗝️ Amadeus Auth Token","nodeId":"ddee2ef7-119f-4f23-8649-7285c81ad086"}}
{"__type":"$$EventMessageConfirm","confirm":"79ea4c84-8781-44ea-b04e-3780b2012652","ts":"2025-12-06T18:43:25.488-05:00","source":{"id":"0","name":"eventBus"}}
{"__type":"$$EventMessageNode","id":"756b1530-e048-4cf6-ad52-daea39fc6914","ts":"2025-12-06T18:43:25.549-05:00","eventName":"n8n.node.finished","message":"n8n.node.finished","payload":{"workflowId":"8y5ALZTU2BvkIrm4","workflowName":"General","executionId":"60","nodeType":"n8n-nodes-base.httpRequest","nodeName":"🏨 Amadeus Hotels Search","nodeId":"335375c3-b2c4-488a-a187-5db699984bb5"}}
{"__type":"$$EventMessageConfirm","confirm":"756b1530-e048-4cf6-ad52-daea39fc6914","ts":"2025-12-06T18:43:25.549-05:00","source":{"id":"0","name":"eventBus"}}
{"__type":"$$EventMessageNode","id":"235b1494-b96a-4f4f-bb6b-20f935f9a7f4","ts":"2025-12-06T18:43:25.549-05:00","eventName":"n8n.node.started","message":"n8n.node.started","payload":{"workflowId":"8y5ALZTU2BvkIrm4","workflowName":"General","executionId":"60","nodeType":"n8n-nodes-base.code","nodeName":"🧩 Parse Amadeus Hotels","nodeId":"47677723-da63-41ea-8c58-4cff95258258"}}
{"__type":"$$EventMessageConfirm","confirm":"235b1494-b96a-4f4f-bb6b-20f935f9a7f4","ts":"2025-12-06T18:43:25.549-05:00","source":{"id":"0","name":"eventBus"}}
{"__type":"$$EventMessageNode","id":"024c1553-f68b-468b-b80b-88f4cffaea6d","ts":"2025-12-06T18:43:25.575-05:00","eventName":"n8n.node.finished","message":"n8n.node.finished","payload":{"workflowId":"8y5ALZTU2BvkIrm4","workflowName":"General","executionId":"60","nodeType":"n8n-nodes-base.code","nodeName":"🧩 Parse Amadeus Hotels","nodeId":"47677723-da63-41ea-8c58-4cff95258258"}}
{"__type":"$$EventMessageConfirm","confirm":"024c1553-f68b-468b-b80b-88f4cffaea6d","ts":"2025-12-06T18:43:25.575-05:00","source":{"id":"0","name":"eventBus"}}
{"__type":"$$EventMessageNode","id":"738db0ac-b497-4121-88ca-0807a884102f","ts":"2025-12-06T18:43:25.577-05:00","eventName":"n8n.node.started","message":"n8n.node.started","payload":{"workflowId":"8y5ALZTU2BvkIrm4","workflowName":"General","executionId":"60","nodeType":"n8n-nodes-base.code","nodeName":"Code in JavaScript","nodeId":"9ad265ae-5dcc-402a-9191-c6e7792d671f"}}
{"__type":"$$EventMessageConfirm","confirm":"738db0ac-b497-4121-88ca-0807a884102f","ts":"2025-12-06T18:43:25.577-05:00","source":{"id":"0","name":"eventBus"}}
{"__type":"$$EventMessageNode","id":"5f4aaa95-b7c3-42e2-9a35-4047ae1c50a7","ts":"2025-12-06T18:43:25.585-05:00","eventName":"n8n.node.finished","message":"n8n.node.finished","payload":{"workflowId":"8y5ALZTU2BvkIrm4","workflowName":"General","executionId":"60","nodeType":"n8n-nodes-base.code","nodeName":"Code in JavaScript","nodeId":"9ad265ae-5dcc-402a-9191-c6e7792d671f"}}
{"__type":"$$EventMessageConfirm","confirm":"5f4aaa95-b7c3-42e2-9a35-4047ae1c50a7","ts":"2025-12-06T18:43:25.585-05:00","source":{"id":"0","name":"eventBus"}}
{"__type":"$$EventMessageNode","id":"a21ca155-5976-4e2f-930f-085b4c7dcd49","ts":"2025-12-06T18:43:25.585-05:00","eventName":"n8n.node.started","message":"n8n.node.started","payload":{"workflowId":"8y5ALZTU2BvkIrm4","workflowName":"General","executionId":"60","nodeType":"n8n-nodes-base.function","nodeName":"💡 Generate Travel Recommendations","nodeId":"300dd062-67fe-4694-b4db-81170145ca24"}}
{"__type":"$$EventMessageConfirm","confirm":"a21ca155-5976-4e2f-930f-085b4c7dcd49","ts":"2025-12-06T18:43:25.585-05:00","source":{"id":"0","name":"eventBus"}}
{"__type":"$$EventMessageNode","id":"d509b5ee-2c57-4e82-9883-0b8fc8503a71","ts":"2025-12-06T18:43:25.594-05:00","eventName":"n8n.node.finished","message":"n8n.node.finished","payload":{"workflowId":"8y5ALZTU2BvkIrm4","workflowName":"General","executionId":"60","nodeType":"n8n-nodes-base.function","nodeName":"💡 Generate Travel Recommendations","nodeId":"300dd062-67fe-4694-b4db-81170145ca24"}}
{"__type":"$$EventMessageConfirm","confirm":"d509b5ee-2c57-4e82-9883-0b8fc8503a71","ts":"2025-12-06T18:43:25.594-05:00","source":{"id":"0","name":"eventBus"}}
{"__type":"$$EventMessageNode","id":"95fe1dd1-cc5d-4888-a921-2776680c8766","ts":"2025-12-06T18:43:25.594-05:00","eventName":"n8n.node.started","message":"n8n.node.started","payload":{"workflowId":"8y5ALZTU2BvkIrm4","workflowName":"General","executionId":"60","nodeType":"n8n-nodes-base.supabase","nodeName":"💾 Supabase Storage","nodeId":"5decf8b0-d187-4260-9cad-7841d180e7bb"}}
{"__type":"$$EventMessageConfirm","confirm":"95fe1dd1-cc5d-4888-a921-2776680c8766","ts":"2025-12-06T18:43:25.594-05:00","source":{"id":"0","name":"eventBus"}}
{"__type":"$$EventMessageNode","id":"579d9e91-27fe-4bfb-b70e-22e0f9f64baf","ts":"2025-12-06T18:43:25.611-05:00","eventName":"n8n.node.finished","message":"n8n.node.finished","payload":{"workflowId":"8y5ALZTU2BvkIrm4","workflowName":"General","executionId":"62","nodeType":"n8n-nodes-base.httpRequest","nodeName":"🗝️ Amadeus Auth Token","nodeId":"ddee2ef7-119f-4f23-8649-7285c81ad086"}}
{"__type":"$$EventMessageConfirm","confirm":"579d9e91-27fe-4bfb-b70e-22e0f9f64baf","ts":"2025-12-06T18:43:25.611-05:00","source":{"id":"0","name":"eventBus"}}
{"__type":"$$EventMessageNode","id":"1697c8a3-f66b-413d-9241-272c7bc2ef01","ts":"2025-12-06T18:43:25.611-05:00","eventName":"n8n.node.started","message":"n8n.node.started","payload":{"workflowId":"8y5ALZTU2BvkIrm4","workflowName":"General","executionId":"62","nodeType":"n8n-nodes-base.httpRequest","nodeName":"🏨 Amadeus Hotels Search","nodeId":"335375c3-b2c4-488a-a187-5db699984bb5"}}
{"__type":"$$EventMessageConfirm","confirm":"1697c8a3-f66b-413d-9241-272c7bc2ef01","ts":"2025-12-06T18:43:25.611-05:00","source":{"id":"0","name":"eventBus"}}
{"__type":"$$EventMessageWorkflow","id":"fc46f457-800b-484b-b84e-22ccc206ceef","ts":"2025-12-06T18:43:25.742-05:00","eventName":"n8n.workflow.started","message":"n8n.workflow.started","payload":{"executionId":"68","workflowId":"8y5ALZTU2BvkIrm4","isManual":false,"workflowName":"General"}}
{"__type":"$$EventMessageConfirm","confirm":"fc46f457-800b-484b-b84e-22ccc206ceef","ts":"2025-12-06T18:43:25.743-05:00","source":{"id":"0","name":"eventBus"}}
{"__type":"$$EventMessageNode","id":"cdbd285f-bbf9-486f-8a2c-30f8839bf27d","ts":"2025-12-06T18:43:25.743-05:00","eventName":"n8n.node.started","message":"n8n.node.started","payload":{"workflowId":"8y5ALZTU2BvkIrm4","workflowName":"General","executionId":"68","nodeType":"n8n-nodes-base.webhook","nodeName":"📱 Streamlit Webhook","nodeId":"ae8059ee-5c26-4af5-83ea-0b147821a989"}}
{"__type":"$$EventMessageConfirm","confirm":"cdbd285f-bbf9-486f-8a2c-30f8839bf27d","ts":"2025-12-06T18:43:25.743-05:00","source":{"id":"0","name":"eventBus"}}
{"__type":"$$EventMessageNode","id":"0a46d864-3175-4d6d-a646-ba41fdb311b6","ts":"2025-12-06T18:43:25.743-05:00","eventName":"n8n.node.finished","message":"n8n.node.finished","payload":{"workflowId":"8y5ALZTU2BvkIrm4","workflowName":"General","executionId":"68","nodeType":"n8n-nodes-base.webhook","nodeName":"📱 Streamlit Webhook","nodeId":"ae8059ee-5c26-4af5-83ea-0b147821a989"}}
{"__type":"$$EventMessageConfirm","confirm":"0a46d864-3175-4d6d-a646-ba41fdb311b6","ts":"2025-12-06T18:43:25.744-05:00","source":{"id":"0","name":"eventBus"}}
{"__type":"$$EventMessageNode","id":"92bf7469-d699-41f0-bd26-d78cb492c50d","ts":"2025-12-06T18:43:25.744-05:00","eventName":"n8n.node.started","message":"n8n.node.started","payload":{"workflowId":"8y5ALZTU2BvkIrm4","workflowName":"General","executionId":"68","nodeType":"n8n-nodes-base.function","nodeName":"Process Travel Data","nodeId":"02497c10-01cd-4448-8373-576a8cdff0cf"}}
{"__type":"$$EventMessageConfirm","confirm":"92bf7469-d699-41f0-bd26-d78cb492c50d","ts":"2025-12-06T18:43:25.744-05:00","source":{"id":"0","name":"eventBus"}}
{"__type":"$$EventMessageNode","id":"879f93f5-60da-4349-a684-3ca748c8083a","ts":"2025-12-06T18:43:25.763-05:00","eventName":"n8n.node.finished","message":"n8n.node.finished","payload":{"workflowId":"8y5ALZTU2BvkIrm4","workflowName":"General","executionId":"68","nodeType":"n8n-nodes-base.function","nodeName":"Process Travel Data","nodeId":"02497c10-01cd-4448-8373-576a8cdff0cf"}}
{"__type":"$$EventMessageConfirm","confirm":"879f93f5-60da-4349-a684-3ca748c8083a","ts":"2025-12-06T18:43:25.763-05:00","source":{"id":"0","name":"eventBus"}}
{"__type":"$$EventMessageNode","id":"c0e7da2a-b37d-42d8-a8b1-28dbbbfe70bd","ts":"2025-12-06T18:43:25.764-05:00","eventName":"n8n.node.started","message":"n8n.node.started","payload":{"workflowId":"8y5ALZTU2BvkIrm4","workflowName":"General","executionId":"68","nodeType":"n8n-nodes-base.httpRequest","nodeName":"✈️ Skyscanner Flights","nodeId":"6d1d14dd-30a6-4993-a0b8-2e926b5e6f7d"}}
{"__type":"$$EventMessageConfirm","confirm":"c0e7da2a-b37d-42d8-a8b1-28dbbbfe70bd","ts":"2025-12-06T18:43:25.764-05:00","source":{"id":"0","name":"eventBus"}}
{"__type":"$$EventMessageNode","id":"4ef78c48-3f06-4056-bf4b-582ef14803b4","ts":"2025-12-06T18:43:25.854-05:00","eventName":"n8n.node.finished","message":"n8n.node.finished","payload":{"workflowId":"8y5ALZTU2BvkIrm4","workflowName":"General","executionId":"63","nodeType":"n8n-nodes-base.httpRequest","nodeName":"🗝️ Amadeus Auth Token","nodeId":"ddee2ef7-119f-4f23-8649-7285c81ad086"}}
{"__type":"$$EventMessageConfirm","confirm":"4ef78c48-3f06-4056-bf4b-582ef14803b4","ts":"2025-12-06T18:43:25.855-05:00","source":{"id":"0","name":"eventBus"}}
{"__type":"$$EventMessageNode","id":"c7363262-ed27-40bb-bd51-49a4ef6fbf50","ts":"2025-12-06T18:43:25.855-05:00","eventName":"n8n.node.started","message":"n8n.node.started","payload":{"workflowId":"8y5ALZTU2BvkIrm4","workflowName":"General","executionId":"63","nodeType":"n8n-nodes-base.httpRequest","nodeName":"🏨 Amadeus Hotels Search","nodeId":"335375c3-b2c4-488a-a187-5db699984bb5"}}
{"__type":"$$EventMessageConfirm","confirm":"c7363262-ed27-40bb-bd51-49a4ef6fbf50","ts":"2025-12-06T18:43:25.855-05:00","source":{"id":"0","name":"eventBus"}}
{"__type":"$$EventMessageNode","id":"a7cb3c91-b6e4-49de-94a7-1e081fa68942","ts":"2025-12-06T18:43:25.972-05:00","eventName":"n8n.node.finished","message":"n8n.node.finished","payload":{"workflowId":"8y5ALZTU2BvkIrm4","workflowName":"General","executionId":"64","nodeType":"n8n-nodes-base.httpRequest","nodeName":"🗝️ Amadeus Auth Token","nodeId":"ddee2ef7-119f-4f23-8649-7285c81ad086"}}
{"__type":"$$EventMessageConfirm","confirm":"a7cb3c91-b6e4-49de-94a7-1e081fa68942","ts":"2025-12-06T18:43:25.972-05:00","source":{"id":"0","name":"eventBus"}}
{"__type":"$$EventMessageNode","id":"8b8bf58e-c14b-4e5b-b6b9-c2df14ce9553","ts":"2025-12-06T18:43:25.972-05:00","eventName":"n8n.node.started","message":"n8n.node.started","payload":{"workflowId":"8y5ALZTU2BvkIrm4","workflowName":"General","executionId":"64","nodeType":"n8n-nodes-base.httpRequest","nodeName":"🏨 Amadeus Hotels Search","nodeId":"335375c3-b2c4-488a-a187-5db699984bb5"}}
{"__type":"$$EventMessageConfirm","confirm":"8b8bf58e-c14b-4e5b-b6b9-c2df14ce9553","ts":"2025-12-06T18:43:25.972-05:00","source":{"id":"0","name":"eventBus"}}
{"__type":"$$EventMessageNode","id":"ddad533e-f831-4c3b-a0e1-888468c0d2f0","ts":"2025-12-06T18:43:26.058-05:00","eventName":"n8n.node.finished","message":"n8n.node.finished","payload":{"workflowId":"8y5ALZTU2BvkIrm4","workflowName":"General","executionId":"67","nodeType":"n8n-nodes-base.httpRequest","nodeName":"✈️ Skyscanner Flights","nodeId":"6d1d14dd-30a6-4993-a0b8-2e926b5e6f7d"}}
{"__type":"$$EventMessageConfirm","confirm":"ddad533e-f831-4c3b-a0e1-888468c0d2f0","ts":"2025-12-06T18:43:26.059-05:00","source":{"id":"0","name":"eventBus"}}
{"__type":"$$EventMessageNode","id":"1741e79c-eebc-49df-a085-de97d9d737ea","ts":"2025-12-06T18:43:26.059-05:00","eventName":"n8n.node.started","message":"n8n.node.started","payload":{"workflowId":"8y5ALZTU2BvkIrm4","workflowName":"General","executionId":"67","nodeType":"n8n-nodes-base.httpRequest","nodeName":"🗝️ Amadeus Auth Token","nodeId":"ddee2ef7-119f-4f23-8649-7285c81ad086"}}
{"__type":"$$EventMessageConfirm","confirm":"1741e79c-eebc-49df-a085-de97d9d737ea","ts":"2025-12-06T18:43:26.059-05:00","source":{"id":"0","name":"eventBus"}}
{"__type":"$$EventMessageNode","id":"78b183ab-32d7-4535-b9b6-ffc912a3def2","ts":"2025-12-06T18:43:26.124-05:00","eventName":"n8n.node.finished","message":"n8n.node.finished","payload":{"workflowId":"8y5ALZTU2BvkIrm4","workflowName":"General","executionId":"65","nodeType":"n8n-nodes-base.httpRequest","nodeName":"🗝️ Amadeus Auth Token","nodeId":"ddee2ef7-119f-4f23-8649-7285c81ad086"}}
{"__type":"$$EventMessageConfirm","confirm":"78b183ab-32d7-4535-b9b6-ffc912a3def2","ts":"2025-12-06T18:43:26.124-05:00","source":{"id":"0","name":"eventBus"}}
{"__type":"$$EventMessageNode","id":"3fdaf6aa-db93-463c-8a7a-3277fd08a094","ts":"2025-12-06T18:43:26.124-05:00","eventName":"n8n.node.started","message":"n8n.node.started","payload":{"workflowId":"8y5ALZTU2BvkIrm4","workflowName":"General","executionId":"65","nodeType":"n8n-nodes-base.httpRequest","nodeName":"🏨 Amadeus Hotels Search","nodeId":"335375c3-b2c4-488a-a187-5db699984bb5"}}
{"__type":"$$EventMessageConfirm","confirm":"3fdaf6aa-db93-463c-8a7a-3277fd08a094","ts":"2025-12-06T18:43:26.124-05:00","source":{"id":"0","name":"eventBus"}}
{"__type":"$$EventMessageNode","id":"7c6e1778-9edb-4b33-8a3c-7588efab5bbb","ts":"2025-12-06T18:43:26.137-05:00","eventName":"n8n.node.finished","message":"n8n.node.finished","payload":{"workflowId":"8y5ALZTU2BvkIrm4","workflowName":"General","executionId":"61","nodeType":"n8n-nodes-base.httpRequest","nodeName":"🏨 Amadeus Hotels Search","nodeId":"335375c3-b2c4-488a-a187-5db699984bb5"}}
{"__type":"$$EventMessageConfirm","confirm":"7c6e1778-9edb-4b33-8a3c-7588efab5bbb","ts":"2025-12-06T18:43:26.137-05:00","source":{"id":"0","name":"eventBus"}}
{"__type":"$$EventMessageNode","id":"0df6f66b-8651-4011-8f95-10a917e33bdc","ts":"2025-12-06T18:43:26.137-05:00","eventName":"n8n.node.started","message":"n8n.node.started","payload":{"workflowId":"8y5ALZTU2BvkIrm4","workflowName":"General","executionId":"61","nodeType":"n8n-nodes-base.code","nodeName":"🧩 Parse Amadeus Hotels","nodeId":"47677723-da63-41ea-8c58-4cff95258258"}}
{"__type":"$$EventMessageConfirm","confirm":"0df6f66b-8651-4011-8f95-10a917e33bdc","ts":"2025-12-06T18:43:26.137-05:00","source":{"id":"0","name":"eventBus"}}
{"__type":"$$EventMessageNode","id":"9719eb72-c968-499d-87ec-af104b0c4ec6","ts":"2025-12-06T18:43:26.163-05:00","eventName":"n8n.node.finished","message":"n8n.node.finished","payload":{"workflowId":"8y5ALZTU2BvkIrm4","workflowName":"General","executionId":"61","nodeType":"n8n-nodes-base.code","nodeName":"🧩 Parse Amadeus Hotels","nodeId":"47677723-da63-41ea-8c58-4cff95258258"}}
{"__type":"$$EventMessageConfirm","confirm":"9719eb72-c968-499d-87ec-af104b0c4ec6","ts":"2025-12-06T18:43:26.163-05:00","source":{"id":"0","name":"eventBus"}}
{"__type":"$$EventMessageNode","id":"77a93b8b-ecda-418a-a9bf-6fe8d177d37d","ts":"2025-12-06T18:43:26.164-05:00","eventName":"n8n.node.started","message":"n8n.node.started","payload":{"workflowId":"8y5ALZTU2BvkIrm4","workflowName":"General","executionId":"61","nodeType":"n8n-nodes-base.code","nodeName":"Code in JavaScript","nodeId":"9ad265ae-5dcc-402a-9191-c6e7792d671f"}}
{"__type":"$$EventMessageConfirm","confirm":"77a93b8b-ecda-418a-a9bf-6fe8d177d37d","ts":"2025-12-06T18:43:26.165-05:00","source":{"id":"0","name":"eventBus"}}
{"__type":"$$EventMessageNode","id":"b6ecda32-7b19-4a67-8875-2c0ec91e17ce","ts":"2025-12-06T18:43:26.173-05:00","eventName":"n8n.node.finished","message":"n8n.node.finished","payload":{"workflowId":"8y5ALZTU2BvkIrm4","workflowName":"General","executionId":"61","nodeType":"n8n-nodes-base.code","nodeName":"Code in JavaScript","nodeId":"9ad265ae-5dcc-402a-9191-c6e7792d671f"}}
{"__type":"$$EventMessageConfirm","confirm":"b6ecda32-7b19-4a67-8875-2c0ec91e17ce","ts":"2025-12-06T18:43:26.173-05:00","source":{"id":"0","name":"eventBus"}}
{"__type":"$$EventMessageNode","id":"c66d1d04-0295-4513-8706-c9619a635e1d","ts":"2025-12-06T18:43:26.173-05:00","eventName":"n8n.node.started","message":"n8n.node.started","payload":{"workflowId":"8y5ALZTU2BvkIrm4","workflowName":"General","executionId":"61","nodeType":"n8n-nodes-base.function","nodeName":"💡 Generate Travel Recommendations","nodeId":"300dd062-67fe-4694-b4db-81170145ca24"}}
{"__type":"$$EventMessageConfirm","confirm":"c66d1d04-0295-4513-8706-c9619a635e1d","ts":"2025-12-06T18:43:26.173-05:00","source":{"id":"0","name":"eventBus"}}
{"__type":"$$EventMessageNode","id":"58937e79-65d6-4064-aba0-f6ce6b364a8b","ts":"2025-12-06T18:43:26.182-05:00","eventName":"n8n.node.finished","message":"n8n.node.finished","payload":{"workflowId":"8y5ALZTU2BvkIrm4","workflowName":"General","executionId":"61","nodeType":"n8n-nodes-base.function","nodeName":"💡 Generate Travel Recommendations","nodeId":"300dd062-67fe-4694-b4db-81170145ca24"}}
{"__type":"$$EventMessageConfirm","confirm":"58937e79-65d6-4064-aba0-f6ce6b364a8b","ts":"2025-12-06T18:43:26.182-05:00","source":{"id":"0","name":"eventBus"}}
{"__type":"$$EventMessageNode","id":"82592b1e-49e0-42fe-acdd-eb6853d56962","ts":"2025-12-06T18:43:26.182-05:00","eventName":"n8n.node.started","message":"n8n.node.started","payload":{"workflowId":"8y5ALZTU2BvkIrm4","workflowName":"General","executionId":"61","nodeType":"n8n-nodes-base.supabase","nodeName":"💾 Supabase Storage","nodeId":"5decf8b0-d187-4260-9cad-7841d180e7bb"}}
{"__type":"$$EventMessageConfirm","confirm":"82592b1e-49e0-42fe-acdd-eb6853d56962","ts":"2025-12-06T18:43:26.182-05:00","source":{"id":"0","name":"eventBus"}}
{"__type":"$$EventMessageNode","id":"4404f720-1f7f-411e-8557-a7f36a60abc7","ts":"2025-12-06T18:43:26.210-05:00","eventName":"n8n.node.finished","message":"n8n.node.finished","payload":{"workflowId":"8y5ALZTU2BvkIrm4","workflowName":"General","executionId":"60","nodeType":"n8n-nodes-base.supabase","nodeName":"💾 Supabase Storage","nodeId":"5decf8b0-d187-4260-9cad-7841d180e7bb"}}
{"__type":"$$EventMessageConfirm","confirm":"4404f720-1f7f-411e-8557-a7f36a60abc7","ts":"2025-12-06T18:43:26.210-05:00","source":{"id":"0","name":"eventBus"}}
{"__type":"$$EventMessageNode","id":"fb18e9d0-cdcd-4832-bf37-a44a1f8c3c25","ts":"2025-12-06T18:43:26.210-05:00","eventName":"n8n.node.started","message":"n8n.node.started","payload":{"workflowId":"8y5ALZTU2BvkIrm4","workflowName":"General","executionId":"60","nodeType":"n8n-nodes-base.code","nodeName":"Code in JavaScript1","nodeId":"fa6afa75-0195-4c00-9736-9fa0dfb030c1"}}
{"__type":"$$EventMessageConfirm","confirm":"fb18e9d0-cdcd-4832-bf37-a44a1f8c3c25","ts":"2025-12-06T18:43:26.210-05:00","source":{"id":"0","name":"eventBus"}}
{"__type":"$$EventMessageNode","id":"f5002a63-d6de-4ff3-9212-0859624f657a","ts":"2025-12-06T18:43:26.217-05:00","eventName":"n8n.node.finished","message":"n8n.node.finished","payload":{"workflowId":"8y5ALZTU2BvkIrm4","workflowName":"General","executionId":"60","nodeType":"n8n-nodes-base.code","nodeName":"Code in JavaScript1","nodeId":"fa6afa75-0195-4c00-9736-9fa0dfb030c1"}}
{"__type":"$$EventMessageConfirm","confirm":"f5002a63-d6de-4ff3-9212-0859624f657a","ts":"2025-12-06T18:43:26.217-05:00","source":{"id":"0","name":"eventBus"}}
{"__type":"$$EventMessageNode","id":"e24d3abf-0960-4c3f-b370-2fc6c2dfdf1e","ts":"2025-12-06T18:43:26.217-05:00","eventName":"n8n.node.started","message":"n8n.node.started","payload":{"workflowId":"8y5ALZTU2BvkIrm4","workflowName":"General","executionId":"60","nodeType":"n8n-nodes-base.if","nodeName":"🎯 Check Great Deal","nodeId":"2d5f8692-815e-4325-a900-48f6502f5fc0"}}
{"__type":"$$EventMessageConfirm","confirm":"e24d3abf-0960-4c3f-b370-2fc6c2dfdf1e","ts":"2025-12-06T18:43:26.217-05:00","source":{"id":"0","name":"eventBus"}}
{"__type":"$$EventMessageNode","id":"2dca86fd-e370-4185-9ace-d35ccb2dc831","ts":"2025-12-06T18:43:26.218-05:00","eventName":"n8n.node.finished","message":"n8n.node.finished","payload":{"workflowId":"8y5ALZTU2BvkIrm4","workflowName":"General","executionId":"60","nodeType":"n8n-nodes-base.if","nodeName":"🎯 Check Great Deal","nodeId":"2d5f8692-815e-4325-a900-48f6502f5fc0"}}
{"__type":"$$EventMessageConfirm","confirm":"2dca86fd-e370-4185-9ace-d35ccb2dc831","ts":"2025-12-06T18:43:26.218-05:00","source":{"id":"0","name":"eventBus"}}
{"__type":"$$EventMessageNode","id":"a8562efd-e735-4486-8cdd-203388d69e49","ts":"2025-12-06T18:43:26.218-05:00","eventName":"n8n.node.started","message":"n8n.node.started","payload":{"workflowId":"8y5ALZTU2BvkIrm4","workflowName":"General","executionId":"60","nodeType":"n8n-nodes-base.emailSend","nodeName":"Enviar Correo1","nodeId":"cae987c6-c9aa-4be8-abd1-aa4d4e16b230"}}
{"__type":"$$EventMessageConfirm","confirm":"a8562efd-e735-4486-8cdd-203388d69e49","ts":"2025-12-06T18:43:26.218-05:00","source":{"id":"0","name":"eventBus"}}
{"__type":"$$EventMessageNode","id":"c831f6ce-8b0d-41f2-86a1-5c940fc6b144","ts":"2025-12-06T18:43:26.450-05:00","eventName":"n8n.node.finished","message":"n8n.node.finished","payload":{"workflowId":"8y5ALZTU2BvkIrm4","workflowName":"General","executionId":"66","nodeType":"n8n-nodes-base.httpRequest","nodeName":"🗝️ Amadeus Auth Token","nodeId":"ddee2ef7-119f-4f23-8649-7285c81ad086"}}
{"__type":"$$EventMessageConfirm","confirm":"c831f6ce-8b0d-41f2-86a1-5c940fc6b144","ts":"2025-12-06T18:43:26.450-05:00","source":{"id":"0","name":"eventBus"}}
{"__type":"$$EventMessageNode","id":"db254074-349d-4fec-a172-adb2499150fb","ts":"2025-12-06T18:43:26.450-05:00","eventName":"n8n.node.started","message":"n8n.node.started","payload":{"workflowId":"8y5ALZTU2BvkIrm4","workflowName":"General","executionId":"66","nodeType":"n8n-nodes-base.httpRequest","nodeName":"🏨 Amadeus Hotels Search","nodeId":"335375c3-b2c4-488a-a187-5db699984bb5"}}
{"__type":"$$EventMessageConfirm","confirm":"db254074-349d-4fec-a172-adb2499150fb","ts":"2025-12-06T18:43:26.450-05:00","source":{"id":"0","name":"eventBus"}}
{"__type":"$$EventMessageNode","id":"5a0ede55-08d8-4bb4-8796-5c14c7975abe","ts":"2025-12-06T18:43:26.695-05:00","eventName":"n8n.node.finished","message":"n8n.node.finished","payload":{"workflowId":"8y5ALZTU2BvkIrm4","workflowName":"General","executionId":"61","nodeType":"n8n-nodes-base.supabase","nodeName":"💾 Supabase Storage","nodeId":"5decf8b0-d187-4260-9cad-7841d180e7bb"}}
{"__type":"$$EventMessageConfirm","confirm":"5a0ede55-08d8-4bb4-8796-5c14c7975abe","ts":"2025-12-06T18:43:26.696-05:00","source":{"id":"0","name":"eventBus"}}
{"__type":"$$EventMessageNode","id":"cee59f2a-2ad9-4545-b524-157a2a9ead46","ts":"2025-12-06T18:43:26.696-05:00","eventName":"n8n.node.started","message":"n8n.node.started","payload":{"workflowId":"8y5ALZTU2BvkIrm4","workflowName":"General","executionId":"61","nodeType":"n8n-nodes-base.code","nodeName":"Code in JavaScript1","nodeId":"fa6afa75-0195-4c00-9736-9fa0dfb030c1"}}
{"__type":"$$EventMessageConfirm","confirm":"cee59f2a-2ad9-4545-b524-157a2a9ead46","ts":"2025-12-06T18:43:26.696-05:00","source":{"id":"0","name":"eventBus"}}
{"__type":"$$EventMessageNode","id":"30764dc2-271d-49d2-8b8f-8bf57820214e","ts":"2025-12-06T18:43:26.701-05:00","eventName":"n8n.node.finished","message":"n8n.node.finished","payload":{"workflowId":"8y5ALZTU2BvkIrm4","workflowName":"General","executionId":"61","nodeType":"n8n-nodes-base.code","nodeName":"Code in JavaScript1","nodeId":"fa6afa75-0195-4c00-9736-9fa0dfb030c1"}}
{"__type":"$$EventMessageConfirm","confirm":"30764dc2-271d-49d2-8b8f-8bf57820214e","ts":"2025-12-06T18:43:26.701-05:00","source":{"id":"0","name":"eventBus"}}
{"__type":"$$EventMessageNode","id":"2824c44e-5649-46dd-a839-73f184425b9e","ts":"2025-12-06T18:43:26.701-05:00","eventName":"n8n.node.started","message":"n8n.node.started","payload":{"workflowId":"8y5ALZTU2BvkIrm4","workflowName":"General","executionId":"61","nodeType":"n8n-nodes-base.if","nodeName":"🎯 Check Great Deal","nodeId":"2d5f8692-815e-4325-a900-48f6502f5fc0"}}
{"__type":"$$EventMessageConfirm","confirm":"2824c44e-5649-46dd-a839-73f184425b9e","ts":"2025-12-06T18:43:26.701-05:00","source":{"id":"0","name":"eventBus"}}
{"__type":"$$EventMessageNode","id":"194e4607-ec08-47dd-b315-e385f06e434e","ts":"2025-12-06T18:43:26.702-05:00","eventName":"n8n.node.finished","message":"n8n.node.finished","payload":{"workflowId":"8y5ALZTU2BvkIrm4","workflowName":"General","executionId":"61","nodeType":"n8n-nodes-base.if","nodeName":"🎯 Check Great Deal","nodeId":"2d5f8692-815e-4325-a900-48f6502f5fc0"}}
{"__type":"$$EventMessageConfirm","confirm":"194e4607-ec08-47dd-b315-e385f06e434e","ts":"2025-12-06T18:43:26.702-05:00","source":{"id":"0","name":"eventBus"}}
{"__type":"$$EventMessageNode","id":"863bcce7-d54b-45ec-b29a-b22ad0c11a0c","ts":"2025-12-06T18:43:26.703-05:00","eventName":"n8n.node.started","message":"n8n.node.started","payload":{"workflowId":"8y5ALZTU2BvkIrm4","workflowName":"General","executionId":"61","nodeType":"n8n-nodes-base.respondToWebhook","nodeName":"Respond to Webhook1","nodeId":"21d30c3a-21ce-476e-a3c4-2813894cc904"}}
{"__type":"$$EventMessageConfirm","confirm":"863bcce7-d54b-45ec-b29a-b22ad0c11a0c","ts":"2025-12-06T18:43:26.703-05:00","source":{"id":"0","name":"eventBus"}}
{"__type":"$$EventMessageNode","id":"97c00037-4ad8-463a-8903-a57bff37990b","ts":"2025-12-06T18:43:26.704-05:00","eventName":"n8n.node.finished","message":"n8n.node.finished","payload":{"workflowId":"8y5ALZTU2BvkIrm4","workflowName":"General","executionId":"61","nodeType":"n8n-nodes-base.respondToWebhook","nodeName":"Respond to Webhook1","nodeId":"21d30c3a-21ce-476e-a3c4-2813894cc904"}}
{"__type":"$$EventMessageConfirm","confirm":"97c00037-4ad8-463a-8903-a57bff37990b","ts":"2025-12-06T18:43:26.704-05:00","source":{"id":"0","name":"eventBus"}}
{"__type":"$$EventMessageWorkflow","id":"5b7ea8fc-7fbb-40f2-b3e4-f5880b53e1b7","ts":"2025-12-06T18:43:26.704-05:00","eventName":"n8n.workflow.success","message":"n8n.workflow.success","payload":{"executionId":"61","success":true,"isManual":false,"workflowId":"8y5ALZTU2BvkIrm4","workflowName":"General"}}
{"__type":"$$EventMessageConfirm","confirm":"5b7ea8fc-7fbb-40f2-b3e4-f5880b53e1b7","ts":"2025-12-06T18:43:26.705-05:00","source":{"id":"0","name":"eventBus"}}
{"__type":"$$EventMessageNode","id":"87c94f05-fecb-4277-8972-2d219bdd0720","ts":"2025-12-06T18:43:26.753-05:00","eventName":"n8n.node.finished","message":"n8n.node.finished","payload":{"workflowId":"8y5ALZTU2BvkIrm4","workflowName":"General","executionId":"58","nodeType":"n8n-nodes-base.emailSend","nodeName":"Enviar Correo1","nodeId":"cae987c6-c9aa-4be8-abd1-aa4d4e16b230"}}
{"__type":"$$EventMessageConfirm","confirm":"87c94f05-fecb-4277-8972-2d219bdd0720","ts":"2025-12-06T18:43:26.753-05:00","source":{"id":"0","name":"eventBus"}}
{"__type":"$$EventMessageNode","id":"9595b119-360d-4a15-bb36-b0d4266f1eea","ts":"2025-12-06T18:43:26.754-05:00","eventName":"n8n.node.started","message":"n8n.node.started","payload":{"workflowId":"8y5ALZTU2BvkIrm4","workflowName":"General","executionId":"58","nodeType":"n8n-nodes-base.respondToWebhook","nodeName":"Respond to Webhook1","nodeId":"21d30c3a-21ce-476e-a3c4-2813894cc904"}}
{"__type":"$$EventMessageConfirm","confirm":"9595b119-360d-4a15-bb36-b0d4266f1eea","ts":"2025-12-06T18:43:26.754-05:00","source":{"id":"0","name":"eventBus"}}
{"__type":"$$EventMessageNode","id":"16a6796d-d6b8-43b7-adcc-61b0e20dd663","ts":"2025-12-06T18:43:26.757-05:00","eventName":"n8n.node.finished","message":"n8n.node.finished","payload":{"workflowId":"8y5ALZTU2BvkIrm4","workflowName":"General","executionId":"58","nodeType":"n8n-nodes-base.respondToWebhook","nodeName":"Respond to Webhook1","nodeId":"21d30c3a-21ce-476e-a3c4-2813894cc904"}}
{"__type":"$$EventMessageConfirm","confirm":"16a6796d-d6b8-43b7-adcc-61b0e20dd663","ts":"2025-12-06T18:43:26.757-05:00","source":{"id":"0","name":"eventBus"}}
{"__type":"$$EventMessageWorkflow","id":"e1d7a95b-be81-4241-96b4-cb6335790ab3","ts":"2025-12-06T18:43:26.757-05:00","eventName":"n8n.workflow.success","message":"n8n.workflow.success","payload":{"executionId":"58","success":true,"isManual":false,"workflowId":"8y5ALZTU2BvkIrm4","workflowName":"General"}}
{"__type":"$$EventMessageConfirm","confirm":"e1d7a95b-be81-4241-96b4-cb6335790ab3","ts":"2025-12-06T18:43:26.757-05:00","source":{"id":"0","name":"eventBus"}}
{"__type":"$$EventMessageNode","id":"4392e203-8faf-443b-9e83-a7fda41b78f4","ts":"2025-12-06T18:43:26.886-05:00","eventName":"n8n.node.finished","message":"n8n.node.finished","payload":{"workflowId":"8y5ALZTU2BvkIrm4","workflowName":"General","executionId":"68","nodeType":"n8n-nodes-base.httpRequest","nodeName":"✈️ Skyscanner Flights","nodeId":"6d1d14dd-30a6-4993-a0b8-2e926b5e6f7d"}}
{"__type":"$$EventMessageConfirm","confirm":"4392e203-8faf-443b-9e83-a7fda41b78f4","ts":"2025-12-06T18:43:26.886-05:00","source":{"id":"0","name":"eventBus"}}
{"__type":"$$EventMessageNode","id":"029cd5c8-39dc-4940-b9ad-82e18a71ef9f","ts":"2025-12-06T18:43:26.886-05:00","eventName":"n8n.node.started","message":"n8n.node.started","payload":{"workflowId":"8y5ALZTU2BvkIrm4","workflowName":"General","executionId":"68","nodeType":"n8n-nodes-base.httpRequest","nodeName":"🗝️ Amadeus Auth Token","nodeId":"ddee2ef7-119f-4f23-8649-7285c81ad086"}}
{"__type":"$$EventMessageConfirm","confirm":"029cd5c8-39dc-4940-b9ad-82e18a71ef9f","ts":"2025-12-06T18:43:26.886-05:00","source":{"id":"0","name":"eventBus"}}
{"__type":"$$EventMessageNode","id":"c702eadb-9043-4000-8de2-8b0a7adb27f9","ts":"2025-12-06T18:43:27.022-05:00","eventName":"n8n.node.finished","message":"n8n.node.finished","payload":{"workflowId":"8y5ALZTU2BvkIrm4","workflowName":"General","executionId":"67","nodeType":"n8n-nodes-base.httpRequest","nodeName":"🗝️ Amadeus Auth Token","nodeId":"ddee2ef7-119f-4f23-8649-7285c81ad086"}}
{"__type":"$$EventMessageConfirm","confirm":"c702eadb-9043-4000-8de2-8b0a7adb27f9","ts":"2025-12-06T18:43:27.023-05:00","source":{"id":"0","name":"eventBus"}}
{"__type":"$$EventMessageNode","id":"ee41c0c8-1546-4e10-bf15-a5d742779ece","ts":"2025-12-06T18:43:27.023-05:00","eventName":"n8n.node.started","message":"n8n.node.started","payload":{"workflowId":"8y5ALZTU2BvkIrm4","workflowName":"General","executionId":"67","nodeType":"n8n-nodes-base.httpRequest","nodeName":"🏨 Amadeus Hotels Search","nodeId":"335375c3-b2c4-488a-a187-5db699984bb5"}}
{"__type":"$$EventMessageConfirm","confirm":"ee41c0c8-1546-4e10-bf15-a5d742779ece","ts":"2025-12-06T18:43:27.023-05:00","source":{"id":"0","name":"eventBus"}}
{"__type":"$$EventMessageWorkflow","id":"6ba40592-248a-46cf-a305-964fe9be01e6","ts":"2025-12-06T18:43:27.031-05:00","eventName":"n8n.workflow.started","message":"n8n.workflow.started","payload":{"executionId":"69","workflowId":"8y5ALZTU2BvkIrm4","isManual":false,"workflowName":"General"}}
{"__type":"$$EventMessageConfirm","confirm":"6ba40592-248a-46cf-a305-964fe9be01e6","ts":"2025-12-06T18:43:27.031-05:00","source":{"id":"0","name":"eventBus"}}
{"__type":"$$EventMessageNode","id":"1af6ac9d-7195-4ec5-af88-e4fc9be5d4e4","ts":"2025-12-06T18:43:27.031-05:00","eventName":"n8n.node.started","message":"n8n.node.started","payload":{"workflowId":"8y5ALZTU2BvkIrm4","workflowName":"General","executionId":"69","nodeType":"n8n-nodes-base.webhook","nodeName":"📱 Streamlit Webhook","nodeId":"ae8059ee-5c26-4af5-83ea-0b147821a989"}}
{"__type":"$$EventMessageConfirm","confirm":"1af6ac9d-7195-4ec5-af88-e4fc9be5d4e4","ts":"2025-12-06T18:43:27.032-05:00","source":{"id":"0","name":"eventBus"}}
{"__type":"$$EventMessageNode","id":"4dc90353-4406-4eda-a812-18e92b291471","ts":"2025-12-06T18:43:27.032-05:00","eventName":"n8n.node.finished","message":"n8n.node.finished","payload":{"workflowId":"8y5ALZTU2BvkIrm4","workflowName":"General","executionId":"69","nodeType":"n8n-nodes-base.webhook","nodeName":"📱 Streamlit Webhook","nodeId":"ae8059ee-5c26-4af5-83ea-0b147821a989"}}
{"__type":"$$EventMessageConfirm","confirm":"4dc90353-4406-4eda-a812-18e92b291471","ts":"2025-12-06T18:43:27.032-05:00","source":{"id":"0","name":"eventBus"}}
{"__type":"$$EventMessageNode","id":"7f03a981-2fd6-4dfb-9dfd-5ef43414053e","ts":"2025-12-06T18:43:27.032-05:00","eventName":"n8n.node.started","message":"n8n.node.started","payload":{"workflowId":"8y5ALZTU2BvkIrm4","workflowName":"General","executionId":"69","nodeType":"n8n-nodes-base.function","nodeName":"Process Travel Data","nodeId":"02497c10-01cd-4448-8373-576a8cdff0cf"}}
{"__type":"$$EventMessageConfirm","confirm":"7f03a981-2fd6-4dfb-9dfd-5ef43414053e","ts":"2025-12-06T18:43:27.032-05:00","source":{"id":"0","name":"eventBus"}}
{"__type":"$$EventMessageNode","id":"fde993e5-4d8c-4803-a13a-bfbb50f0e98f","ts":"2025-12-06T18:43:27.038-05:00","eventName":"n8n.node.finished","message":"n8n.node.finished","payload":{"workflowId":"8y5ALZTU2BvkIrm4","workflowName":"General","executionId":"69","nodeType":"n8n-nodes-base.function","nodeName":"Process Travel Data","nodeId":"02497c10-01cd-4448-8373-576a8cdff0cf"}}
{"__type":"$$EventMessageConfirm","confirm":"fde993e5-4d8c-4803-a13a-bfbb50f0e98f","ts":"2025-12-06T18:43:27.038-05:00","source":{"id":"0","name":"eventBus"}}
{"__type":"$$EventMessageNode","id":"602a49bd-6191-4f9b-a2b0-a97b0442d344","ts":"2025-12-06T18:43:27.038-05:00","eventName":"n8n.node.started","message":"n8n.node.started","payload":{"workflowId":"8y5ALZTU2BvkIrm4","workflowName":"General","executionId":"69","nodeType":"n8n-nodes-base.httpRequest","nodeName":"✈️ Skyscanner Flights","nodeId":"6d1d14dd-30a6-4993-a0b8-2e926b5e6f7d"}}
{"__type":"$$EventMessageConfirm","confirm":"602a49bd-6191-4f9b-a2b0-a97b0442d344","ts":"2025-12-06T18:43:27.038-05:00","source":{"id":"0","name":"eventBus"}}
{"__type":"$$EventMessageNode","id":"ebaf571f-270c-4022-a9f8-25e3c0912579","ts":"2025-12-06T18:43:27.312-05:00","eventName":"n8n.node.finished","message":"n8n.node.finished","payload":{"workflowId":"8y5ALZTU2BvkIrm4","workflowName":"General","executionId":"62","nodeType":"n8n-nodes-base.httpRequest","nodeName":"🏨 Amadeus Hotels Search","nodeId":"335375c3-b2c4-488a-a187-5db699984bb5"}}
{"__type":"$$EventMessageConfirm","confirm":"ebaf571f-270c-4022-a9f8-25e3c0912579","ts":"2025-12-06T18:43:27.312-05:00","source":{"id":"0","name":"eventBus"}}
{"__type":"$$EventMessageNode","id":"8a8d5be6-a9e1-444d-83a5-a663973bcdb3","ts":"2025-12-06T18:43:27.312-05:00","eventName":"n8n.node.started","message":"n8n.node.started","payload":{"workflowId":"8y5ALZTU2BvkIrm4","workflowName":"General","executionId":"62","nodeType":"n8n-nodes-base.code","nodeName":"🧩 Parse Amadeus Hotels","nodeId":"47677723-da63-41ea-8c58-4cff95258258"}}
{"__type":"$$EventMessageConfirm","confirm":"8a8d5be6-a9e1-444d-83a5-a663973bcdb3","ts":"2025-12-06T18:43:27.312-05:00","source":{"id":"0","name":"eventBus"}}
{"__type":"$$EventMessageNode","id":"58fc4ae3-32b3-4225-82cf-115d372a2b38","ts":"2025-12-06T18:43:27.335-05:00","eventName":"n8n.node.finished","message":"n8n.node.finished","payload":{"workflowId":"8y5ALZTU2BvkIrm4","workflowName":"General","executionId":"62","nodeType":"n8n-nodes-base.code","nodeName":"🧩 Parse Amadeus Hotels","nodeId":"47677723-da63-41ea-8c58-4cff95258258"}}
{"__type":"$$EventMessageConfirm","confirm":"58fc4ae3-32b3-4225-82cf-115d372a2b38","ts":"2025-12-06T18:43:27.335-05:00","source":{"id":"0","name":"eventBus"}}
{"__type":"$$EventMessageNode","id":"7831725e-6f1e-42ae-8bb9-d7c985e1ad91","ts":"2025-12-06T18:43:27.337-05:00","eventName":"n8n.node.started","message":"n8n.node.started","payload":{"workflowId":"8y5ALZTU2BvkIrm4","workflowName":"General","executionId":"62","nodeType":"n8n-nodes-base.code","nodeName":"Code in JavaScript","nodeId":"9ad265ae-5dcc-402a-9191-c6e7792d671f"}}
{"__type":"$$EventMessageConfirm","confirm":"7831725e-6f1e-42ae-8bb9-d7c985e1ad91","ts":"2025-12-06T18:43:27.337-05:00","source":{"id":"0","name":"eventBus"}}
{"__type":"$$EventMessageNode","id":"0c7a7589-504b-45d2-aeba-bb69b943981f","ts":"2025-12-06T18:43:27.344-05:00","eventName":"n8n.node.finished","message":"n8n.node.finished","payload":{"workflowId":"8y5ALZTU2BvkIrm4","workflowName":"General","executionId":"62","nodeType":"n8n-nodes-base.code","nodeName":"Code in JavaScript","nodeId":"9ad265ae-5dcc-402a-9191-c6e7792d671f"}}
{"__type":"$$EventMessageConfirm","confirm":"0c7a7589-504b-45d2-aeba-bb69b943981f","ts":"2025-12-06T18:43:27.344-05:00","source":{"id":"0","name":"eventBus"}}
{"__type":"$$EventMessageNode","id":"4cce2bc7-d167-4f55-8995-496dea156ccc","ts":"2025-12-06T18:43:27.344-05:00","eventName":"n8n.node.started","message":"n8n.node.started","payload":{"workflowId":"8y5ALZTU2BvkIrm4","workflowName":"General","executionId":"62","nodeType":"n8n-nodes-base.function","nodeName":"💡 Generate Travel Recommendations","nodeId":"300dd062-67fe-4694-b4db-81170145ca24"}}
{"__type":"$$EventMessageConfirm","confirm":"4cce2bc7-d167-4f55-8995-496dea156ccc","ts":"2025-12-06T18:43:27.344-05:00","source":{"id":"0","name":"eventBus"}}
{"__type":"$$EventMessageNode","id":"5acb8af1-dfcf-4cfc-b3e8-f1d2a9c69373","ts":"2025-12-06T18:43:27.351-05:00","eventName":"n8n.node.finished","message":"n8n.node.finished","payload":{"workflowId":"8y5ALZTU2BvkIrm4","workflowName":"General","executionId":"62","nodeType":"n8n-nodes-base.function","nodeName":"💡 Generate Travel Recommendations","nodeId":"300dd062-67fe-4694-b4db-81170145ca24"}}
{"__type":"$$EventMessageConfirm","confirm":"5acb8af1-dfcf-4cfc-b3e8-f1d2a9c69373","ts":"2025-12-06T18:43:27.351-05:00","source":{"id":"0","name":"eventBus"}}
{"__type":"$$EventMessageNode","id":"76102dd5-59da-4619-bf9a-632cd9bfb5f4","ts":"2025-12-06T18:43:27.352-05:00","eventName":"n8n.node.started","message":"n8n.node.started","payload":{"workflowId":"8y5ALZTU2BvkIrm4","workflowName":"General","executionId":"62","nodeType":"n8n-nodes-base.supabase","nodeName":"💾 Supabase Storage","nodeId":"5decf8b0-d187-4260-9cad-7841d180e7bb"}}
{"__type":"$$EventMessageConfirm","confirm":"76102dd5-59da-4619-bf9a-632cd9bfb5f4","ts":"2025-12-06T18:43:27.352-05:00","source":{"id":"0","name":"eventBus"}}
{"__type":"$$EventMessageNode","id":"67aefeeb-28c4-46d2-b74f-92c37c8b1fcc","ts":"2025-12-06T18:43:27.586-05:00","eventName":"n8n.node.finished","message":"n8n.node.finished","payload":{"workflowId":"8y5ALZTU2BvkIrm4","workflowName":"General","executionId":"64","nodeType":"n8n-nodes-base.httpRequest","nodeName":"🏨 Amadeus Hotels Search","nodeId":"335375c3-b2c4-488a-a187-5db699984bb5"}}
{"__type":"$$EventMessageConfirm","confirm":"67aefeeb-28c4-46d2-b74f-92c37c8b1fcc","ts":"2025-12-06T18:43:27.587-05:00","source":{"id":"0","name":"eventBus"}}
{"__type":"$$EventMessageNode","id":"f5a548bc-4488-4e66-8ca7-a715a85c0827","ts":"2025-12-06T18:43:27.587-05:00","eventName":"n8n.node.started","message":"n8n.node.started","payload":{"workflowId":"8y5ALZTU2BvkIrm4","workflowName":"General","executionId":"64","nodeType":"n8n-nodes-base.code","nodeName":"🧩 Parse Amadeus Hotels","nodeId":"47677723-da63-41ea-8c58-4cff95258258"}}
{"__type":"$$EventMessageConfirm","confirm":"f5a548bc-4488-4e66-8ca7-a715a85c0827","ts":"2025-12-06T18:43:27.587-05:00","source":{"id":"0","name":"eventBus"}}
{"__type":"$$EventMessageNode","id":"bcd5d63a-9ffc-4682-a007-34d8e92142fd","ts":"2025-12-06T18:43:27.627-05:00","eventName":"n8n.node.finished","message":"n8n.node.finished","payload":{"workflowId":"8y5ALZTU2BvkIrm4","workflowName":"General","executionId":"64","nodeType":"n8n-nodes-base.code","nodeName":"🧩 Parse Amadeus Hotels","nodeId":"47677723-da63-41ea-8c58-4cff95258258"}}
{"__type":"$$EventMessageConfirm","confirm":"bcd5d63a-9ffc-4682-a007-34d8e92142fd","ts":"2025-12-06T18:43:27.628-05:00","source":{"id":"0","name":"eventBus"}}
{"__type":"$$EventMessageNode","id":"2e8ec925-77c2-4982-a05e-9efd585158b6","ts":"2025-12-06T18:43:27.629-05:00","eventName":"n8n.node.started","message":"n8n.node.started","payload":{"workflowId":"8y5ALZTU2BvkIrm4","workflowName":"General","executionId":"64","nodeType":"n8n-nodes-base.code","nodeName":"Code in JavaScript","nodeId":"9ad265ae-5dcc-402a-9191-c6e7792d671f"}}
{"__type":"$$EventMessageConfirm","confirm":"2e8ec925-77c2-4982-a05e-9efd585158b6","ts":"2025-12-06T18:43:27.629-05:00","source":{"id":"0","name":"eventBus"}}
{"__type":"$$EventMessageNode","id":"ddd71931-41cc-4c02-b774-7489372487a6","ts":"2025-12-06T18:43:27.637-05:00","eventName":"n8n.node.finished","message":"n8n.node.finished","payload":{"workflowId":"8y5ALZTU2BvkIrm4","workflowName":"General","executionId":"64","nodeType":"n8n-nodes-base.code","nodeName":"Code in JavaScript","nodeId":"9ad265ae-5dcc-402a-9191-c6e7792d671f"}}
{"__type":"$$EventMessageConfirm","confirm":"ddd71931-41cc-4c02-b774-7489372487a6","ts":"2025-12-06T18:43:27.637-05:00","source":{"id":"0","name":"eventBus"}}
{"__type":"$$EventMessageNode","id":"677d6ad8-1264-4e6a-86d8-96a9d614a15a","ts":"2025-12-06T18:43:27.637-05:00","eventName":"n8n.node.started","message":"n8n.node.started","payload":{"workflowId":"8y5ALZTU2BvkIrm4","workflowName":"General","executionId":"64","nodeType":"n8n-nodes-base.function","nodeName":"💡 Generate Travel Recommendations","nodeId":"300dd062-67fe-4694-b4db-81170145ca24"}}
{"__type":"$$EventMessageConfirm","confirm":"677d6ad8-1264-4e6a-86d8-96a9d614a15a","ts":"2025-12-06T18:43:27.638-05:00","source":{"id":"0","name":"eventBus"}}
{"__type":"$$EventMessageNode","id":"2ad2960c-82de-4cf3-a5ca-5fd5760e6e40","ts":"2025-12-06T18:43:27.645-05:00","eventName":"n8n.node.finished","message":"n8n.node.finished","payload":{"workflowId":"8y5ALZTU2BvkIrm4","workflowName":"General","executionId":"64","nodeType":"n8n-nodes-base.function","nodeName":"💡 Generate Travel Recommendations","nodeId":"300dd062-67fe-4694-b4db-81170145ca24"}}
{"__type":"$$EventMessageConfirm","confirm":"2ad2960c-82de-4cf3-a5ca-5fd5760e6e40","ts":"2025-12-06T18:43:27.645-05:00","source":{"id":"0","name":"eventBus"}}
{"__type":"$$EventMessageNode","id":"a383b20e-08d5-47a2-84c9-60b4f3cbfe45","ts":"2025-12-06T18:43:27.646-05:00","eventName":"n8n.node.started","message":"n8n.node.started","payload":{"workflowId":"8y5ALZTU2BvkIrm4","workflowName":"General","executionId":"64","nodeType":"n8n-nodes-base.supabase","nodeName":"💾 Supabase Storage","nodeId":"5decf8b0-d187-4260-9cad-7841d180e7bb"}}
{"__type":"$$EventMessageConfirm","confirm":"a383b20e-08d5-47a2-84c9-60b4f3cbfe45","ts":"2025-12-06T18:43:27.646-05:00","source":{"id":"0","name":"eventBus"}}
{"__type":"$$EventMessageNode","id":"f3030f4e-ca88-4371-b2fe-983a649c6dfc","ts":"2025-12-06T18:43:27.662-05:00","eventName":"n8n.node.finished","message":"n8n.node.finished","payload":{"workflowId":"8y5ALZTU2BvkIrm4","workflowName":"General","executionId":"63","nodeType":"n8n-nodes-base.httpRequest","nodeName":"🏨 Amadeus Hotels Search","nodeId":"335375c3-b2c4-488a-a187-5db699984bb5"}}
{"__type":"$$EventMessageConfirm","confirm":"f3030f4e-ca88-4371-b2fe-983a649c6dfc","ts":"2025-12-06T18:43:27.662-05:00","source":{"id":"0","name":"eventBus"}}
{"__type":"$$EventMessageNode","id":"5e2fdcd9-cace-4007-ad67-a4e941627010","ts":"2025-12-06T18:43:27.662-05:00","eventName":"n8n.node.started","message":"n8n.node.started","payload":{"workflowId":"8y5ALZTU2BvkIrm4","workflowName":"General","executionId":"63","nodeType":"n8n-nodes-base.code","nodeName":"🧩 Parse Amadeus Hotels","nodeId":"47677723-da63-41ea-8c58-4cff95258258"}}
{"__type":"$$EventMessageConfirm","confirm":"5e2fdcd9-cace-4007-ad67-a4e941627010","ts":"2025-12-06T18:43:27.662-05:00","source":{"id":"0","name":"eventBus"}}
{"__type":"$$EventMessageNode","id":"161f3ac4-7584-44a6-893f-91268b70aea7","ts":"2025-12-06T18:43:27.685-05:00","eventName":"n8n.node.finished","message":"n8n.node.finished","payload":{"workflowId":"8y5ALZTU2BvkIrm4","workflowName":"General","executionId":"63","nodeType":"n8n-nodes-base.code","nodeName":"🧩 Parse Amadeus Hotels","nodeId":"47677723-da63-41ea-8c58-4cff95258258"}}
{"__type":"$$EventMessageConfirm","confirm":"161f3ac4-7584-44a6-893f-91268b70aea7","ts":"2025-12-06T18:43:27.685-05:00","source":{"id":"0","name":"eventBus"}}
{"__type":"$$EventMessageNode","id":"3484cf4a-f520-4fc9-b931-136e48970102","ts":"2025-12-06T18:43:27.687-05:00","eventName":"n8n.node.started","message":"n8n.node.started","payload":{"workflowId":"8y5ALZTU2BvkIrm4","workflowName":"General","executionId":"63","nodeType":"n8n-nodes-base.code","nodeName":"Code in JavaScript","nodeId":"9ad265ae-5dcc-402a-9191-c6e7792d671f"}}
{"__type":"$$EventMessageConfirm","confirm":"3484cf4a-f520-4fc9-b931-136e48970102","ts":"2025-12-06T18:43:27.687-05:00","source":{"id":"0","name":"eventBus"}}
{"__type":"$$EventMessageNode","id":"e1c557fe-aaba-47db-917e-3dfd33b21aa9","ts":"2025-12-06T18:43:27.695-05:00","eventName":"n8n.node.finished","message":"n8n.node.finished","payload":{"workflowId":"8y5ALZTU2BvkIrm4","workflowName":"General","executionId":"63","nodeType":"n8n-nodes-base.code","nodeName":"Code in JavaScript","nodeId":"9ad265ae-5dcc-402a-9191-c6e7792d671f"}}
{"__type":"$$EventMessageConfirm","confirm":"e1c557fe-aaba-47db-917e-3dfd33b21aa9","ts":"2025-12-06T18:43:27.695-05:00","source":{"id":"0","name":"eventBus"}}
{"__type":"$$EventMessageNode","id":"a4b523f7-ad0d-487d-aaf8-49ad231c21c6","ts":"2025-12-06T18:43:27.696-05:00","eventName":"n8n.node.started","message":"n8n.node.started","payload":{"workflowId":"8y5ALZTU2BvkIrm4","workflowName":"General","executionId":"63","nodeType":"n8n-nodes-base.function","nodeName":"💡 Generate Travel Recommendations","nodeId":"300dd062-67fe-4694-b4db-81170145ca24"}}
{"__type":"$$EventMessageConfirm","confirm":"a4b523f7-ad0d-487d-aaf8-49ad231c21c6","ts":"2025-12-06T18:43:27.696-05:00","source":{"id":"0","name":"eventBus"}}
{"__type":"$$EventMessageNode","id":"1c54b7e8-cc0c-4569-9c80-f518faa957f6","ts":"2025-12-06T18:43:27.703-05:00","eventName":"n8n.node.finished","message":"n8n.node.finished","payload":{"workflowId":"8y5ALZTU2BvkIrm4","workflowName":"General","executionId":"63","nodeType":"n8n-nodes-base.function","nodeName":"💡 Generate Travel Recommendations","nodeId":"300dd062-67fe-4694-b4db-81170145ca24"}}
{"__type":"$$EventMessageConfirm","confirm":"1c54b7e8-cc0c-4569-9c80-f518faa957f6","ts":"2025-12-06T18:43:27.704-05:00","source":{"id":"0","name":"eventBus"}}
{"__type":"$$EventMessageNode","id":"05aaeb5b-1597-4d5c-bbaa-d4cb9d2a7050","ts":"2025-12-06T18:43:27.704-05:00","eventName":"n8n.node.started","message":"n8n.node.started","payload":{"workflowId":"8y5ALZTU2BvkIrm4","workflowName":"General","executionId":"63","nodeType":"n8n-nodes-base.supabase","nodeName":"💾 Supabase Storage","nodeId":"5decf8b0-d187-4260-9cad-7841d180e7bb"}}
{"__type":"$$EventMessageConfirm","confirm":"05aaeb5b-1597-4d5c-bbaa-d4cb9d2a7050","ts":"2025-12-06T18:43:27.727-05:00","source":{"id":"0","name":"eventBus"}}
{"__type":"$$EventMessageNode","id":"5d40a599-8ed2-4ad5-b6b5-db92c7f3cc7d","ts":"2025-12-06T18:43:27.782-05:00","eventName":"n8n.node.finished","message":"n8n.node.finished","payload":{"workflowId":"8y5ALZTU2BvkIrm4","workflowName":"General","executionId":"62","nodeType":"n8n-nodes-base.supabase","nodeName":"💾 Supabase Storage","nodeId":"5decf8b0-d187-4260-9cad-7841d180e7bb"}}
{"__type":"$$EventMessageConfirm","confirm":"5d40a599-8ed2-4ad5-b6b5-db92c7f3cc7d","ts":"2025-12-06T18:43:27.782-05:00","source":{"id":"0","name":"eventBus"}}
{"__type":"$$EventMessageNode","id":"233622a1-7042-498e-9834-2c748a8e5d4e","ts":"2025-12-06T18:43:27.782-05:00","eventName":"n8n.node.started","message":"n8n.node.started","payload":{"workflowId":"8y5ALZTU2BvkIrm4","workflowName":"General","executionId":"62","nodeType":"n8n-nodes-base.code","nodeName":"Code in JavaScript1","nodeId":"fa6afa75-0195-4c00-9736-9fa0dfb030c1"}}
{"__type":"$$EventMessageConfirm","confirm":"233622a1-7042-498e-9834-2c748a8e5d4e","ts":"2025-12-06T18:43:27.782-05:00","source":{"id":"0","name":"eventBus"}}
{"__type":"$$EventMessageNode","id":"7ba3c9d0-cca5-49d4-9c15-1ec033c76f14","ts":"2025-12-06T18:43:27.787-05:00","eventName":"n8n.node.finished","message":"n8n.node.finished","payload":{"workflowId":"8y5ALZTU2BvkIrm4","workflowName":"General","executionId":"62","nodeType":"n8n-nodes-base.code","nodeName":"Code in JavaScript1","nodeId":"fa6afa75-0195-4c00-9736-9fa0dfb030c1"}}
{"__type":"$$EventMessageConfirm","confirm":"7ba3c9d0-cca5-49d4-9c15-1ec033c76f14","ts":"2025-12-06T18:43:27.787-05:00","source":{"id":"0","name":"eventBus"}}
{"__type":"$$EventMessageNode","id":"a8d24fb8-8f4a-413d-bd4f-2057b5628c8d","ts":"2025-12-06T18:43:27.787-05:00","eventName":"n8n.node.started","message":"n8n.node.started","payload":{"workflowId":"8y5ALZTU2BvkIrm4","workflowName":"General","executionId":"62","nodeType":"n8n-nodes-base.if","nodeName":"🎯 Check Great Deal","nodeId":"2d5f8692-815e-4325-a900-48f6502f5fc0"}}
{"__type":"$$EventMessageConfirm","confirm":"a8d24fb8-8f4a-413d-bd4f-2057b5628c8d","ts":"2025-12-06T18:43:27.787-05:00","source":{"id":"0","name":"eventBus"}}
{"__type":"$$EventMessageNode","id":"030bd84d-86a3-46aa-b650-8dc48d527d78","ts":"2025-12-06T18:43:27.788-05:00","eventName":"n8n.node.finished","message":"n8n.node.finished","payload":{"workflowId":"8y5ALZTU2BvkIrm4","workflowName":"General","executionId":"62","nodeType":"n8n-nodes-base.if","nodeName":"🎯 Check Great Deal","nodeId":"2d5f8692-815e-4325-a900-48f6502f5fc0"}}
{"__type":"$$EventMessageConfirm","confirm":"030bd84d-86a3-46aa-b650-8dc48d527d78","ts":"2025-12-06T18:43:27.788-05:00","source":{"id":"0","name":"eventBus"}}
{"__type":"$$EventMessageNode","id":"bc78083e-9420-4aa1-9994-503f918d4acd","ts":"2025-12-06T18:43:27.788-05:00","eventName":"n8n.node.started","message":"n8n.node.started","payload":{"workflowId":"8y5ALZTU2BvkIrm4","workflowName":"General","executionId":"62","nodeType":"n8n-nodes-base.respondToWebhook","nodeName":"Respond to Webhook1","nodeId":"21d30c3a-21ce-476e-a3c4-2813894cc904"}}
{"__type":"$$EventMessageConfirm","confirm":"bc78083e-9420-4aa1-9994-503f918d4acd","ts":"2025-12-06T18:43:27.788-05:00","source":{"id":"0","name":"eventBus"}}
{"__type":"$$EventMessageNode","id":"75384875-4e12-4e01-ab42-ca9b304dd95a","ts":"2025-12-06T18:43:27.790-05:00","eventName":"n8n.node.finished","message":"n8n.node.finished","payload":{"workflowId":"8y5ALZTU2BvkIrm4","workflowName":"General","executionId":"62","nodeType":"n8n-nodes-base.respondToWebhook","nodeName":"Respond to Webhook1","nodeId":"21d30c3a-21ce-476e-a3c4-2813894cc904"}}
{"__type":"$$EventMessageConfirm","confirm":"75384875-4e12-4e01-ab42-ca9b304dd95a","ts":"2025-12-06T18:43:27.790-05:00","source":{"id":"0","name":"eventBus"}}
{"__type":"$$EventMessageWorkflow","id":"79429c47-c3ac-497a-97dc-842d13a2bc44","ts":"2025-12-06T18:43:27.790-05:00","eventName":"n8n.workflow.success","message":"n8n.workflow.success","payload":{"executionId":"62","success":true,"isManual":false,"workflowId":"8y5ALZTU2BvkIrm4","workflowName":"General"}}
{"__type":"$$EventMessageConfirm","confirm":"79429c47-c3ac-497a-97dc-842d13a2bc44","ts":"2025-12-06T18:43:27.790-05:00","source":{"id":"0","name":"eventBus"}}
{"__type":"$$EventMessageNode","id":"05348590-d6eb-462c-99f4-68ebbedb8d1d","ts":"2025-12-06T18:43:27.833-05:00","eventName":"n8n.node.finished","message":"n8n.node.finished","payload":{"workflowId":"8y5ALZTU2BvkIrm4","workflowName":"General","executionId":"68","nodeType":"n8n-nodes-base.httpRequest","nodeName":"🗝️ Amadeus Auth Token","nodeId":"ddee2ef7-119f-4f23-8649-7285c81ad086"}}
{"__type":"$$EventMessageConfirm","confirm":"05348590-d6eb-462c-99f4-68ebbedb8d1d","ts":"2025-12-06T18:43:27.833-05:00","source":{"id":"0","name":"eventBus"}}
{"__type":"$$EventMessageNode","id":"452ac332-b93d-441c-89eb-4b0a08dd850f","ts":"2025-12-06T18:43:27.834-05:00","eventName":"n8n.node.started","message":"n8n.node.started","payload":{"workflowId":"8y5ALZTU2BvkIrm4","workflowName":"General","executionId":"68","nodeType":"n8n-nodes-base.httpRequest","nodeName":"🏨 Amadeus Hotels Search","nodeId":"335375c3-b2c4-488a-a187-5db699984bb5"}}
{"__type":"$$EventMessageConfirm","confirm":"452ac332-b93d-441c-89eb-4b0a08dd850f","ts":"2025-12-06T18:43:27.834-05:00","source":{"id":"0","name":"eventBus"}}
{"__type":"$$EventMessageNode","id":"919c40d6-5717-4126-b693-b65d79de2c2a","ts":"2025-12-06T18:43:28.019-05:00","eventName":"n8n.node.finished","message":"n8n.node.finished","payload":{"workflowId":"8y5ALZTU2BvkIrm4","workflowName":"General","executionId":"65","nodeType":"n8n-nodes-base.httpRequest","nodeName":"🏨 Amadeus Hotels Search","nodeId":"335375c3-b2c4-488a-a187-5db699984bb5"}}
{"__type":"$$EventMessageConfirm","confirm":"919c40d6-5717-4126-b693-b65d79de2c2a","ts":"2025-12-06T18:43:28.019-05:00","source":{"id":"0","name":"eventBus"}}
{"__type":"$$EventMessageNode","id":"1aba70f4-970c-4eb3-946d-8dfb5be31541","ts":"2025-12-06T18:43:28.019-05:00","eventName":"n8n.node.started","message":"n8n.node.started","payload":{"workflowId":"8y5ALZTU2BvkIrm4","workflowName":"General","executionId":"65","nodeType":"n8n-nodes-base.code","nodeName":"🧩 Parse Amadeus Hotels","nodeId":"47677723-da63-41ea-8c58-4cff95258258"}}
{"__type":"$$EventMessageConfirm","confirm":"1aba70f4-970c-4eb3-946d-8dfb5be31541","ts":"2025-12-06T18:43:28.019-05:00","source":{"id":"0","name":"eventBus"}}
{"__type":"$$EventMessageNode","id":"95d3a565-ad65-4ab0-aef0-943a341ace3a","ts":"2025-12-06T18:43:28.044-05:00","eventName":"n8n.node.finished","message":"n8n.node.finished","payload":{"workflowId":"8y5ALZTU2BvkIrm4","workflowName":"General","executionId":"65","nodeType":"n8n-nodes-base.code","nodeName":"🧩 Parse Amadeus Hotels","nodeId":"47677723-da63-41ea-8c58-4cff95258258"}}
{"__type":"$$EventMessageConfirm","confirm":"95d3a565-ad65-4ab0-aef0-943a341ace3a","ts":"2025-12-06T18:43:28.044-05:00","source":{"id":"0","name":"eventBus"}}
{"__type":"$$EventMessageNode","id":"c479525a-721f-46cf-864b-f91ab5dd892e","ts":"2025-12-06T18:43:28.046-05:00","eventName":"n8n.node.started","message":"n8n.node.started","payload":{"workflowId":"8y5ALZTU2BvkIrm4","workflowName":"General","executionId":"65","nodeType":"n8n-nodes-base.code","nodeName":"Code in JavaScript","nodeId":"9ad265ae-5dcc-402a-9191-c6e7792d671f"}}
{"__type":"$$EventMessageConfirm","confirm":"c479525a-721f-46cf-864b-f91ab5dd892e","ts":"2025-12-06T18:43:28.046-05:00","source":{"id":"0","name":"eventBus"}}
{"__type":"$$EventMessageNode","id":"cf0accac-04b6-49b2-944f-c56e0f609049","ts":"2025-12-06T18:43:28.053-05:00","eventName":"n8n.node.finished","message":"n8n.node.finished","payload":{"workflowId":"8y5ALZTU2BvkIrm4","workflowName":"General","executionId":"65","nodeType":"n8n-nodes-base.code","nodeName":"Code in JavaScript","nodeId":"9ad265ae-5dcc-402a-9191-c6e7792d671f"}}
{"__type":"$$EventMessageConfirm","confirm":"cf0accac-04b6-49b2-944f-c56e0f609049","ts":"2025-12-06T18:43:28.053-05:00","source":{"id":"0","name":"eventBus"}}
{"__type":"$$EventMessageNode","id":"2089933b-51ce-4c78-a5c7-20d11e094223","ts":"2025-12-06T18:43:28.054-05:00","eventName":"n8n.node.started","message":"n8n.node.started","payload":{"workflowId":"8y5ALZTU2BvkIrm4","workflowName":"General","executionId":"65","nodeType":"n8n-nodes-base.function","nodeName":"💡 Generate Travel Recommendations","nodeId":"300dd062-67fe-4694-b4db-81170145ca24"}}
{"__type":"$$EventMessageConfirm","confirm":"2089933b-51ce-4c78-a5c7-20d11e094223","ts":"2025-12-06T18:43:28.054-05:00","source":{"id":"0","name":"eventBus"}}
{"__type":"$$EventMessageNode","id":"12504e6c-404a-40df-a60e-75d67e4e605e","ts":"2025-12-06T18:43:28.076-05:00","eventName":"n8n.node.finished","message":"n8n.node.finished","payload":{"workflowId":"8y5ALZTU2BvkIrm4","workflowName":"General","executionId":"65","nodeType":"n8n-nodes-base.function","nodeName":"💡 Generate Travel Recommendations","nodeId":"300dd062-67fe-4694-b4db-81170145ca24"}}
{"__type":"$$EventMessageConfirm","confirm":"12504e6c-404a-40df-a60e-75d67e4e605e","ts":"2025-12-06T18:43:28.076-05:00","source":{"id":"0","name":"eventBus"}}
{"__type":"$$EventMessageNode","id":"85a771b2-4f2f-4283-8b8f-f58f2c1624e8","ts":"2025-12-06T18:43:28.077-05:00","eventName":"n8n.node.started","message":"n8n.node.started","payload":{"workflowId":"8y5ALZTU2BvkIrm4","workflowName":"General","executionId":"65","nodeType":"n8n-nodes-base.supabase","nodeName":"💾 Supabase Storage","nodeId":"5decf8b0-d187-4260-9cad-7841d180e7bb"}}
{"__type":"$$EventMessageConfirm","confirm":"85a771b2-4f2f-4283-8b8f-f58f2c1624e8","ts":"2025-12-06T18:43:28.077-05:00","source":{"id":"0","name":"eventBus"}}
{"__type":"$$EventMessageNode","id":"e9677e69-7cf2-483f-b41a-2adabda5ded9","ts":"2025-12-06T18:43:28.100-05:00","eventName":"n8n.node.finished","message":"n8n.node.finished","payload":{"workflowId":"8y5ALZTU2BvkIrm4","workflowName":"General","executionId":"69","nodeType":"n8n-nodes-base.httpRequest","nodeName":"✈️ Skyscanner Flights","nodeId":"6d1d14dd-30a6-4993-a0b8-2e926b5e6f7d"}}
{"__type":"$$EventMessageConfirm","confirm":"e9677e69-7cf2-483f-b41a-2adabda5ded9","ts":"2025-12-06T18:43:28.100-05:00","source":{"id":"0","name":"eventBus"}}
{"__type":"$$EventMessageNode","id":"b5cf093a-3b54-47f8-a636-25572b6290ea","ts":"2025-12-06T18:43:28.101-05:00","eventName":"n8n.node.started","message":"n8n.node.started","payload":{"workflowId":"8y5ALZTU2BvkIrm4","workflowName":"General","executionId":"69","nodeType":"n8n-nodes-base.httpRequest","nodeName":"🗝️ Amadeus Auth Token","nodeId":"ddee2ef7-119f-4f23-8649-7285c81ad086"}}
{"__type":"$$EventMessageConfirm","confirm":"b5cf093a-3b54-47f8-a636-25572b6290ea","ts":"2025-12-06T18:43:28.101-05:00","source":{"id":"0","name":"eventBus"}}
{"__type":"$$EventMessageNode","id":"a7e19d4f-0bdd-4f97-b0ad-f5b50f93aa9d","ts":"2025-12-06T18:43:28.156-05:00","eventName":"n8n.node.finished","message":"n8n.node.finished","payload":{"workflowId":"8y5ALZTU2BvkIrm4","workflowName":"General","executionId":"60","nodeType":"n8n-nodes-base.emailSend","nodeName":"Enviar Correo1","nodeId":"cae987c6-c9aa-4be8-abd1-aa4d4e16b230"}}
{"__type":"$$EventMessageConfirm","confirm":"a7e19d4f-0bdd-4f97-b0ad-f5b50f93aa9d","ts":"2025-12-06T18:43:28.156-05:00","source":{"id":"0","name":"eventBus"}}
{"__type":"$$EventMessageNode","id":"0828369e-9299-40f8-9dbc-74c40a93e4dc","ts":"2025-12-06T18:43:28.156-05:00","eventName":"n8n.node.started","message":"n8n.node.started","payload":{"workflowId":"8y5ALZTU2BvkIrm4","workflowName":"General","executionId":"60","nodeType":"n8n-nodes-base.respondToWebhook","nodeName":"Respond to Webhook1","nodeId":"21d30c3a-21ce-476e-a3c4-2813894cc904"}}
{"__type":"$$EventMessageConfirm","confirm":"0828369e-9299-40f8-9dbc-74c40a93e4dc","ts":"2025-12-06T18:43:28.157-05:00","source":{"id":"0","name":"eventBus"}}
{"__type":"$$EventMessageNode","id":"0f3a59df-24dd-4800-a92a-a04a37aa5f09","ts":"2025-12-06T18:43:28.158-05:00","eventName":"n8n.node.finished","message":"n8n.node.finished","payload":{"workflowId":"8y5ALZTU2BvkIrm4","workflowName":"General","executionId":"60","nodeType":"n8n-nodes-base.respondToWebhook","nodeName":"Respond to Webhook1","nodeId":"21d30c3a-21ce-476e-a3c4-2813894cc904"}}
{"__type":"$$EventMessageConfirm","confirm":"0f3a59df-24dd-4800-a92a-a04a37aa5f09","ts":"2025-12-06T18:43:28.159-05:00","source":{"id":"0","name":"eventBus"}}
{"__type":"$$EventMessageWorkflow","id":"d0af5faf-8e10-41a8-90cf-c2e1281d0dff","ts":"2025-12-06T18:43:28.159-05:00","eventName":"n8n.workflow.success","message":"n8n.workflow.success","payload":{"executionId":"60","success":true,"isManual":false,"workflowId":"8y5ALZTU2BvkIrm4","workflowName":"General"}}
{"__type":"$$EventMessageConfirm","confirm":"d0af5faf-8e10-41a8-90cf-c2e1281d0dff","ts":"2025-12-06T18:43:28.159-05:00","source":{"id":"0","name":"eventBus"}}
{"__type":"$$EventMessageNode","id":"4ca51f5a-2cb9-408e-a3c1-d70446c93f59","ts":"2025-12-06T18:43:28.212-05:00","eventName":"n8n.node.finished","message":"n8n.node.finished","payload":{"workflowId":"8y5ALZTU2BvkIrm4","workflowName":"General","executionId":"64","nodeType":"n8n-nodes-base.supabase","nodeName":"💾 Supabase Storage","nodeId":"5decf8b0-d187-4260-9cad-7841d180e7bb"}}
{"__type":"$$EventMessageConfirm","confirm":"4ca51f5a-2cb9-408e-a3c1-d70446c93f59","ts":"2025-12-06T18:43:28.213-05:00","source":{"id":"0","name":"eventBus"}}
{"__type":"$$EventMessageNode","id":"6c452d6d-6dd4-45f5-8744-afdd42557c06","ts":"2025-12-06T18:43:28.213-05:00","eventName":"n8n.node.started","message":"n8n.node.started","payload":{"workflowId":"8y5ALZTU2BvkIrm4","workflowName":"General","executionId":"64","nodeType":"n8n-nodes-base.code","nodeName":"Code in JavaScript1","nodeId":"fa6afa75-0195-4c00-9736-9fa0dfb030c1"}}
{"__type":"$$EventMessageConfirm","confirm":"6c452d6d-6dd4-45f5-8744-afdd42557c06","ts":"2025-12-06T18:43:28.213-05:00","source":{"id":"0","name":"eventBus"}}
{"__type":"$$EventMessageNode","id":"1df63c18-85fb-42f1-b533-9675cdffc80f","ts":"2025-12-06T18:43:28.221-05:00","eventName":"n8n.node.finished","message":"n8n.node.finished","payload":{"workflowId":"8y5ALZTU2BvkIrm4","workflowName":"General","executionId":"64","nodeType":"n8n-nodes-base.code","nodeName":"Code in JavaScript1","nodeId":"fa6afa75-0195-4c00-9736-9fa0dfb030c1"}}
{"__type":"$$EventMessageConfirm","confirm":"1df63c18-85fb-42f1-b533-9675cdffc80f","ts":"2025-12-06T18:43:28.222-05:00","source":{"id":"0","name":"eventBus"}}
{"__type":"$$EventMessageNode","id":"9651f8b2-2bf9-4453-809a-2ccac4f1b7db","ts":"2025-12-06T18:43:28.222-05:00","eventName":"n8n.node.started","message":"n8n.node.started","payload":{"workflowId":"8y5ALZTU2BvkIrm4","workflowName":"General","executionId":"64","nodeType":"n8n-nodes-base.if","nodeName":"🎯 Check Great Deal","nodeId":"2d5f8692-815e-4325-a900-48f6502f5fc0"}}
{"__type":"$$EventMessageConfirm","confirm":"9651f8b2-2bf9-4453-809a-2ccac4f1b7db","ts":"2025-12-06T18:43:28.222-05:00","source":{"id":"0","name":"eventBus"}}
{"__type":"$$EventMessageNode","id":"a610ecba-b7c2-4ab0-8aff-4313a9f1bf6d","ts":"2025-12-06T18:43:28.224-05:00","eventName":"n8n.node.finished","message":"n8n.node.finished","payload":{"workflowId":"8y5ALZTU2BvkIrm4","workflowName":"General","executionId":"64","nodeType":"n8n-nodes-base.if","nodeName":"🎯 Check Great Deal","nodeId":"2d5f8692-815e-4325-a900-48f6502f5fc0"}}
{"__type":"$$EventMessageConfirm","confirm":"a610ecba-b7c2-4ab0-8aff-4313a9f1bf6d","ts":"2025-12-06T18:43:28.225-05:00","source":{"id":"0","name":"eventBus"}}
{"__type":"$$EventMessageNode","id":"94def64f-ba9c-49cf-a71c-ffbd59fb545d","ts":"2025-12-06T18:43:28.225-05:00","eventName":"n8n.node.started","message":"n8n.node.started","payload":{"workflowId":"8y5ALZTU2BvkIrm4","workflowName":"General","executionId":"64","nodeType":"n8n-nodes-base.respondToWebhook","nodeName":"Respond to Webhook1","nodeId":"21d30c3a-21ce-476e-a3c4-2813894cc904"}}
{"__type":"$$EventMessageConfirm","confirm":"94def64f-ba9c-49cf-a71c-ffbd59fb545d","ts":"2025-12-06T18:43:28.225-05:00","source":{"id":"0","name":"eventBus"}}
{"__type":"$$EventMessageNode","id":"a7df8c53-acd0-4ebb-8119-37e7ff7cf006","ts":"2025-12-06T18:43:28.230-05:00","eventName":"n8n.node.finished","message":"n8n.node.finished","payload":{"workflowId":"8y5ALZTU2BvkIrm4","workflowName":"General","executionId":"64","nodeType":"n8n-nodes-base.respondToWebhook","nodeName":"Respond to Webhook1","nodeId":"21d30c3a-21ce-476e-a3c4-2813894cc904"}}
{"__type":"$$EventMessageConfirm","confirm":"a7df8c53-acd0-4ebb-8119-37e7ff7cf006","ts":"2025-12-06T18:43:28.230-05:00","source":{"id":"0","name":"eventBus"}}
{"__type":"$$EventMessageWorkflow","id":"229aa573-5bfa-41ad-919d-deef36dd14bf","ts":"2025-12-06T18:43:28.230-05:00","eventName":"n8n.workflow.success","message":"n8n.workflow.success","payload":{"executionId":"64","success":true,"isManual":false,"workflowId":"8y5ALZTU2BvkIrm4","workflowName":"General"}}
{"__type":"$$EventMessageConfirm","confirm":"229aa573-5bfa-41ad-919d-deef36dd14bf","ts":"2025-12-06T18:43:28.230-05:00","source":{"id":"0","name":"eventBus"}}
{"__type":"$$EventMessageNode","id":"f6043ba7-e70d-401f-9b4d-067335e1c2f1","ts":"2025-12-06T18:43:28.255-05:00","eventName":"n8n.node.finished","message":"n8n.node.finished","payload":{"workflowId":"8y5ALZTU2BvkIrm4","workflowName":"General","executionId":"63","nodeType":"n8n-nodes-base.supabase","nodeName":"💾 Supabase Storage","nodeId":"5decf8b0-d187-4260-9cad-7841d180e7bb"}}
{"__type":"$$EventMessageConfirm","confirm":"f6043ba7-e70d-401f-9b4d-067335e1c2f1","ts":"2025-12-06T18:43:28.255-05:00","source":{"id":"0","name":"eventBus"}}
{"__type":"$$EventMessageNode","id":"1693e374-b079-4b5c-abc0-2cb47ac899d0","ts":"2025-12-06T18:43:28.255-05:00","eventName":"n8n.node.started","message":"n8n.node.started","payload":{"workflowId":"8y5ALZTU2BvkIrm4","workflowName":"General","executionId":"63","nodeType":"n8n-nodes-base.code","nodeName":"Code in JavaScript1","nodeId":"fa6afa75-0195-4c00-9736-9fa0dfb030c1"}}
{"__type":"$$EventMessageConfirm","confirm":"1693e374-b079-4b5c-abc0-2cb47ac899d0","ts":"2025-12-06T18:43:28.260-05:00","source":{"id":"0","name":"eventBus"}}
{"__type":"$$EventMessageNode","id":"c5032b88-b203-4297-b723-9f381fbafd1d","ts":"2025-12-06T18:43:28.276-05:00","eventName":"n8n.node.finished","message":"n8n.node.finished","payload":{"workflowId":"8y5ALZTU2BvkIrm4","workflowName":"General","executionId":"63","nodeType":"n8n-nodes-base.code","nodeName":"Code in JavaScript1","nodeId":"fa6afa75-0195-4c00-9736-9fa0dfb030c1"}}
{"__type":"$$EventMessageConfirm","confirm":"c5032b88-b203-4297-b723-9f381fbafd1d","ts":"2025-12-06T18:43:28.277-05:00","source":{"id":"0","name":"eventBus"}}
{"__type":"$$EventMessageNode","id":"04ab8e25-cbd5-4dcc-9c2b-c5eeb38fa40b","ts":"2025-12-06T18:43:28.277-05:00","eventName":"n8n.node.started","message":"n8n.node.started","payload":{"workflowId":"8y5ALZTU2BvkIrm4","workflowName":"General","executionId":"63","nodeType":"n8n-nodes-base.if","nodeName":"🎯 Check Great Deal","nodeId":"2d5f8692-815e-4325-a900-48f6502f5fc0"}}
{"__type":"$$EventMessageConfirm","confirm":"04ab8e25-cbd5-4dcc-9c2b-c5eeb38fa40b","ts":"2025-12-06T18:43:28.277-05:00","source":{"id":"0","name":"eventBus"}}
{"__type":"$$EventMessageNode","id":"7e0e357c-b8c3-448f-8af8-dd906c927b57","ts":"2025-12-06T18:43:28.278-05:00","eventName":"n8n.node.finished","message":"n8n.node.finished","payload":{"workflowId":"8y5ALZTU2BvkIrm4","workflowName":"General","executionId":"63","nodeType":"n8n-nodes-base.if","nodeName":"🎯 Check Great Deal","nodeId":"2d5f8692-815e-4325-a900-48f6502f5fc0"}}
{"__type":"$$EventMessageConfirm","confirm":"7e0e357c-b8c3-448f-8af8-dd906c927b57","ts":"2025-12-06T18:43:28.278-05:00","source":{"id":"0","name":"eventBus"}}
{"__type":"$$EventMessageNode","id":"b82fcdf1-a030-4d73-ba35-730c4cd7f5e6","ts":"2025-12-06T18:43:28.278-05:00","eventName":"n8n.node.started","message":"n8n.node.started","payload":{"workflowId":"8y5ALZTU2BvkIrm4","workflowName":"General","executionId":"63","nodeType":"n8n-nodes-base.emailSend","nodeName":"Enviar Correo1","nodeId":"cae987c6-c9aa-4be8-abd1-aa4d4e16b230"}}
{"__type":"$$EventMessageConfirm","confirm":"b82fcdf1-a030-4d73-ba35-730c4cd7f5e6","ts":"2025-12-06T18:43:28.278-05:00","source":{"id":"0","name":"eventBus"}}
{"__type":"$$EventMessageNode","id":"b6fc7430-be17-4bb7-affc-7799d8ee7b05","ts":"2025-12-06T18:43:28.451-05:00","eventName":"n8n.node.finished","message":"n8n.node.finished","payload":{"workflowId":"8y5ALZTU2BvkIrm4","workflowName":"General","executionId":"66","nodeType":"n8n-nodes-base.httpRequest","nodeName":"🏨 Amadeus Hotels Search","nodeId":"335375c3-b2c4-488a-a187-5db699984bb5"}}
{"__type":"$$EventMessageConfirm","confirm":"b6fc7430-be17-4bb7-affc-7799d8ee7b05","ts":"2025-12-06T18:43:28.451-05:00","source":{"id":"0","name":"eventBus"}}
{"__type":"$$EventMessageNode","id":"5fd7dd1e-10de-4d8c-bd0e-866c66123d38","ts":"2025-12-06T18:43:28.451-05:00","eventName":"n8n.node.started","message":"n8n.node.started","payload":{"workflowId":"8y5ALZTU2BvkIrm4","workflowName":"General","executionId":"66","nodeType":"n8n-nodes-base.code","nodeName":"🧩 Parse Amadeus Hotels","nodeId":"47677723-da63-41ea-8c58-4cff95258258"}}
{"__type":"$$EventMessageConfirm","confirm":"5fd7dd1e-10de-4d8c-bd0e-866c66123d38","ts":"2025-12-06T18:43:28.451-05:00","source":{"id":"0","name":"eventBus"}}
{"__type":"$$EventMessageNode","id":"09756438-3a3b-4c40-adf1-73eed2fd9cc2","ts":"2025-12-06T18:43:28.493-05:00","eventName":"n8n.node.finished","message":"n8n.node.finished","payload":{"workflowId":"8y5ALZTU2BvkIrm4","workflowName":"General","executionId":"66","nodeType":"n8n-nodes-base.code","nodeName":"🧩 Parse Amadeus Hotels","nodeId":"47677723-da63-41ea-8c58-4cff95258258"}}
{"__type":"$$EventMessageConfirm","confirm":"09756438-3a3b-4c40-adf1-73eed2fd9cc2","ts":"2025-12-06T18:43:28.493-05:00","source":{"id":"0","name":"eventBus"}}
{"__type":"$$EventMessageNode","id":"a97835e2-9c10-45a5-9764-42113e39079a","ts":"2025-12-06T18:43:28.494-05:00","eventName":"n8n.node.started","message":"n8n.node.started","payload":{"workflowId":"8y5ALZTU2BvkIrm4","workflowName":"General","executionId":"66","nodeType":"n8n-nodes-base.code","nodeName":"Code in JavaScript","nodeId":"9ad265ae-5dcc-402a-9191-c6e7792d671f"}}
{"__type":"$$EventMessageConfirm","confirm":"a97835e2-9c10-45a5-9764-42113e39079a","ts":"2025-12-06T18:43:28.495-05:00","source":{"id":"0","name":"eventBus"}}
{"__type":"$$EventMessageNode","id":"76d0b702-dbae-4a8e-84d9-5ec3eb46c847","ts":"2025-12-06T18:43:28.506-05:00","eventName":"n8n.node.finished","message":"n8n.node.finished","payload":{"workflowId":"8y5ALZTU2BvkIrm4","workflowName":"General","executionId":"66","nodeType":"n8n-nodes-base.code","nodeName":"Code in JavaScript","nodeId":"9ad265ae-5dcc-402a-9191-c6e7792d671f"}}
{"__type":"$$EventMessageConfirm","confirm":"76d0b702-dbae-4a8e-84d9-5ec3eb46c847","ts":"2025-12-06T18:43:28.507-05:00","source":{"id":"0","name":"eventBus"}}
{"__type":"$$EventMessageNode","id":"cb3a4a4e-cac6-40fa-a134-a8cad2ada722","ts":"2025-12-06T18:43:28.508-05:00","eventName":"n8n.node.started","message":"n8n.node.started","payload":{"workflowId":"8y5ALZTU2BvkIrm4","workflowName":"General","executionId":"66","nodeType":"n8n-nodes-base.function","nodeName":"💡 Generate Travel Recommendations","nodeId":"300dd062-67fe-4694-b4db-81170145ca24"}}
{"__type":"$$EventMessageConfirm","confirm":"cb3a4a4e-cac6-40fa-a134-a8cad2ada722","ts":"2025-12-06T18:43:28.508-05:00","source":{"id":"0","name":"eventBus"}}
{"__type":"$$EventMessageNode","id":"3570b046-ac88-481f-a252-fccd5d65e91d","ts":"2025-12-06T18:43:28.525-05:00","eventName":"n8n.node.finished","message":"n8n.node.finished","payload":{"workflowId":"8y5ALZTU2BvkIrm4","workflowName":"General","executionId":"66","nodeType":"n8n-nodes-base.function","nodeName":"💡 Generate Travel Recommendations","nodeId":"300dd062-67fe-4694-b4db-81170145ca24"}}
{"__type":"$$EventMessageConfirm","confirm":"3570b046-ac88-481f-a252-fccd5d65e91d","ts":"2025-12-06T18:43:28.525-05:00","source":{"id":"0","name":"eventBus"}}
{"__type":"$$EventMessageNode","id":"2a4ecb80-eeef-4092-8f9c-519e7484ab89","ts":"2025-12-06T18:43:28.526-05:00","eventName":"n8n.node.started","message":"n8n.node.started","payload":{"workflowId":"8y5ALZTU2BvkIrm4","workflowName":"General","executionId":"66","nodeType":"n8n-nodes-base.supabase","nodeName":"💾 Supabase Storage","nodeId":"5decf8b0-d187-4260-9cad-7841d180e7bb"}}
{"__type":"$$EventMessageConfirm","confirm":"2a4ecb80-eeef-4092-8f9c-519e7484ab89","ts":"2025-12-06T18:43:28.526-05:00","source":{"id":"0","name":"eventBus"}}
{"__type":"$$EventMessageNode","id":"2f226d53-5d69-41d1-98fd-7ff5247fce3e","ts":"2025-12-06T18:43:28.616-05:00","eventName":"n8n.node.finished","message":"n8n.node.finished","payload":{"workflowId":"8y5ALZTU2BvkIrm4","workflowName":"General","executionId":"67","nodeType":"n8n-nodes-base.httpRequest","nodeName":"🏨 Amadeus Hotels Search","nodeId":"335375c3-b2c4-488a-a187-5db699984bb5"}}
{"__type":"$$EventMessageConfirm","confirm":"2f226d53-5d69-41d1-98fd-7ff5247fce3e","ts":"2025-12-06T18:43:28.616-05:00","source":{"id":"0","name":"eventBus"}}
{"__type":"$$EventMessageNode","id":"e7fcc2f8-3b5a-443f-988c-972a0e65dc71","ts":"2025-12-06T18:43:28.616-05:00","eventName":"n8n.node.started","message":"n8n.node.started","payload":{"workflowId":"8y5ALZTU2BvkIrm4","workflowName":"General","executionId":"67","nodeType":"n8n-nodes-base.code","nodeName":"🧩 Parse Amadeus Hotels","nodeId":"47677723-da63-41ea-8c58-4cff95258258"}}
{"__type":"$$EventMessageConfirm","confirm":"e7fcc2f8-3b5a-443f-988c-972a0e65dc71","ts":"2025-12-06T18:43:28.616-05:00","source":{"id":"0","name":"eventBus"}}
{"__type":"$$EventMessageNode","id":"bb0d7e8c-e9b8-489b-9e3a-e353f962a290","ts":"2025-12-06T18:43:28.654-05:00","eventName":"n8n.node.finished","message":"n8n.node.finished","payload":{"workflowId":"8y5ALZTU2BvkIrm4","workflowName":"General","executionId":"67","nodeType":"n8n-nodes-base.code","nodeName":"🧩 Parse Amadeus Hotels","nodeId":"47677723-da63-41ea-8c58-4cff95258258"}}
{"__type":"$$EventMessageConfirm","confirm":"bb0d7e8c-e9b8-489b-9e3a-e353f962a290","ts":"2025-12-06T18:43:28.654-05:00","source":{"id":"0","name":"eventBus"}}
{"__type":"$$EventMessageNode","id":"d360756f-745e-46ee-9f51-0c2f9fc431ec","ts":"2025-12-06T18:43:28.656-05:00","eventName":"n8n.node.started","message":"n8n.node.started","payload":{"workflowId":"8y5ALZTU2BvkIrm4","workflowName":"General","executionId":"67","nodeType":"n8n-nodes-base.code","nodeName":"Code in JavaScript","nodeId":"9ad265ae-5dcc-402a-9191-c6e7792d671f"}}
{"__type":"$$EventMessageConfirm","confirm":"d360756f-745e-46ee-9f51-0c2f9fc431ec","ts":"2025-12-06T18:43:28.656-05:00","source":{"id":"0","name":"eventBus"}}
{"__type":"$$EventMessageNode","id":"3bd7bf8c-f97b-4152-a546-e64724ce61a4","ts":"2025-12-06T18:43:28.666-05:00","eventName":"n8n.node.finished","message":"n8n.node.finished","payload":{"workflowId":"8y5ALZTU2BvkIrm4","workflowName":"General","executionId":"67","nodeType":"n8n-nodes-base.code","nodeName":"Code in JavaScript","nodeId":"9ad265ae-5dcc-402a-9191-c6e7792d671f"}}
{"__type":"$$EventMessageConfirm","confirm":"3bd7bf8c-f97b-4152-a546-e64724ce61a4","ts":"2025-12-06T18:43:28.667-05:00","source":{"id":"0","name":"eventBus"}}
{"__type":"$$EventMessageNode","id":"d481cde7-a870-42b1-9d0c-97bfccec4b0d","ts":"2025-12-06T18:43:28.667-05:00","eventName":"n8n.node.started","message":"n8n.node.started","payload":{"workflowId":"8y5ALZTU2BvkIrm4","workflowName":"General","executionId":"67","nodeType":"n8n-nodes-base.function","nodeName":"💡 Generate Travel Recommendations","nodeId":"300dd062-67fe-4694-b4db-81170145ca24"}}
{"__type":"$$EventMessageConfirm","confirm":"d481cde7-a870-42b1-9d0c-97bfccec4b0d","ts":"2025-12-06T18:43:28.667-05:00","source":{"id":"0","name":"eventBus"}}
{"__type":"$$EventMessageNode","id":"542f5ebc-1835-49e1-aea5-cdf70cb699ba","ts":"2025-12-06T18:43:28.699-05:00","eventName":"n8n.node.finished","message":"n8n.node.finished","payload":{"workflowId":"8y5ALZTU2BvkIrm4","workflowName":"General","executionId":"67","nodeType":"n8n-nodes-base.function","nodeName":"💡 Generate Travel Recommendations","nodeId":"300dd062-67fe-4694-b4db-81170145ca24"}}
{"__type":"$$EventMessageConfirm","confirm":"542f5ebc-1835-49e1-aea5-cdf70cb699ba","ts":"2025-12-06T18:43:28.699-05:00","source":{"id":"0","name":"eventBus"}}
{"__type":"$$EventMessageNode","id":"78227ebd-58f4-412f-8428-1b3bd8640a98","ts":"2025-12-06T18:43:28.700-05:00","eventName":"n8n.node.started","message":"n8n.node.started","payload":{"workflowId":"8y5ALZTU2BvkIrm4","workflowName":"General","executionId":"67","nodeType":"n8n-nodes-base.supabase","nodeName":"💾 Supabase Storage","nodeId":"5decf8b0-d187-4260-9cad-7841d180e7bb"}}
{"__type":"$$EventMessageConfirm","confirm":"78227ebd-58f4-412f-8428-1b3bd8640a98","ts":"2025-12-06T18:43:28.700-05:00","source":{"id":"0","name":"eventBus"}}
{"__type":"$$EventMessageNode","id":"21860361-c26b-470c-8171-220bb73255c0","ts":"2025-12-06T18:43:28.737-05:00","eventName":"n8n.node.finished","message":"n8n.node.finished","payload":{"workflowId":"8y5ALZTU2BvkIrm4","workflowName":"General","executionId":"65","nodeType":"n8n-nodes-base.supabase","nodeName":"💾 Supabase Storage","nodeId":"5decf8b0-d187-4260-9cad-7841d180e7bb"}}
{"__type":"$$EventMessageConfirm","confirm":"21860361-c26b-470c-8171-220bb73255c0","ts":"2025-12-06T18:43:28.737-05:00","source":{"id":"0","name":"eventBus"}}
{"__type":"$$EventMessageNode","id":"249d4187-8bf8-4aba-afe5-4c7cba3bbe42","ts":"2025-12-06T18:43:28.737-05:00","eventName":"n8n.node.started","message":"n8n.node.started","payload":{"workflowId":"8y5ALZTU2BvkIrm4","workflowName":"General","executionId":"65","nodeType":"n8n-nodes-base.code","nodeName":"Code in JavaScript1","nodeId":"fa6afa75-0195-4c00-9736-9fa0dfb030c1"}}
{"__type":"$$EventMessageConfirm","confirm":"249d4187-8bf8-4aba-afe5-4c7cba3bbe42","ts":"2025-12-06T18:43:28.737-05:00","source":{"id":"0","name":"eventBus"}}
{"__type":"$$EventMessageNode","id":"b4890fad-49b1-4fc7-8c8b-f8538c7a322f","ts":"2025-12-06T18:43:28.744-05:00","eventName":"n8n.node.finished","message":"n8n.node.finished","payload":{"workflowId":"8y5ALZTU2BvkIrm4","workflowName":"General","executionId":"65","nodeType":"n8n-nodes-base.code","nodeName":"Code in JavaScript1","nodeId":"fa6afa75-0195-4c00-9736-9fa0dfb030c1"}}
{"__type":"$$EventMessageConfirm","confirm":"b4890fad-49b1-4fc7-8c8b-f8538c7a322f","ts":"2025-12-06T18:43:28.745-05:00","source":{"id":"0","name":"eventBus"}}
{"__type":"$$EventMessageNode","id":"ec8d35aa-8dc9-4026-a7e9-187ec1566b21","ts":"2025-12-06T18:43:28.745-05:00","eventName":"n8n.node.started","message":"n8n.node.started","payload":{"workflowId":"8y5ALZTU2BvkIrm4","workflowName":"General","executionId":"65","nodeType":"n8n-nodes-base.if","nodeName":"🎯 Check Great Deal","nodeId":"2d5f8692-815e-4325-a900-48f6502f5fc0"}}
{"__type":"$$EventMessageConfirm","confirm":"ec8d35aa-8dc9-4026-a7e9-187ec1566b21","ts":"2025-12-06T18:43:28.745-05:00","source":{"id":"0","name":"eventBus"}}
{"__type":"$$EventMessageNode","id":"c77806e1-6098-431c-aceb-3ca2daafe7ba","ts":"2025-12-06T18:43:28.746-05:00","eventName":"n8n.node.finished","message":"n8n.node.finished","payload":{"workflowId":"8y5ALZTU2BvkIrm4","workflowName":"General","executionId":"65","nodeType":"n8n-nodes-base.if","nodeName":"🎯 Check Great Deal","nodeId":"2d5f8692-815e-4325-a900-48f6502f5fc0"}}
{"__type":"$$EventMessageConfirm","confirm":"c77806e1-6098-431c-aceb-3ca2daafe7ba","ts":"2025-12-06T18:43:28.746-05:00","source":{"id":"0","name":"eventBus"}}
{"__type":"$$EventMessageNode","id":"9196c1bc-8e8a-4c33-866a-6d7a4afcd28e","ts":"2025-12-06T18:43:28.746-05:00","eventName":"n8n.node.started","message":"n8n.node.started","payload":{"workflowId":"8y5ALZTU2BvkIrm4","workflowName":"General","executionId":"65","nodeType":"n8n-nodes-base.respondToWebhook","nodeName":"Respond to Webhook1","nodeId":"21d30c3a-21ce-476e-a3c4-2813894cc904"}}
{"__type":"$$EventMessageConfirm","confirm":"9196c1bc-8e8a-4c33-866a-6d7a4afcd28e","ts":"2025-12-06T18:43:28.746-05:00","source":{"id":"0","name":"eventBus"}}
{"__type":"$$EventMessageNode","id":"f03ede92-c3f9-4585-9f4b-70a3291704c5","ts":"2025-12-06T18:43:28.748-05:00","eventName":"n8n.node.finished","message":"n8n.node.finished","payload":{"workflowId":"8y5ALZTU2BvkIrm4","workflowName":"General","executionId":"65","nodeType":"n8n-nodes-base.respondToWebhook","nodeName":"Respond to Webhook1","nodeId":"21d30c3a-21ce-476e-a3c4-2813894cc904"}}
{"__type":"$$EventMessageConfirm","confirm":"f03ede92-c3f9-4585-9f4b-70a3291704c5","ts":"2025-12-06T18:43:28.748-05:00","source":{"id":"0","name":"eventBus"}}
{"__type":"$$EventMessageWorkflow","id":"4c14052b-c324-46ee-b104-e2bf7d4c7799","ts":"2025-12-06T18:43:28.748-05:00","eventName":"n8n.workflow.success","message":"n8n.workflow.success","payload":{"executionId":"65","success":true,"isManual":false,"workflowId":"8y5ALZTU2BvkIrm4","workflowName":"General"}}
{"__type":"$$EventMessageConfirm","confirm":"4c14052b-c324-46ee-b104-e2bf7d4c7799","ts":"2025-12-06T18:43:28.748-05:00","source":{"id":"0","name":"eventBus"}}
{"__type":"$$EventMessageWorkflow","id":"51fadd46-dc7f-47bb-a31f-13ad1afe78df","ts":"2025-12-06T18:43:28.873-05:00","eventName":"n8n.workflow.started","message":"n8n.workflow.started","payload":{"executionId":"70","workflowId":"8y5ALZTU2BvkIrm4","isManual":false,"workflowName":"General"}}
{"__type":"$$EventMessageConfirm","confirm":"51fadd46-dc7f-47bb-a31f-13ad1afe78df","ts":"2025-12-06T18:43:28.874-05:00","source":{"id":"0","name":"eventBus"}}
{"__type":"$$EventMessageNode","id":"7b9fdf5b-4357-46a7-99c7-339b95a9f9ab","ts":"2025-12-06T18:43:28.874-05:00","eventName":"n8n.node.started","message":"n8n.node.started","payload":{"workflowId":"8y5ALZTU2BvkIrm4","workflowName":"General","executionId":"70","nodeType":"n8n-nodes-base.webhook","nodeName":"📱 Streamlit Webhook","nodeId":"ae8059ee-5c26-4af5-83ea-0b147821a989"}}
{"__type":"$$EventMessageConfirm","confirm":"7b9fdf5b-4357-46a7-99c7-339b95a9f9ab","ts":"2025-12-06T18:43:28.874-05:00","source":{"id":"0","name":"eventBus"}}
{"__type":"$$EventMessageNode","id":"0d1aa726-3c5f-4d71-8158-100ea338bcef","ts":"2025-12-06T18:43:28.874-05:00","eventName":"n8n.node.finished","message":"n8n.node.finished","payload":{"workflowId":"8y5ALZTU2BvkIrm4","workflowName":"General","executionId":"70","nodeType":"n8n-nodes-base.webhook","nodeName":"📱 Streamlit Webhook","nodeId":"ae8059ee-5c26-4af5-83ea-0b147821a989"}}
{"__type":"$$EventMessageConfirm","confirm":"0d1aa726-3c5f-4d71-8158-100ea338bcef","ts":"2025-12-06T18:43:28.874-05:00","source":{"id":"0","name":"eventBus"}}
{"__type":"$$EventMessageNode","id":"dcbbda5d-e629-4e86-99d3-36d84d750065","ts":"2025-12-06T18:43:28.875-05:00","eventName":"n8n.node.started","message":"n8n.node.started","payload":{"workflowId":"8y5ALZTU2BvkIrm4","workflowName":"General","executionId":"70","nodeType":"n8n-nodes-base.function","nodeName":"Process Travel Data","nodeId":"02497c10-01cd-4448-8373-576a8cdff0cf"}}
{"__type":"$$EventMessageConfirm","confirm":"dcbbda5d-e629-4e86-99d3-36d84d750065","ts":"2025-12-06T18:43:28.875-05:00","source":{"id":"0","name":"eventBus"}}
{"__type":"$$EventMessageNode","id":"4b34336b-1f3c-4dc6-a0c9-451b4d970731","ts":"2025-12-06T18:43:28.884-05:00","eventName":"n8n.node.finished","message":"n8n.node.finished","payload":{"workflowId":"8y5ALZTU2BvkIrm4","workflowName":"General","executionId":"70","nodeType":"n8n-nodes-base.function","nodeName":"Process Travel Data","nodeId":"02497c10-01cd-4448-8373-576a8cdff0cf"}}
{"__type":"$$EventMessageConfirm","confirm":"4b34336b-1f3c-4dc6-a0c9-451b4d970731","ts":"2025-12-06T18:43:28.884-05:00","source":{"id":"0","name":"eventBus"}}
{"__type":"$$EventMessageNode","id":"163f2879-4a9d-4cd3-bf26-b7043dd6c8f3","ts":"2025-12-06T18:43:28.884-05:00","eventName":"n8n.node.started","message":"n8n.node.started","payload":{"workflowId":"8y5ALZTU2BvkIrm4","workflowName":"General","executionId":"70","nodeType":"n8n-nodes-base.httpRequest","nodeName":"✈️ Skyscanner Flights","nodeId":"6d1d14dd-30a6-4993-a0b8-2e926b5e6f7d"}}
{"__type":"$$EventMessageConfirm","confirm":"163f2879-4a9d-4cd3-bf26-b7043dd6c8f3","ts":"2025-12-06T18:43:28.884-05:00","source":{"id":"0","name":"eventBus"}}
{"__type":"$$EventMessageNode","id":"acab0a94-7af7-4b88-b1b3-df629b966e1a","ts":"2025-12-06T18:43:29.178-05:00","eventName":"n8n.node.finished","message":"n8n.node.finished","payload":{"workflowId":"8y5ALZTU2BvkIrm4","workflowName":"General","executionId":"69","nodeType":"n8n-nodes-base.httpRequest","nodeName":"🗝️ Amadeus Auth Token","nodeId":"ddee2ef7-119f-4f23-8649-7285c81ad086"}}
{"__type":"$$EventMessageConfirm","confirm":"acab0a94-7af7-4b88-b1b3-df629b966e1a","ts":"2025-12-06T18:43:29.178-05:00","source":{"id":"0","name":"eventBus"}}
{"__type":"$$EventMessageNode","id":"f03e54bc-81ef-440e-8d6e-09d268278714","ts":"2025-12-06T18:43:29.178-05:00","eventName":"n8n.node.started","message":"n8n.node.started","payload":{"workflowId":"8y5ALZTU2BvkIrm4","workflowName":"General","executionId":"69","nodeType":"n8n-nodes-base.httpRequest","nodeName":"🏨 Amadeus Hotels Search","nodeId":"335375c3-b2c4-488a-a187-5db699984bb5"}}
{"__type":"$$EventMessageConfirm","confirm":"f03e54bc-81ef-440e-8d6e-09d268278714","ts":"2025-12-06T18:43:29.178-05:00","source":{"id":"0","name":"eventBus"}}
{"__type":"$$EventMessageNode","id":"5327bc22-e5fa-4c76-96bb-02c921a6389b","ts":"2025-12-06T18:43:29.194-05:00","eventName":"n8n.node.finished","message":"n8n.node.finished","payload":{"workflowId":"8y5ALZTU2BvkIrm4","workflowName":"General","executionId":"66","nodeType":"n8n-nodes-base.supabase","nodeName":"💾 Supabase Storage","nodeId":"5decf8b0-d187-4260-9cad-7841d180e7bb"}}
{"__type":"$$EventMessageConfirm","confirm":"5327bc22-e5fa-4c76-96bb-02c921a6389b","ts":"2025-12-06T18:43:29.194-05:00","source":{"id":"0","name":"eventBus"}}
{"__type":"$$EventMessageNode","id":"d101947f-74b3-49d1-9cb3-2d2b3ee5fb7a","ts":"2025-12-06T18:43:29.194-05:00","eventName":"n8n.node.started","message":"n8n.node.started","payload":{"workflowId":"8y5ALZTU2BvkIrm4","workflowName":"General","executionId":"66","nodeType":"n8n-nodes-base.code","nodeName":"Code in JavaScript1","nodeId":"fa6afa75-0195-4c00-9736-9fa0dfb030c1"}}
{"__type":"$$EventMessageConfirm","confirm":"d101947f-74b3-49d1-9cb3-2d2b3ee5fb7a","ts":"2025-12-06T18:43:29.194-05:00","source":{"id":"0","name":"eventBus"}}
{"__type":"$$EventMessageNode","id":"51581efe-c5fe-4150-a3b7-4c465c2b31f1","ts":"2025-12-06T18:43:29.199-05:00","eventName":"n8n.node.finished","message":"n8n.node.finished","payload":{"workflowId":"8y5ALZTU2BvkIrm4","workflowName":"General","executionId":"66","nodeType":"n8n-nodes-base.code","nodeName":"Code in JavaScript1","nodeId":"fa6afa75-0195-4c00-9736-9fa0dfb030c1"}}
{"__type":"$$EventMessageConfirm","confirm":"51581efe-c5fe-4150-a3b7-4c465c2b31f1","ts":"2025-12-06T18:43:29.199-05:00","source":{"id":"0","name":"eventBus"}}
{"__type":"$$EventMessageNode","id":"625a9679-09f6-4a11-8c0f-f3ee5f2fcafb","ts":"2025-12-06T18:43:29.199-05:00","eventName":"n8n.node.started","message":"n8n.node.started","payload":{"workflowId":"8y5ALZTU2BvkIrm4","workflowName":"General","executionId":"66","nodeType":"n8n-nodes-base.if","nodeName":"🎯 Check Great Deal","nodeId":"2d5f8692-815e-4325-a900-48f6502f5fc0"}}
{"__type":"$$EventMessageConfirm","confirm":"625a9679-09f6-4a11-8c0f-f3ee5f2fcafb","ts":"2025-12-06T18:43:29.199-05:00","source":{"id":"0","name":"eventBus"}}
{"__type":"$$EventMessageNode","id":"44a2b1a5-5070-4f4e-a1f8-967dfe5f4962","ts":"2025-12-06T18:43:29.200-05:00","eventName":"n8n.node.finished","message":"n8n.node.finished","payload":{"workflowId":"8y5ALZTU2BvkIrm4","workflowName":"General","executionId":"66","nodeType":"n8n-nodes-base.if","nodeName":"🎯 Check Great Deal","nodeId":"2d5f8692-815e-4325-a900-48f6502f5fc0"}}
{"__type":"$$EventMessageConfirm","confirm":"44a2b1a5-5070-4f4e-a1f8-967dfe5f4962","ts":"2025-12-06T18:43:29.200-05:00","source":{"id":"0","name":"eventBus"}}
{"__type":"$$EventMessageNode","id":"18fcef3a-69ee-45cd-af26-6efbdb38115f","ts":"2025-12-06T18:43:29.201-05:00","eventName":"n8n.node.started","message":"n8n.node.started","payload":{"workflowId":"8y5ALZTU2BvkIrm4","workflowName":"General","executionId":"66","nodeType":"n8n-nodes-base.respondToWebhook","nodeName":"Respond to Webhook1","nodeId":"21d30c3a-21ce-476e-a3c4-2813894cc904"}}
{"__type":"$$EventMessageConfirm","confirm":"18fcef3a-69ee-45cd-af26-6efbdb38115f","ts":"2025-12-06T18:43:29.201-05:00","source":{"id":"0","name":"eventBus"}}
{"__type":"$$EventMessageNode","id":"d6c7d53a-252e-49dc-922f-a2a09909240a","ts":"2025-12-06T18:43:29.202-05:00","eventName":"n8n.node.finished","message":"n8n.node.finished","payload":{"workflowId":"8y5ALZTU2BvkIrm4","workflowName":"General","executionId":"66","nodeType":"n8n-nodes-base.respondToWebhook","nodeName":"Respond to Webhook1","nodeId":"21d30c3a-21ce-476e-a3c4-2813894cc904"}}
{"__type":"$$EventMessageConfirm","confirm":"d6c7d53a-252e-49dc-922f-a2a09909240a","ts":"2025-12-06T18:43:29.202-05:00","source":{"id":"0","name":"eventBus"}}
{"__type":"$$EventMessageWorkflow","id":"b0a0007e-83ee-4af0-9345-3099c1c49d23","ts":"2025-12-06T18:43:29.203-05:00","eventName":"n8n.workflow.success","message":"n8n.workflow.success","payload":{"executionId":"66","success":true,"isManual":false,"workflowId":"8y5ALZTU2BvkIrm4","workflowName":"General"}}
{"__type":"$$EventMessageConfirm","confirm":"b0a0007e-83ee-4af0-9345-3099c1c49d23","ts":"2025-12-06T18:43:29.203-05:00","source":{"id":"0","name":"eventBus"}}
{"__type":"$$EventMessageNode","id":"986dec10-d6c6-49a5-809c-70baf539aa3a","ts":"2025-12-06T18:43:29.280-05:00","eventName":"n8n.node.finished","message":"n8n.node.finished","payload":{"workflowId":"8y5ALZTU2BvkIrm4","workflowName":"General","executionId":"67","nodeType":"n8n-nodes-base.supabase","nodeName":"💾 Supabase Storage","nodeId":"5decf8b0-d187-4260-9cad-7841d180e7bb"}}
{"__type":"$$EventMessageConfirm","confirm":"986dec10-d6c6-49a5-809c-70baf539aa3a","ts":"2025-12-06T18:43:29.280-05:00","source":{"id":"0","name":"eventBus"}}
{"__type":"$$EventMessageNode","id":"882d8006-4613-45a5-95b6-9c5c77da449d","ts":"2025-12-06T18:43:29.280-05:00","eventName":"n8n.node.started","message":"n8n.node.started","payload":{"workflowId":"8y5ALZTU2BvkIrm4","workflowName":"General","executionId":"67","nodeType":"n8n-nodes-base.code","nodeName":"Code in JavaScript1","nodeId":"fa6afa75-0195-4c00-9736-9fa0dfb030c1"}}
{"__type":"$$EventMessageConfirm","confirm":"882d8006-4613-45a5-95b6-9c5c77da449d","ts":"2025-12-06T18:43:29.280-05:00","source":{"id":"0","name":"eventBus"}}
{"__type":"$$EventMessageNode","id":"ccb1e820-4849-473f-b64d-5dce3746b444","ts":"2025-12-06T18:43:29.286-05:00","eventName":"n8n.node.finished","message":"n8n.node.finished","payload":{"workflowId":"8y5ALZTU2BvkIrm4","workflowName":"General","executionId":"67","nodeType":"n8n-nodes-base.code","nodeName":"Code in JavaScript1","nodeId":"fa6afa75-0195-4c00-9736-9fa0dfb030c1"}}
{"__type":"$$EventMessageConfirm","confirm":"ccb1e820-4849-473f-b64d-5dce3746b444","ts":"2025-12-06T18:43:29.286-05:00","source":{"id":"0","name":"eventBus"}}
{"__type":"$$EventMessageNode","id":"ee46f58f-e4da-4bb4-b5d4-8f1758763467","ts":"2025-12-06T18:43:29.287-05:00","eventName":"n8n.node.started","message":"n8n.node.started","payload":{"workflowId":"8y5ALZTU2BvkIrm4","workflowName":"General","executionId":"67","nodeType":"n8n-nodes-base.if","nodeName":"🎯 Check Great Deal","nodeId":"2d5f8692-815e-4325-a900-48f6502f5fc0"}}
{"__type":"$$EventMessageConfirm","confirm":"ee46f58f-e4da-4bb4-b5d4-8f1758763467","ts":"2025-12-06T18:43:29.287-05:00","source":{"id":"0","name":"eventBus"}}
{"__type":"$$EventMessageNode","id":"451d4a42-3c4f-45db-b4b6-7fbdec26ef7d","ts":"2025-12-06T18:43:29.288-05:00","eventName":"n8n.node.finished","message":"n8n.node.finished","payload":{"workflowId":"8y5ALZTU2BvkIrm4","workflowName":"General","executionId":"67","nodeType":"n8n-nodes-base.if","nodeName":"🎯 Check Great Deal","nodeId":"2d5f8692-815e-4325-a900-48f6502f5fc0"}}
{"__type":"$$EventMessageConfirm","confirm":"451d4a42-3c4f-45db-b4b6-7fbdec26ef7d","ts":"2025-12-06T18:43:29.288-05:00","source":{"id":"0","name":"eventBus"}}
{"__type":"$$EventMessageNode","id":"1dc81898-4d39-4550-9a2b-79f515ecba40","ts":"2025-12-06T18:43:29.288-05:00","eventName":"n8n.node.started","message":"n8n.node.started","payload":{"workflowId":"8y5ALZTU2BvkIrm4","workflowName":"General","executionId":"67","nodeType":"n8n-nodes-base.respondToWebhook","nodeName":"Respond to Webhook1","nodeId":"21d30c3a-21ce-476e-a3c4-2813894cc904"}}
{"__type":"$$EventMessageConfirm","confirm":"1dc81898-4d39-4550-9a2b-79f515ecba40","ts":"2025-12-06T18:43:29.288-05:00","source":{"id":"0","name":"eventBus"}}
{"__type":"$$EventMessageNode","id":"502fbe7a-9035-4995-ace7-3922d7173dbb","ts":"2025-12-06T18:43:29.290-05:00","eventName":"n8n.node.finished","message":"n8n.node.finished","payload":{"workflowId":"8y5ALZTU2BvkIrm4","workflowName":"General","executionId":"67","nodeType":"n8n-nodes-base.respondToWebhook","nodeName":"Respond to Webhook1","nodeId":"21d30c3a-21ce-476e-a3c4-2813894cc904"}}
{"__type":"$$EventMessageConfirm","confirm":"502fbe7a-9035-4995-ace7-3922d7173dbb","ts":"2025-12-06T18:43:29.290-05:00","source":{"id":"0","name":"eventBus"}}
{"__type":"$$EventMessageWorkflow","id":"07713f69-ea26-4ab9-aeca-c6abcd81ecf4","ts":"2025-12-06T18:43:29.290-05:00","eventName":"n8n.workflow.success","message":"n8n.workflow.success","payload":{"executionId":"67","success":true,"isManual":false,"workflowId":"8y5ALZTU2BvkIrm4","workflowName":"General"}}
{"__type":"$$EventMessageConfirm","confirm":"07713f69-ea26-4ab9-aeca-c6abcd81ecf4","ts":"2025-12-06T18:43:29.290-05:00","source":{"id":"0","name":"eventBus"}}
{"__type":"$$EventMessageNode","id":"f8a84910-90b5-4bff-9835-478ffba9a71b","ts":"2025-12-06T18:43:29.405-05:00","eventName":"n8n.node.finished","message":"n8n.node.finished","payload":{"workflowId":"8y5ALZTU2BvkIrm4","workflowName":"General","executionId":"68","nodeType":"n8n-nodes-base.httpRequest","nodeName":"🏨 Amadeus Hotels Search","nodeId":"335375c3-b2c4-488a-a187-5db699984bb5"}}
{"__type":"$$EventMessageConfirm","confirm":"f8a84910-90b5-4bff-9835-478ffba9a71b","ts":"2025-12-06T18:43:29.405-05:00","source":{"id":"0","name":"eventBus"}}
{"__type":"$$EventMessageNode","id":"e0017a74-a3a5-49dc-9ad6-f7fc9c6e19bf","ts":"2025-12-06T18:43:29.405-05:00","eventName":"n8n.node.started","message":"n8n.node.started","payload":{"workflowId":"8y5ALZTU2BvkIrm4","workflowName":"General","executionId":"68","nodeType":"n8n-nodes-base.code","nodeName":"🧩 Parse Amadeus Hotels","nodeId":"47677723-da63-41ea-8c58-4cff95258258"}}
{"__type":"$$EventMessageConfirm","confirm":"e0017a74-a3a5-49dc-9ad6-f7fc9c6e19bf","ts":"2025-12-06T18:43:29.405-05:00","source":{"id":"0","name":"eventBus"}}
{"__type":"$$EventMessageNode","id":"e018681c-4258-4a30-8502-c3b3360881fe","ts":"2025-12-06T18:43:29.436-05:00","eventName":"n8n.node.finished","message":"n8n.node.finished","payload":{"workflowId":"8y5ALZTU2BvkIrm4","workflowName":"General","executionId":"68","nodeType":"n8n-nodes-base.code","nodeName":"🧩 Parse Amadeus Hotels","nodeId":"47677723-da63-41ea-8c58-4cff95258258"}}
{"__type":"$$EventMessageConfirm","confirm":"e018681c-4258-4a30-8502-c3b3360881fe","ts":"2025-12-06T18:43:29.436-05:00","source":{"id":"0","name":"eventBus"}}
{"__type":"$$EventMessageNode","id":"5c44907b-3789-442a-a6ed-f1b4849f11ae","ts":"2025-12-06T18:43:29.437-05:00","eventName":"n8n.node.started","message":"n8n.node.started","payload":{"workflowId":"8y5ALZTU2BvkIrm4","workflowName":"General","executionId":"68","nodeType":"n8n-nodes-base.code","nodeName":"Code in JavaScript","nodeId":"9ad265ae-5dcc-402a-9191-c6e7792d671f"}}
{"__type":"$$EventMessageConfirm","confirm":"5c44907b-3789-442a-a6ed-f1b4849f11ae","ts":"2025-12-06T18:43:29.437-05:00","source":{"id":"0","name":"eventBus"}}
{"__type":"$$EventMessageNode","id":"36ebb2cd-f57a-422a-b520-38d7f0cc7456","ts":"2025-12-06T18:43:29.445-05:00","eventName":"n8n.node.finished","message":"n8n.node.finished","payload":{"workflowId":"8y5ALZTU2BvkIrm4","workflowName":"General","executionId":"68","nodeType":"n8n-nodes-base.code","nodeName":"Code in JavaScript","nodeId":"9ad265ae-5dcc-402a-9191-c6e7792d671f"}}
{"__type":"$$EventMessageConfirm","confirm":"36ebb2cd-f57a-422a-b520-38d7f0cc7456","ts":"2025-12-06T18:43:29.445-05:00","source":{"id":"0","name":"eventBus"}}
{"__type":"$$EventMessageNode","id":"d0370fbf-ed0b-48c5-bf5a-436ccc6c10ec","ts":"2025-12-06T18:43:29.445-05:00","eventName":"n8n.node.started","message":"n8n.node.started","payload":{"workflowId":"8y5ALZTU2BvkIrm4","workflowName":"General","executionId":"68","nodeType":"n8n-nodes-base.function","nodeName":"💡 Generate Travel Recommendations","nodeId":"300dd062-67fe-4694-b4db-81170145ca24"}}
{"__type":"$$EventMessageConfirm","confirm":"d0370fbf-ed0b-48c5-bf5a-436ccc6c10ec","ts":"2025-12-06T18:43:29.445-05:00","source":{"id":"0","name":"eventBus"}}
{"__type":"$$EventMessageNode","id":"6ffe4629-e44f-4ee3-8016-31112483caef","ts":"2025-12-06T18:43:29.452-05:00","eventName":"n8n.node.finished","message":"n8n.node.finished","payload":{"workflowId":"8y5ALZTU2BvkIrm4","workflowName":"General","executionId":"68","nodeType":"n8n-nodes-base.function","nodeName":"💡 Generate Travel Recommendations","nodeId":"300dd062-67fe-4694-b4db-81170145ca24"}}
{"__type":"$$EventMessageConfirm","confirm":"6ffe4629-e44f-4ee3-8016-31112483caef","ts":"2025-12-06T18:43:29.452-05:00","source":{"id":"0","name":"eventBus"}}
{"__type":"$$EventMessageNode","id":"f5788dce-fcf7-4ad8-9ee9-a781ae1c02ef","ts":"2025-12-06T18:43:29.453-05:00","eventName":"n8n.node.started","message":"n8n.node.started","payload":{"workflowId":"8y5ALZTU2BvkIrm4","workflowName":"General","executionId":"68","nodeType":"n8n-nodes-base.supabase","nodeName":"💾 Supabase Storage","nodeId":"5decf8b0-d187-4260-9cad-7841d180e7bb"}}
{"__type":"$$EventMessageConfirm","confirm":"f5788dce-fcf7-4ad8-9ee9-a781ae1c02ef","ts":"2025-12-06T18:43:29.453-05:00","source":{"id":"0","name":"eventBus"}}
{"__type":"$$EventMessageNode","id":"1b76858a-28c2-4d9f-8621-5065ec3b2d7b","ts":"2025-12-06T18:43:29.823-05:00","eventName":"n8n.node.finished","message":"n8n.node.finished","payload":{"workflowId":"8y5ALZTU2BvkIrm4","workflowName":"General","executionId":"70","nodeType":"n8n-nodes-base.httpRequest","nodeName":"✈️ Skyscanner Flights","nodeId":"6d1d14dd-30a6-4993-a0b8-2e926b5e6f7d"}}
{"__type":"$$EventMessageConfirm","confirm":"1b76858a-28c2-4d9f-8621-5065ec3b2d7b","ts":"2025-12-06T18:43:29.823-05:00","source":{"id":"0","name":"eventBus"}}
{"__type":"$$EventMessageNode","id":"880ca9c3-fcb1-4346-a56f-4c4f5d3a42e7","ts":"2025-12-06T18:43:29.823-05:00","eventName":"n8n.node.started","message":"n8n.node.started","payload":{"workflowId":"8y5ALZTU2BvkIrm4","workflowName":"General","executionId":"70","nodeType":"n8n-nodes-base.httpRequest","nodeName":"🗝️ Amadeus Auth Token","nodeId":"ddee2ef7-119f-4f23-8649-7285c81ad086"}}
{"__type":"$$EventMessageConfirm","confirm":"880ca9c3-fcb1-4346-a56f-4c4f5d3a42e7","ts":"2025-12-06T18:43:29.823-05:00","source":{"id":"0","name":"eventBus"}}
{"__type":"$$EventMessageNode","id":"ee0fe66b-c32b-46c4-9c4c-86588fd78451","ts":"2025-12-06T18:43:29.959-05:00","eventName":"n8n.node.finished","message":"n8n.node.finished","payload":{"workflowId":"8y5ALZTU2BvkIrm4","workflowName":"General","executionId":"68","nodeType":"n8n-nodes-base.supabase","nodeName":"💾 Supabase Storage","nodeId":"5decf8b0-d187-4260-9cad-7841d180e7bb"}}
{"__type":"$$EventMessageConfirm","confirm":"ee0fe66b-c32b-46c4-9c4c-86588fd78451","ts":"2025-12-06T18:43:29.959-05:00","source":{"id":"0","name":"eventBus"}}
{"__type":"$$EventMessageNode","id":"d135a1ef-c326-4c8e-8e44-1ac0e6d77d9d","ts":"2025-12-06T18:43:29.959-05:00","eventName":"n8n.node.started","message":"n8n.node.started","payload":{"workflowId":"8y5ALZTU2BvkIrm4","workflowName":"General","executionId":"68","nodeType":"n8n-nodes-base.code","nodeName":"Code in JavaScript1","nodeId":"fa6afa75-0195-4c00-9736-9fa0dfb030c1"}}
{"__type":"$$EventMessageConfirm","confirm":"d135a1ef-c326-4c8e-8e44-1ac0e6d77d9d","ts":"2025-12-06T18:43:29.959-05:00","source":{"id":"0","name":"eventBus"}}
{"__type":"$$EventMessageNode","id":"f044badf-65fa-4cd8-afcc-213b0584ac7d","ts":"2025-12-06T18:43:29.968-05:00","eventName":"n8n.node.finished","message":"n8n.node.finished","payload":{"workflowId":"8y5ALZTU2BvkIrm4","workflowName":"General","executionId":"68","nodeType":"n8n-nodes-base.code","nodeName":"Code in JavaScript1","nodeId":"fa6afa75-0195-4c00-9736-9fa0dfb030c1"}}
{"__type":"$$EventMessageConfirm","confirm":"f044badf-65fa-4cd8-afcc-213b0584ac7d","ts":"2025-12-06T18:43:29.968-05:00","source":{"id":"0","name":"eventBus"}}
{"__type":"$$EventMessageNode","id":"fd23207e-0b54-4e7a-9549-5618b8f70c7d","ts":"2025-12-06T18:43:29.969-05:00","eventName":"n8n.node.started","message":"n8n.node.started","payload":{"workflowId":"8y5ALZTU2BvkIrm4","workflowName":"General","executionId":"68","nodeType":"n8n-nodes-base.if","nodeName":"🎯 Check Great Deal","nodeId":"2d5f8692-815e-4325-a900-48f6502f5fc0"}}
{"__type":"$$EventMessageConfirm","confirm":"fd23207e-0b54-4e7a-9549-5618b8f70c7d","ts":"2025-12-06T18:43:29.969-05:00","source":{"id":"0","name":"eventBus"}}
{"__type":"$$EventMessageNode","id":"1fac6a16-20fc-4e5f-9090-23225b5f457c","ts":"2025-12-06T18:43:29.969-05:00","eventName":"n8n.node.finished","message":"n8n.node.finished","payload":{"workflowId":"8y5ALZTU2BvkIrm4","workflowName":"General","executionId":"68","nodeType":"n8n-nodes-base.if","nodeName":"🎯 Check Great Deal","nodeId":"2d5f8692-815e-4325-a900-48f6502f5fc0"}}
{"__type":"$$EventMessageConfirm","confirm":"1fac6a16-20fc-4e5f-9090-23225b5f457c","ts":"2025-12-06T18:43:29.969-05:00","source":{"id":"0","name":"eventBus"}}
{"__type":"$$EventMessageNode","id":"1f3f2658-bd55-411f-84f5-cb55735cca4c","ts":"2025-12-06T18:43:29.970-05:00","eventName":"n8n.node.started","message":"n8n.node.started","payload":{"workflowId":"8y5ALZTU2BvkIrm4","workflowName":"General","executionId":"68","nodeType":"n8n-nodes-base.respondToWebhook","nodeName":"Respond to Webhook1","nodeId":"21d30c3a-21ce-476e-a3c4-2813894cc904"}}
{"__type":"$$EventMessageConfirm","confirm":"1f3f2658-bd55-411f-84f5-cb55735cca4c","ts":"2025-12-06T18:43:29.970-05:00","source":{"id":"0","name":"eventBus"}}
{"__type":"$$EventMessageNode","id":"32e75407-3504-4630-a472-4a581884355e","ts":"2025-12-06T18:43:29.971-05:00","eventName":"n8n.node.finished","message":"n8n.node.finished","payload":{"workflowId":"8y5ALZTU2BvkIrm4","workflowName":"General","executionId":"68","nodeType":"n8n-nodes-base.respondToWebhook","nodeName":"Respond to Webhook1","nodeId":"21d30c3a-21ce-476e-a3c4-2813894cc904"}}
{"__type":"$$EventMessageConfirm","confirm":"32e75407-3504-4630-a472-4a581884355e","ts":"2025-12-06T18:43:29.972-05:00","source":{"id":"0","name":"eventBus"}}
{"__type":"$$EventMessageWorkflow","id":"f2c0b005-74d2-4520-966d-61a6acc22e1a","ts":"2025-12-06T18:43:29.972-05:00","eventName":"n8n.workflow.success","message":"n8n.workflow.success","payload":{"executionId":"68","success":true,"isManual":false,"workflowId":"8y5ALZTU2BvkIrm4","workflowName":"General"}}
{"__type":"$$EventMessageConfirm","confirm":"f2c0b005-74d2-4520-966d-61a6acc22e1a","ts":"2025-12-06T18:43:29.972-05:00","source":{"id":"0","name":"eventBus"}}
{"__type":"$$EventMessageNode","id":"0f814abf-9229-4dda-b078-80c65849e40c","ts":"2025-12-06T18:43:30.354-05:00","eventName":"n8n.node.finished","message":"n8n.node.finished","payload":{"workflowId":"8y5ALZTU2BvkIrm4","workflowName":"General","executionId":"63","nodeType":"n8n-nodes-base.emailSend","nodeName":"Enviar Correo1","nodeId":"cae987c6-c9aa-4be8-abd1-aa4d4e16b230"}}
{"__type":"$$EventMessageConfirm","confirm":"0f814abf-9229-4dda-b078-80c65849e40c","ts":"2025-12-06T18:43:30.354-05:00","source":{"id":"0","name":"eventBus"}}
{"__type":"$$EventMessageNode","id":"f95be268-4083-4d05-82ac-d7993d848459","ts":"2025-12-06T18:43:30.354-05:00","eventName":"n8n.node.started","message":"n8n.node.started","payload":{"workflowId":"8y5ALZTU2BvkIrm4","workflowName":"General","executionId":"63","nodeType":"n8n-nodes-base.respondToWebhook","nodeName":"Respond to Webhook1","nodeId":"21d30c3a-21ce-476e-a3c4-2813894cc904"}}
{"__type":"$$EventMessageConfirm","confirm":"f95be268-4083-4d05-82ac-d7993d848459","ts":"2025-12-06T18:43:30.354-05:00","source":{"id":"0","name":"eventBus"}}
{"__type":"$$EventMessageNode","id":"3f4fb9d9-743a-49fc-96cd-41e3d78f312d","ts":"2025-12-06T18:43:30.356-05:00","eventName":"n8n.node.finished","message":"n8n.node.finished","payload":{"workflowId":"8y5ALZTU2BvkIrm4","workflowName":"General","executionId":"63","nodeType":"n8n-nodes-base.respondToWebhook","nodeName":"Respond to Webhook1","nodeId":"21d30c3a-21ce-476e-a3c4-2813894cc904"}}
{"__type":"$$EventMessageConfirm","confirm":"3f4fb9d9-743a-49fc-96cd-41e3d78f312d","ts":"2025-12-06T18:43:30.356-05:00","source":{"id":"0","name":"eventBus"}}
{"__type":"$$EventMessageWorkflow","id":"aafc7b5d-df07-4727-b6f5-0ae1308879bd","ts":"2025-12-06T18:43:30.356-05:00","eventName":"n8n.workflow.success","message":"n8n.workflow.success","payload":{"executionId":"63","success":true,"isManual":false,"workflowId":"8y5ALZTU2BvkIrm4","workflowName":"General"}}
{"__type":"$$EventMessageConfirm","confirm":"aafc7b5d-df07-4727-b6f5-0ae1308879bd","ts":"2025-12-06T18:43:30.356-05:00","source":{"id":"0","name":"eventBus"}}
{"__type":"$$EventMessageWorkflow","id":"e935f68b-cdff-48a1-81d8-991fad61a997","ts":"2025-12-06T18:43:30.575-05:00","eventName":"n8n.workflow.started","message":"n8n.workflow.started","payload":{"executionId":"71","workflowId":"8y5ALZTU2BvkIrm4","isManual":false,"workflowName":"General"}}
{"__type":"$$EventMessageConfirm","confirm":"e935f68b-cdff-48a1-81d8-991fad61a997","ts":"2025-12-06T18:43:30.575-05:00","source":{"id":"0","name":"eventBus"}}
{"__type":"$$EventMessageNode","id":"e7eba7b8-5c98-4876-832c-2af36a34eb9e","ts":"2025-12-06T18:43:30.575-05:00","eventName":"n8n.node.started","message":"n8n.node.started","payload":{"workflowId":"8y5ALZTU2BvkIrm4","workflowName":"General","executionId":"71","nodeType":"n8n-nodes-base.webhook","nodeName":"📱 Streamlit Webhook","nodeId":"ae8059ee-5c26-4af5-83ea-0b147821a989"}}
{"__type":"$$EventMessageConfirm","confirm":"e7eba7b8-5c98-4876-832c-2af36a34eb9e","ts":"2025-12-06T18:43:30.575-05:00","source":{"id":"0","name":"eventBus"}}
{"__type":"$$EventMessageNode","id":"9378a7f6-df38-4a4b-a782-4406b048f1fc","ts":"2025-12-06T18:43:30.576-05:00","eventName":"n8n.node.finished","message":"n8n.node.finished","payload":{"workflowId":"8y5ALZTU2BvkIrm4","workflowName":"General","executionId":"71","nodeType":"n8n-nodes-base.webhook","nodeName":"📱 Streamlit Webhook","nodeId":"ae8059ee-5c26-4af5-83ea-0b147821a989"}}
{"__type":"$$EventMessageConfirm","confirm":"9378a7f6-df38-4a4b-a782-4406b048f1fc","ts":"2025-12-06T18:43:30.576-05:00","source":{"id":"0","name":"eventBus"}}
{"__type":"$$EventMessageNode","id":"1a76a9d1-6a2d-4e8c-9a23-c9e0571b9133","ts":"2025-12-06T18:43:30.576-05:00","eventName":"n8n.node.started","message":"n8n.node.started","payload":{"workflowId":"8y5ALZTU2BvkIrm4","workflowName":"General","executionId":"71","nodeType":"n8n-nodes-base.function","nodeName":"Process Travel Data","nodeId":"02497c10-01cd-4448-8373-576a8cdff0cf"}}
{"__type":"$$EventMessageConfirm","confirm":"1a76a9d1-6a2d-4e8c-9a23-c9e0571b9133","ts":"2025-12-06T18:43:30.576-05:00","source":{"id":"0","name":"eventBus"}}
{"__type":"$$EventMessageNode","id":"12607df1-c966-4109-b8df-6c8409317b91","ts":"2025-12-06T18:43:30.582-05:00","eventName":"n8n.node.finished","message":"n8n.node.finished","payload":{"workflowId":"8y5ALZTU2BvkIrm4","workflowName":"General","executionId":"71","nodeType":"n8n-nodes-base.function","nodeName":"Process Travel Data","nodeId":"02497c10-01cd-4448-8373-576a8cdff0cf"}}
{"__type":"$$EventMessageConfirm","confirm":"12607df1-c966-4109-b8df-6c8409317b91","ts":"2025-12-06T18:43:30.582-05:00","source":{"id":"0","name":"eventBus"}}
{"__type":"$$EventMessageNode","id":"7a911caa-1733-4c55-bd94-63aee36b37ba","ts":"2025-12-06T18:43:30.583-05:00","eventName":"n8n.node.started","message":"n8n.node.started","payload":{"workflowId":"8y5ALZTU2BvkIrm4","workflowName":"General","executionId":"71","nodeType":"n8n-nodes-base.httpRequest","nodeName":"✈️ Skyscanner Flights","nodeId":"6d1d14dd-30a6-4993-a0b8-2e926b5e6f7d"}}
{"__type":"$$EventMessageConfirm","confirm":"7a911caa-1733-4c55-bd94-63aee36b37ba","ts":"2025-12-06T18:43:30.583-05:00","source":{"id":"0","name":"eventBus"}}
{"__type":"$$EventMessageNode","id":"7d3bd092-490f-4405-928d-98104deb69cf","ts":"2025-12-06T18:43:30.688-05:00","eventName":"n8n.node.finished","message":"n8n.node.finished","payload":{"workflowId":"8y5ALZTU2BvkIrm4","workflowName":"General","executionId":"69","nodeType":"n8n-nodes-base.httpRequest","nodeName":"🏨 Amadeus Hotels Search","nodeId":"335375c3-b2c4-488a-a187-5db699984bb5"}}
{"__type":"$$EventMessageConfirm","confirm":"7d3bd092-490f-4405-928d-98104deb69cf","ts":"2025-12-06T18:43:30.688-05:00","source":{"id":"0","name":"eventBus"}}
{"__type":"$$EventMessageNode","id":"d505808d-dc44-4b4c-9a12-d3aafcab5595","ts":"2025-12-06T18:43:30.688-05:00","eventName":"n8n.node.started","message":"n8n.node.started","payload":{"workflowId":"8y5ALZTU2BvkIrm4","workflowName":"General","executionId":"69","nodeType":"n8n-nodes-base.code","nodeName":"🧩 Parse Amadeus Hotels","nodeId":"47677723-da63-41ea-8c58-4cff95258258"}}
{"__type":"$$EventMessageConfirm","confirm":"d505808d-dc44-4b4c-9a12-d3aafcab5595","ts":"2025-12-06T18:43:30.688-05:00","source":{"id":"0","name":"eventBus"}}
{"__type":"$$EventMessageNode","id":"9d2c2508-dd13-4843-96cf-655a1b43f089","ts":"2025-12-06T18:43:30.711-05:00","eventName":"n8n.node.finished","message":"n8n.node.finished","payload":{"workflowId":"8y5ALZTU2BvkIrm4","workflowName":"General","executionId":"69","nodeType":"n8n-nodes-base.code","nodeName":"🧩 Parse Amadeus Hotels","nodeId":"47677723-da63-41ea-8c58-4cff95258258"}}
{"__type":"$$EventMessageConfirm","confirm":"9d2c2508-dd13-4843-96cf-655a1b43f089","ts":"2025-12-06T18:43:30.711-05:00","source":{"id":"0","name":"eventBus"}}
{"__type":"$$EventMessageNode","id":"c82a1b39-4df9-46b8-b2e6-a7cbfc23f4e6","ts":"2025-12-06T18:43:30.712-05:00","eventName":"n8n.node.started","message":"n8n.node.started","payload":{"workflowId":"8y5ALZTU2BvkIrm4","workflowName":"General","executionId":"69","nodeType":"n8n-nodes-base.code","nodeName":"Code in JavaScript","nodeId":"9ad265ae-5dcc-402a-9191-c6e7792d671f"}}
{"__type":"$$EventMessageConfirm","confirm":"c82a1b39-4df9-46b8-b2e6-a7cbfc23f4e6","ts":"2025-12-06T18:43:30.712-05:00","source":{"id":"0","name":"eventBus"}}
{"__type":"$$EventMessageNode","id":"4a835ff4-873a-43e1-bdfc-29dbaa4c5959","ts":"2025-12-06T18:43:30.719-05:00","eventName":"n8n.node.finished","message":"n8n.node.finished","payload":{"workflowId":"8y5ALZTU2BvkIrm4","workflowName":"General","executionId":"69","nodeType":"n8n-nodes-base.code","nodeName":"Code in JavaScript","nodeId":"9ad265ae-5dcc-402a-9191-c6e7792d671f"}}
{"__type":"$$EventMessageConfirm","confirm":"4a835ff4-873a-43e1-bdfc-29dbaa4c5959","ts":"2025-12-06T18:43:30.719-05:00","source":{"id":"0","name":"eventBus"}}
{"__type":"$$EventMessageNode","id":"7604b2b5-00fd-4060-93d6-2abc4bd43cf5","ts":"2025-12-06T18:43:30.719-05:00","eventName":"n8n.node.started","message":"n8n.node.started","payload":{"workflowId":"8y5ALZTU2BvkIrm4","workflowName":"General","executionId":"69","nodeType":"n8n-nodes-base.function","nodeName":"💡 Generate Travel Recommendations","nodeId":"300dd062-67fe-4694-b4db-81170145ca24"}}
{"__type":"$$EventMessageConfirm","confirm":"7604b2b5-00fd-4060-93d6-2abc4bd43cf5","ts":"2025-12-06T18:43:30.719-05:00","source":{"id":"0","name":"eventBus"}}
{"__type":"$$EventMessageNode","id":"75b20129-cef1-48b2-85bd-dc0a8a9b0a76","ts":"2025-12-06T18:43:30.726-05:00","eventName":"n8n.node.finished","message":"n8n.node.finished","payload":{"workflowId":"8y5ALZTU2BvkIrm4","workflowName":"General","executionId":"69","nodeType":"n8n-nodes-base.function","nodeName":"💡 Generate Travel Recommendations","nodeId":"300dd062-67fe-4694-b4db-81170145ca24"}}
{"__type":"$$EventMessageConfirm","confirm":"75b20129-cef1-48b2-85bd-dc0a8a9b0a76","ts":"2025-12-06T18:43:30.726-05:00","source":{"id":"0","name":"eventBus"}}
{"__type":"$$EventMessageNode","id":"6c244988-d1df-44ce-8716-67b9dac0ee5b","ts":"2025-12-06T18:43:30.726-05:00","eventName":"n8n.node.started","message":"n8n.node.started","payload":{"workflowId":"8y5ALZTU2BvkIrm4","workflowName":"General","executionId":"69","nodeType":"n8n-nodes-base.supabase","nodeName":"💾 Supabase Storage","nodeId":"5decf8b0-d187-4260-9cad-7841d180e7bb"}}
{"__type":"$$EventMessageConfirm","confirm":"6c244988-d1df-44ce-8716-67b9dac0ee5b","ts":"2025-12-06T18:43:30.726-05:00","source":{"id":"0","name":"eventBus"}}
{"__type":"$$EventMessageNode","id":"7a0efed3-95fe-49e1-84d8-4063e9b3522b","ts":"2025-12-06T18:43:30.739-05:00","eventName":"n8n.node.finished","message":"n8n.node.finished","payload":{"workflowId":"8y5ALZTU2BvkIrm4","workflowName":"General","executionId":"70","nodeType":"n8n-nodes-base.httpRequest","nodeName":"🗝️ Amadeus Auth Token","nodeId":"ddee2ef7-119f-4f23-8649-7285c81ad086"}}
{"__type":"$$EventMessageConfirm","confirm":"7a0efed3-95fe-49e1-84d8-4063e9b3522b","ts":"2025-12-06T18:43:30.740-05:00","source":{"id":"0","name":"eventBus"}}
{"__type":"$$EventMessageNode","id":"87aaf064-f314-4aa7-81bc-1d9d8e1314cd","ts":"2025-12-06T18:43:30.740-05:00","eventName":"n8n.node.started","message":"n8n.node.started","payload":{"workflowId":"8y5ALZTU2BvkIrm4","workflowName":"General","executionId":"70","nodeType":"n8n-nodes-base.httpRequest","nodeName":"🏨 Amadeus Hotels Search","nodeId":"335375c3-b2c4-488a-a187-5db699984bb5"}}
{"__type":"$$EventMessageConfirm","confirm":"87aaf064-f314-4aa7-81bc-1d9d8e1314cd","ts":"2025-12-06T18:43:30.740-05:00","source":{"id":"0","name":"eventBus"}}
{"__type":"$$EventMessageNode","id":"e464ae40-e37f-419b-bcff-fc0992c0354c","ts":"2025-12-06T18:43:31.234-05:00","eventName":"n8n.node.finished","message":"n8n.node.finished","payload":{"workflowId":"8y5ALZTU2BvkIrm4","workflowName":"General","executionId":"69","nodeType":"n8n-nodes-base.supabase","nodeName":"💾 Supabase Storage","nodeId":"5decf8b0-d187-4260-9cad-7841d180e7bb"}}
{"__type":"$$EventMessageConfirm","confirm":"e464ae40-e37f-419b-bcff-fc0992c0354c","ts":"2025-12-06T18:43:31.234-05:00","source":{"id":"0","name":"eventBus"}}
{"__type":"$$EventMessageNode","id":"3cc41f7e-8b50-406c-a1cb-5837bb7eebb3","ts":"2025-12-06T18:43:31.235-05:00","eventName":"n8n.node.started","message":"n8n.node.started","payload":{"workflowId":"8y5ALZTU2BvkIrm4","workflowName":"General","executionId":"69","nodeType":"n8n-nodes-base.code","nodeName":"Code in JavaScript1","nodeId":"fa6afa75-0195-4c00-9736-9fa0dfb030c1"}}
{"__type":"$$EventMessageConfirm","confirm":"3cc41f7e-8b50-406c-a1cb-5837bb7eebb3","ts":"2025-12-06T18:43:31.235-05:00","source":{"id":"0","name":"eventBus"}}
{"__type":"$$EventMessageNode","id":"fb9ef0db-7e96-48a5-84db-4d02eef6c13b","ts":"2025-12-06T18:43:31.239-05:00","eventName":"n8n.node.finished","message":"n8n.node.finished","payload":{"workflowId":"8y5ALZTU2BvkIrm4","workflowName":"General","executionId":"69","nodeType":"n8n-nodes-base.code","nodeName":"Code in JavaScript1","nodeId":"fa6afa75-0195-4c00-9736-9fa0dfb030c1"}}
{"__type":"$$EventMessageConfirm","confirm":"fb9ef0db-7e96-48a5-84db-4d02eef6c13b","ts":"2025-12-06T18:43:31.240-05:00","source":{"id":"0","name":"eventBus"}}
{"__type":"$$EventMessageNode","id":"9f8f873e-a532-40f0-9faf-76a61677ca1d","ts":"2025-12-06T18:43:31.240-05:00","eventName":"n8n.node.started","message":"n8n.node.started","payload":{"workflowId":"8y5ALZTU2BvkIrm4","workflowName":"General","executionId":"69","nodeType":"n8n-nodes-base.if","nodeName":"🎯 Check Great Deal","nodeId":"2d5f8692-815e-4325-a900-48f6502f5fc0"}}
{"__type":"$$EventMessageConfirm","confirm":"9f8f873e-a532-40f0-9faf-76a61677ca1d","ts":"2025-12-06T18:43:31.240-05:00","source":{"id":"0","name":"eventBus"}}
{"__type":"$$EventMessageNode","id":"d7d8a188-5165-4b30-981f-1acfd30c6818","ts":"2025-12-06T18:43:31.241-05:00","eventName":"n8n.node.finished","message":"n8n.node.finished","payload":{"workflowId":"8y5ALZTU2BvkIrm4","workflowName":"General","executionId":"69","nodeType":"n8n-nodes-base.if","nodeName":"🎯 Check Great Deal","nodeId":"2d5f8692-815e-4325-a900-48f6502f5fc0"}}
{"__type":"$$EventMessageConfirm","confirm":"d7d8a188-5165-4b30-981f-1acfd30c6818","ts":"2025-12-06T18:43:31.241-05:00","source":{"id":"0","name":"eventBus"}}
{"__type":"$$EventMessageNode","id":"7d468f45-192a-4ccb-b9ba-7aed295ce2eb","ts":"2025-12-06T18:43:31.241-05:00","eventName":"n8n.node.started","message":"n8n.node.started","payload":{"workflowId":"8y5ALZTU2BvkIrm4","workflowName":"General","executionId":"69","nodeType":"n8n-nodes-base.respondToWebhook","nodeName":"Respond to Webhook1","nodeId":"21d30c3a-21ce-476e-a3c4-2813894cc904"}}
{"__type":"$$EventMessageConfirm","confirm":"7d468f45-192a-4ccb-b9ba-7aed295ce2eb","ts":"2025-12-06T18:43:31.241-05:00","source":{"id":"0","name":"eventBus"}}
{"__type":"$$EventMessageNode","id":"4e3c27cd-37f7-40ac-9edc-c28f361df497","ts":"2025-12-06T18:43:31.242-05:00","eventName":"n8n.node.finished","message":"n8n.node.finished","payload":{"workflowId":"8y5ALZTU2BvkIrm4","workflowName":"General","executionId":"69","nodeType":"n8n-nodes-base.respondToWebhook","nodeName":"Respond to Webhook1","nodeId":"21d30c3a-21ce-476e-a3c4-2813894cc904"}}
{"__type":"$$EventMessageConfirm","confirm":"4e3c27cd-37f7-40ac-9edc-c28f361df497","ts":"2025-12-06T18:43:31.243-05:00","source":{"id":"0","name":"eventBus"}}
{"__type":"$$EventMessageWorkflow","id":"28d7c2f1-38b1-4f70-9cda-17ffa6bdbea6","ts":"2025-12-06T18:43:31.243-05:00","eventName":"n8n.workflow.success","message":"n8n.workflow.success","payload":{"executionId":"69","success":true,"isManual":false,"workflowId":"8y5ALZTU2BvkIrm4","workflowName":"General"}}
{"__type":"$$EventMessageConfirm","confirm":"28d7c2f1-38b1-4f70-9cda-17ffa6bdbea6","ts":"2025-12-06T18:43:31.243-05:00","source":{"id":"0","name":"eventBus"}}
{"__type":"$$EventMessageNode","id":"0f9ebafa-1322-4d4b-82c0-9dd063c6ebff","ts":"2025-12-06T18:43:31.630-05:00","eventName":"n8n.node.finished","message":"n8n.node.finished","payload":{"workflowId":"8y5ALZTU2BvkIrm4","workflowName":"General","executionId":"71","nodeType":"n8n-nodes-base.httpRequest","nodeName":"✈️ Skyscanner Flights","nodeId":"6d1d14dd-30a6-4993-a0b8-2e926b5e6f7d"}}
{"__type":"$$EventMessageConfirm","confirm":"0f9ebafa-1322-4d4b-82c0-9dd063c6ebff","ts":"2025-12-06T18:43:31.631-05:00","source":{"id":"0","name":"eventBus"}}
{"__type":"$$EventMessageNode","id":"74b8bc99-7027-4489-a24f-9120722761b3","ts":"2025-12-06T18:43:31.631-05:00","eventName":"n8n.node.started","message":"n8n.node.started","payload":{"workflowId":"8y5ALZTU2BvkIrm4","workflowName":"General","executionId":"71","nodeType":"n8n-nodes-base.httpRequest","nodeName":"🗝️ Amadeus Auth Token","nodeId":"ddee2ef7-119f-4f23-8649-7285c81ad086"}}
{"__type":"$$EventMessageConfirm","confirm":"74b8bc99-7027-4489-a24f-9120722761b3","ts":"2025-12-06T18:43:31.631-05:00","source":{"id":"0","name":"eventBus"}}
{"__type":"$$EventMessageNode","id":"82914790-d17a-425f-a897-9139e50c46f1","ts":"2025-12-06T18:43:32.304-05:00","eventName":"n8n.node.finished","message":"n8n.node.finished","payload":{"workflowId":"8y5ALZTU2BvkIrm4","workflowName":"General","executionId":"70","nodeType":"n8n-nodes-base.httpRequest","nodeName":"🏨 Amadeus Hotels Search","nodeId":"335375c3-b2c4-488a-a187-5db699984bb5"}}
{"__type":"$$EventMessageConfirm","confirm":"82914790-d17a-425f-a897-9139e50c46f1","ts":"2025-12-06T18:43:32.304-05:00","source":{"id":"0","name":"eventBus"}}
{"__type":"$$EventMessageNode","id":"41a9506d-eb07-46d1-b657-f2d6e3cf5dd1","ts":"2025-12-06T18:43:32.304-05:00","eventName":"n8n.node.started","message":"n8n.node.started","payload":{"workflowId":"8y5ALZTU2BvkIrm4","workflowName":"General","executionId":"70","nodeType":"n8n-nodes-base.code","nodeName":"🧩 Parse Amadeus Hotels","nodeId":"47677723-da63-41ea-8c58-4cff95258258"}}
{"__type":"$$EventMessageConfirm","confirm":"41a9506d-eb07-46d1-b657-f2d6e3cf5dd1","ts":"2025-12-06T18:43:32.304-05:00","source":{"id":"0","name":"eventBus"}}
{"__type":"$$EventMessageNode","id":"89881789-6440-47f6-b627-28a21520458f","ts":"2025-12-06T18:43:32.340-05:00","eventName":"n8n.node.finished","message":"n8n.node.finished","payload":{"workflowId":"8y5ALZTU2BvkIrm4","workflowName":"General","executionId":"70","nodeType":"n8n-nodes-base.code","nodeName":"🧩 Parse Amadeus Hotels","nodeId":"47677723-da63-41ea-8c58-4cff95258258"}}
{"__type":"$$EventMessageConfirm","confirm":"89881789-6440-47f6-b627-28a21520458f","ts":"2025-12-06T18:43:32.340-05:00","source":{"id":"0","name":"eventBus"}}
{"__type":"$$EventMessageNode","id":"dffa3c0b-bfea-4728-a794-ccf8177edfea","ts":"2025-12-06T18:43:32.341-05:00","eventName":"n8n.node.started","message":"n8n.node.started","payload":{"workflowId":"8y5ALZTU2BvkIrm4","workflowName":"General","executionId":"70","nodeType":"n8n-nodes-base.code","nodeName":"Code in JavaScript","nodeId":"9ad265ae-5dcc-402a-9191-c6e7792d671f"}}
{"__type":"$$EventMessageConfirm","confirm":"dffa3c0b-bfea-4728-a794-ccf8177edfea","ts":"2025-12-06T18:43:32.341-05:00","source":{"id":"0","name":"eventBus"}}
{"__type":"$$EventMessageNode","id":"5857731e-30e0-436f-b9ee-ef005601a2f4","ts":"2025-12-06T18:43:32.348-05:00","eventName":"n8n.node.finished","message":"n8n.node.finished","payload":{"workflowId":"8y5ALZTU2BvkIrm4","workflowName":"General","executionId":"70","nodeType":"n8n-nodes-base.code","nodeName":"Code in JavaScript","nodeId":"9ad265ae-5dcc-402a-9191-c6e7792d671f"}}
{"__type":"$$EventMessageConfirm","confirm":"5857731e-30e0-436f-b9ee-ef005601a2f4","ts":"2025-12-06T18:43:32.348-05:00","source":{"id":"0","name":"eventBus"}}
{"__type":"$$EventMessageNode","id":"4d2315a3-5705-4d48-aa4a-842a879cd7c3","ts":"2025-12-06T18:43:32.348-05:00","eventName":"n8n.node.started","message":"n8n.node.started","payload":{"workflowId":"8y5ALZTU2BvkIrm4","workflowName":"General","executionId":"70","nodeType":"n8n-nodes-base.function","nodeName":"💡 Generate Travel Recommendations","nodeId":"300dd062-67fe-4694-b4db-81170145ca24"}}
{"__type":"$$EventMessageConfirm","confirm":"4d2315a3-5705-4d48-aa4a-842a879cd7c3","ts":"2025-12-06T18:43:32.348-05:00","source":{"id":"0","name":"eventBus"}}
{"__type":"$$EventMessageNode","id":"66f9cacd-4b24-4aee-bb50-01f7ae5831f4","ts":"2025-12-06T18:43:32.356-05:00","eventName":"n8n.node.finished","message":"n8n.node.finished","payload":{"workflowId":"8y5ALZTU2BvkIrm4","workflowName":"General","executionId":"70","nodeType":"n8n-nodes-base.function","nodeName":"💡 Generate Travel Recommendations","nodeId":"300dd062-67fe-4694-b4db-81170145ca24"}}
{"__type":"$$EventMessageConfirm","confirm":"66f9cacd-4b24-4aee-bb50-01f7ae5831f4","ts":"2025-12-06T18:43:32.356-05:00","source":{"id":"0","name":"eventBus"}}
{"__type":"$$EventMessageNode","id":"1aadbd6f-9334-4f59-b130-79faf6464984","ts":"2025-12-06T18:43:32.356-05:00","eventName":"n8n.node.started","message":"n8n.node.started","payload":{"workflowId":"8y5ALZTU2BvkIrm4","workflowName":"General","executionId":"70","nodeType":"n8n-nodes-base.supabase","nodeName":"💾 Supabase Storage","nodeId":"5decf8b0-d187-4260-9cad-7841d180e7bb"}}
{"__type":"$$EventMessageConfirm","confirm":"1aadbd6f-9334-4f59-b130-79faf6464984","ts":"2025-12-06T18:43:32.356-05:00","source":{"id":"0","name":"eventBus"}}
{"__type":"$$EventMessageNode","id":"66f06f74-4001-4000-b1b9-fadf1b0471ae","ts":"2025-12-06T18:43:32.598-05:00","eventName":"n8n.node.finished","message":"n8n.node.finished","payload":{"workflowId":"8y5ALZTU2BvkIrm4","workflowName":"General","executionId":"71","nodeType":"n8n-nodes-base.httpRequest","nodeName":"🗝️ Amadeus Auth Token","nodeId":"ddee2ef7-119f-4f23-8649-7285c81ad086"}}
{"__type":"$$EventMessageConfirm","confirm":"66f06f74-4001-4000-b1b9-fadf1b0471ae","ts":"2025-12-06T18:43:32.598-05:00","source":{"id":"0","name":"eventBus"}}
{"__type":"$$EventMessageNode","id":"4526cfca-9376-4da1-a2c6-e16a0969b35a","ts":"2025-12-06T18:43:32.599-05:00","eventName":"n8n.node.started","message":"n8n.node.started","payload":{"workflowId":"8y5ALZTU2BvkIrm4","workflowName":"General","executionId":"71","nodeType":"n8n-nodes-base.httpRequest","nodeName":"🏨 Amadeus Hotels Search","nodeId":"335375c3-b2c4-488a-a187-5db699984bb5"}}
{"__type":"$$EventMessageConfirm","confirm":"4526cfca-9376-4da1-a2c6-e16a0969b35a","ts":"2025-12-06T18:43:32.599-05:00","source":{"id":"0","name":"eventBus"}}
{"__type":"$$EventMessageNode","id":"76b243aa-0ed8-4971-9bdc-e1ae4433932a","ts":"2025-12-06T18:43:32.802-05:00","eventName":"n8n.node.finished","message":"n8n.node.finished","payload":{"workflowId":"8y5ALZTU2BvkIrm4","workflowName":"General","executionId":"70","nodeType":"n8n-nodes-base.supabase","nodeName":"💾 Supabase Storage","nodeId":"5decf8b0-d187-4260-9cad-7841d180e7bb"}}
{"__type":"$$EventMessageConfirm","confirm":"76b243aa-0ed8-4971-9bdc-e1ae4433932a","ts":"2025-12-06T18:43:32.802-05:00","source":{"id":"0","name":"eventBus"}}
{"__type":"$$EventMessageNode","id":"7e4bf21b-6539-4853-998c-5375d82db967","ts":"2025-12-06T18:43:32.802-05:00","eventName":"n8n.node.started","message":"n8n.node.started","payload":{"workflowId":"8y5ALZTU2BvkIrm4","workflowName":"General","executionId":"70","nodeType":"n8n-nodes-base.code","nodeName":"Code in JavaScript1","nodeId":"fa6afa75-0195-4c00-9736-9fa0dfb030c1"}}
{"__type":"$$EventMessageConfirm","confirm":"7e4bf21b-6539-4853-998c-5375d82db967","ts":"2025-12-06T18:43:32.802-05:00","source":{"id":"0","name":"eventBus"}}
{"__type":"$$EventMessageNode","id":"51879f88-aaa4-4f8c-bca0-ae6161df5f3f","ts":"2025-12-06T18:43:32.807-05:00","eventName":"n8n.node.finished","message":"n8n.node.finished","payload":{"workflowId":"8y5ALZTU2BvkIrm4","workflowName":"General","executionId":"70","nodeType":"n8n-nodes-base.code","nodeName":"Code in JavaScript1","nodeId":"fa6afa75-0195-4c00-9736-9fa0dfb030c1"}}
{"__type":"$$EventMessageConfirm","confirm":"51879f88-aaa4-4f8c-bca0-ae6161df5f3f","ts":"2025-12-06T18:43:32.807-05:00","source":{"id":"0","name":"eventBus"}}
{"__type":"$$EventMessageNode","id":"b37cbcc2-4afc-4b68-a085-3a8a5aa6493e","ts":"2025-12-06T18:43:32.807-05:00","eventName":"n8n.node.started","message":"n8n.node.started","payload":{"workflowId":"8y5ALZTU2BvkIrm4","workflowName":"General","executionId":"70","nodeType":"n8n-nodes-base.if","nodeName":"🎯 Check Great Deal","nodeId":"2d5f8692-815e-4325-a900-48f6502f5fc0"}}
{"__type":"$$EventMessageConfirm","confirm":"b37cbcc2-4afc-4b68-a085-3a8a5aa6493e","ts":"2025-12-06T18:43:32.807-05:00","source":{"id":"0","name":"eventBus"}}
{"__type":"$$EventMessageNode","id":"f3352468-5aea-418b-9742-5a8c4e674e69","ts":"2025-12-06T18:43:32.808-05:00","eventName":"n8n.node.finished","message":"n8n.node.finished","payload":{"workflowId":"8y5ALZTU2BvkIrm4","workflowName":"General","executionId":"70","nodeType":"n8n-nodes-base.if","nodeName":"🎯 Check Great Deal","nodeId":"2d5f8692-815e-4325-a900-48f6502f5fc0"}}
{"__type":"$$EventMessageConfirm","confirm":"f3352468-5aea-418b-9742-5a8c4e674e69","ts":"2025-12-06T18:43:32.808-05:00","source":{"id":"0","name":"eventBus"}}
{"__type":"$$EventMessageNode","id":"42820a27-999e-42d8-865f-e14b4a935a79","ts":"2025-12-06T18:43:32.808-05:00","eventName":"n8n.node.started","message":"n8n.node.started","payload":{"workflowId":"8y5ALZTU2BvkIrm4","workflowName":"General","executionId":"70","nodeType":"n8n-nodes-base.emailSend","nodeName":"Enviar Correo1","nodeId":"cae987c6-c9aa-4be8-abd1-aa4d4e16b230"}}
{"__type":"$$EventMessageConfirm","confirm":"42820a27-999e-42d8-865f-e14b4a935a79","ts":"2025-12-06T18:43:32.808-05:00","source":{"id":"0","name":"eventBus"}}
{"__type":"$$EventMessageNode","id":"7294a31e-60ac-4068-8c96-1ec45c3a2437","ts":"2025-12-06T18:43:34.118-05:00","eventName":"n8n.node.finished","message":"n8n.node.finished","payload":{"workflowId":"8y5ALZTU2BvkIrm4","workflowName":"General","executionId":"71","nodeType":"n8n-nodes-base.httpRequest","nodeName":"🏨 Amadeus Hotels Search","nodeId":"335375c3-b2c4-488a-a187-5db699984bb5"}}
{"__type":"$$EventMessageConfirm","confirm":"7294a31e-60ac-4068-8c96-1ec45c3a2437","ts":"2025-12-06T18:43:34.118-05:00","source":{"id":"0","name":"eventBus"}}
{"__type":"$$EventMessageNode","id":"b70408bc-f88c-4fe2-ad16-0a70b8bc0a1d","ts":"2025-12-06T18:43:34.119-05:00","eventName":"n8n.node.started","message":"n8n.node.started","payload":{"workflowId":"8y5ALZTU2BvkIrm4","workflowName":"General","executionId":"71","nodeType":"n8n-nodes-base.code","nodeName":"🧩 Parse Amadeus Hotels","nodeId":"47677723-da63-41ea-8c58-4cff95258258"}}
{"__type":"$$EventMessageConfirm","confirm":"b70408bc-f88c-4fe2-ad16-0a70b8bc0a1d","ts":"2025-12-06T18:43:34.119-05:00","source":{"id":"0","name":"eventBus"}}
{"__type":"$$EventMessageNode","id":"de917680-c840-472a-af38-80e25bf77870","ts":"2025-12-06T18:43:34.142-05:00","eventName":"n8n.node.finished","message":"n8n.node.finished","payload":{"workflowId":"8y5ALZTU2BvkIrm4","workflowName":"General","executionId":"71","nodeType":"n8n-nodes-base.code","nodeName":"🧩 Parse Amadeus Hotels","nodeId":"47677723-da63-41ea-8c58-4cff95258258"}}
{"__type":"$$EventMessageConfirm","confirm":"de917680-c840-472a-af38-80e25bf77870","ts":"2025-12-06T18:43:34.142-05:00","source":{"id":"0","name":"eventBus"}}
{"__type":"$$EventMessageNode","id":"966d6224-b8ff-4948-aaa9-364fcee12854","ts":"2025-12-06T18:43:34.144-05:00","eventName":"n8n.node.started","message":"n8n.node.started","payload":{"workflowId":"8y5ALZTU2BvkIrm4","workflowName":"General","executionId":"71","nodeType":"n8n-nodes-base.code","nodeName":"Code in JavaScript","nodeId":"9ad265ae-5dcc-402a-9191-c6e7792d671f"}}
{"__type":"$$EventMessageConfirm","confirm":"966d6224-b8ff-4948-aaa9-364fcee12854","ts":"2025-12-06T18:43:34.144-05:00","source":{"id":"0","name":"eventBus"}}
{"__type":"$$EventMessageNode","id":"840da428-93cc-4864-a666-a98d8e716f56","ts":"2025-12-06T18:43:34.149-05:00","eventName":"n8n.node.finished","message":"n8n.node.finished","payload":{"workflowId":"8y5ALZTU2BvkIrm4","workflowName":"General","executionId":"71","nodeType":"n8n-nodes-base.code","nodeName":"Code in JavaScript","nodeId":"9ad265ae-5dcc-402a-9191-c6e7792d671f"}}
{"__type":"$$EventMessageConfirm","confirm":"840da428-93cc-4864-a666-a98d8e716f56","ts":"2025-12-06T18:43:34.149-05:00","source":{"id":"0","name":"eventBus"}}
{"__type":"$$EventMessageNode","id":"b484fd3f-650f-4a8f-892e-0a571548245d","ts":"2025-12-06T18:43:34.150-05:00","eventName":"n8n.node.started","message":"n8n.node.started","payload":{"workflowId":"8y5ALZTU2BvkIrm4","workflowName":"General","executionId":"71","nodeType":"n8n-nodes-base.function","nodeName":"💡 Generate Travel Recommendations","nodeId":"300dd062-67fe-4694-b4db-81170145ca24"}}
{"__type":"$$EventMessageConfirm","confirm":"b484fd3f-650f-4a8f-892e-0a571548245d","ts":"2025-12-06T18:43:34.150-05:00","source":{"id":"0","name":"eventBus"}}
{"__type":"$$EventMessageNode","id":"c4f8b971-76a6-4850-b214-249fcedde419","ts":"2025-12-06T18:43:34.159-05:00","eventName":"n8n.node.finished","message":"n8n.node.finished","payload":{"workflowId":"8y5ALZTU2BvkIrm4","workflowName":"General","executionId":"71","nodeType":"n8n-nodes-base.function","nodeName":"💡 Generate Travel Recommendations","nodeId":"300dd062-67fe-4694-b4db-81170145ca24"}}
{"__type":"$$EventMessageConfirm","confirm":"c4f8b971-76a6-4850-b214-249fcedde419","ts":"2025-12-06T18:43:34.159-05:00","source":{"id":"0","name":"eventBus"}}
{"__type":"$$EventMessageNode","id":"6c4cb5dc-8685-4e35-bf4d-e98e1f984380","ts":"2025-12-06T18:43:34.159-05:00","eventName":"n8n.node.started","message":"n8n.node.started","payload":{"workflowId":"8y5ALZTU2BvkIrm4","workflowName":"General","executionId":"71","nodeType":"n8n-nodes-base.supabase","nodeName":"💾 Supabase Storage","nodeId":"5decf8b0-d187-4260-9cad-7841d180e7bb"}}
{"__type":"$$EventMessageConfirm","confirm":"6c4cb5dc-8685-4e35-bf4d-e98e1f984380","ts":"2025-12-06T18:43:34.159-05:00","source":{"id":"0","name":"eventBus"}}
{"__type":"$$EventMessageNode","id":"8d9ad0c4-42f0-405d-80a8-40299ca49e17","ts":"2025-12-06T18:43:34.652-05:00","eventName":"n8n.node.finished","message":"n8n.node.finished","payload":{"workflowId":"8y5ALZTU2BvkIrm4","workflowName":"General","executionId":"71","nodeType":"n8n-nodes-base.supabase","nodeName":"💾 Supabase Storage","nodeId":"5decf8b0-d187-4260-9cad-7841d180e7bb"}}
{"__type":"$$EventMessageConfirm","confirm":"8d9ad0c4-42f0-405d-80a8-40299ca49e17","ts":"2025-12-06T18:43:34.653-05:00","source":{"id":"0","name":"eventBus"}}
{"__type":"$$EventMessageNode","id":"104a5689-063d-4be3-a077-8909b07d1b7e","ts":"2025-12-06T18:43:34.653-05:00","eventName":"n8n.node.started","message":"n8n.node.started","payload":{"workflowId":"8y5ALZTU2BvkIrm4","workflowName":"General","executionId":"71","nodeType":"n8n-nodes-base.code","nodeName":"Code in JavaScript1","nodeId":"fa6afa75-0195-4c00-9736-9fa0dfb030c1"}}
{"__type":"$$EventMessageConfirm","confirm":"104a5689-063d-4be3-a077-8909b07d1b7e","ts":"2025-12-06T18:43:34.653-05:00","source":{"id":"0","name":"eventBus"}}
{"__type":"$$EventMessageNode","id":"8b7e4ae0-7992-4c7e-95e8-6978ee156deb","ts":"2025-12-06T18:43:34.657-05:00","eventName":"n8n.node.finished","message":"n8n.node.finished","payload":{"workflowId":"8y5ALZTU2BvkIrm4","workflowName":"General","executionId":"71","nodeType":"n8n-nodes-base.code","nodeName":"Code in JavaScript1","nodeId":"fa6afa75-0195-4c00-9736-9fa0dfb030c1"}}
{"__type":"$$EventMessageConfirm","confirm":"8b7e4ae0-7992-4c7e-95e8-6978ee156deb","ts":"2025-12-06T18:43:34.657-05:00","source":{"id":"0","name":"eventBus"}}
{"__type":"$$EventMessageNode","id":"96b9fc92-eadf-43aa-acc5-9884d27c38a0","ts":"2025-12-06T18:43:34.657-05:00","eventName":"n8n.node.started","message":"n8n.node.started","payload":{"workflowId":"8y5ALZTU2BvkIrm4","workflowName":"General","executionId":"71","nodeType":"n8n-nodes-base.if","nodeName":"🎯 Check Great Deal","nodeId":"2d5f8692-815e-4325-a900-48f6502f5fc0"}}
{"__type":"$$EventMessageConfirm","confirm":"96b9fc92-eadf-43aa-acc5-9884d27c38a0","ts":"2025-12-06T18:43:34.657-05:00","source":{"id":"0","name":"eventBus"}}
{"__type":"$$EventMessageNode","id":"929f1e17-6892-4734-9a9e-a06f7953962f","ts":"2025-12-06T18:43:34.658-05:00","eventName":"n8n.node.finished","message":"n8n.node.finished","payload":{"workflowId":"8y5ALZTU2BvkIrm4","workflowName":"General","executionId":"71","nodeType":"n8n-nodes-base.if","nodeName":"🎯 Check Great Deal","nodeId":"2d5f8692-815e-4325-a900-48f6502f5fc0"}}
{"__type":"$$EventMessageConfirm","confirm":"929f1e17-6892-4734-9a9e-a06f7953962f","ts":"2025-12-06T18:43:34.658-05:00","source":{"id":"0","name":"eventBus"}}
{"__type":"$$EventMessageNode","id":"33141276-2a3b-4705-ad3c-3a496d2e9822","ts":"2025-12-06T18:43:34.659-05:00","eventName":"n8n.node.started","message":"n8n.node.started","payload":{"workflowId":"8y5ALZTU2BvkIrm4","workflowName":"General","executionId":"71","nodeType":"n8n-nodes-base.respondToWebhook","nodeName":"Respond to Webhook1","nodeId":"21d30c3a-21ce-476e-a3c4-2813894cc904"}}
{"__type":"$$EventMessageConfirm","confirm":"33141276-2a3b-4705-ad3c-3a496d2e9822","ts":"2025-12-06T18:43:34.659-05:00","source":{"id":"0","name":"eventBus"}}
{"__type":"$$EventMessageNode","id":"c97756bd-d5e1-4f60-91c1-0560e7700516","ts":"2025-12-06T18:43:34.660-05:00","eventName":"n8n.node.finished","message":"n8n.node.finished","payload":{"workflowId":"8y5ALZTU2BvkIrm4","workflowName":"General","executionId":"71","nodeType":"n8n-nodes-base.respondToWebhook","nodeName":"Respond to Webhook1","nodeId":"21d30c3a-21ce-476e-a3c4-2813894cc904"}}
{"__type":"$$EventMessageConfirm","confirm":"c97756bd-d5e1-4f60-91c1-0560e7700516","ts":"2025-12-06T18:43:34.660-05:00","source":{"id":"0","name":"eventBus"}}
{"__type":"$$EventMessageWorkflow","id":"e0995ee3-cc52-4a1b-9604-e89b6cc4add3","ts":"2025-12-06T18:43:34.661-05:00","eventName":"n8n.workflow.success","message":"n8n.workflow.success","payload":{"executionId":"71","success":true,"isManual":false,"workflowId":"8y5ALZTU2BvkIrm4","workflowName":"General"}}
{"__type":"$$EventMessageConfirm","confirm":"e0995ee3-cc52-4a1b-9604-e89b6cc4add3","ts":"2025-12-06T18:43:34.661-05:00","source":{"id":"0","name":"eventBus"}}
{"__type":"$$EventMessageNode","id":"592b3ade-6231-4613-bf10-cb214cb54c06","ts":"2025-12-06T18:43:34.723-05:00","eventName":"n8n.node.finished","message":"n8n.node.finished","payload":{"workflowId":"8y5ALZTU2BvkIrm4","workflowName":"General","executionId":"70","nodeType":"n8n-nodes-base.emailSend","nodeName":"Enviar Correo1","nodeId":"cae987c6-c9aa-4be8-abd1-aa4d4e16b230"}}
{"__type":"$$EventMessageConfirm","confirm":"592b3ade-6231-4613-bf10-cb214cb54c06","ts":"2025-12-06T18:43:34.723-05:00","source":{"id":"0","name":"eventBus"}}
{"__type":"$$EventMessageNode","id":"486007a9-f943-4042-83a3-1b41a1b828e4","ts":"2025-12-06T18:43:34.723-05:00","eventName":"n8n.node.started","message":"n8n.node.started","payload":{"workflowId":"8y5ALZTU2BvkIrm4","workflowName":"General","executionId":"70","nodeType":"n8n-nodes-base.respondToWebhook","nodeName":"Respond to Webhook1","nodeId":"21d30c3a-21ce-476e-a3c4-2813894cc904"}}
{"__type":"$$EventMessageConfirm","confirm":"486007a9-f943-4042-83a3-1b41a1b828e4","ts":"2025-12-06T18:43:34.723-05:00","source":{"id":"0","name":"eventBus"}}
{"__type":"$$EventMessageNode","id":"5ea323a1-5a6c-400e-99f9-9fcee0627313","ts":"2025-12-06T18:43:34.725-05:00","eventName":"n8n.node.finished","message":"n8n.node.finished","payload":{"workflowId":"8y5ALZTU2BvkIrm4","workflowName":"General","executionId":"70","nodeType":"n8n-nodes-base.respondToWebhook","nodeName":"Respond to Webhook1","nodeId":"21d30c3a-21ce-476e-a3c4-2813894cc904"}}
{"__type":"$$EventMessageConfirm","confirm":"5ea323a1-5a6c-400e-99f9-9fcee0627313","ts":"2025-12-06T18:43:34.726-05:00","source":{"id":"0","name":"eventBus"}}
{"__type":"$$EventMessageWorkflow","id":"3a169edf-e7d5-43d6-a67b-157c6aef9e0d","ts":"2025-12-06T18:43:34.726-05:00","eventName":"n8n.workflow.success","message":"n8n.workflow.success","payload":{"executionId":"70","success":true,"isManual":false,"workflowId":"8y5ALZTU2BvkIrm4","workflowName":"General"}}
{"__type":"$$EventMessageConfirm","confirm":"3a169edf-e7d5-43d6-a67b-157c6aef9e0d","ts":"2025-12-06T18:43:34.726-05:00","source":{"id":"0","name":"eventBus"}}
